"items_bought_in_past_month","product_link","product_images","sponsored_flag","product_description","product_rating_out_of_5","number_of_rating","current_price","previous_price","a-price","time_delivery","free_delivery_flag","a-text-bold","fast_delivery"
"Check each product page for other buying options.","","","","","","","","","","","","",""
"100+ bought in past month","https://www.amazon.com/sspa/click?ie=UTF8&spc=MTo1NjQwOTQ5MTk1NDM5OTI1OjE3NzU0MzM3MjM6c3BfYXRmOjMwMTIwMTc0NDM5NDIwMjo6MDo6&url=%2FMOUGOL-R7-350-Graphics-2H%2Fdp%2FB0FP4VDBVW%2Fref%3Dsr_1_1_sspa%3Fcrid%3D346W5D56T0W20%26dib%3DeyJ2IjoiMSJ9.YIn3DH0tMNF6b4E7VU8QdUe1k9UNkbiYZtyzgV5xXv1XcQFstOX98cZ9w2GtvDqCXssLbUfuD1OsP3Gnnmh27iFel8SwWibhm4NzgSs795eaf5BlMdDexSbuDiUW-uYZxyo0Z27lrb_eSSNOraDJKsKPt87nJECN83mHjiZnTVYiCcfDj3jFj4BIUcFNQWPPHWkVJiAEPDSYkvPGhQZU8NuADUbRRJP5n3zToWgAwcA.g3PpQwu3yZH2aMut0VNO8MXWYGsqUY6IGBqfabnmCog%26dib_tag%3Dse%26keywords%3Dgpu%26qid%3D1775433723%26sprefix%3Dgp%252Caps%252C387%26sr%3D8-1-spons%26sp_csd%3Dd2lkZ2V0TmFtZT1zcF9hdGY%26psc%3D1","https://m.media-amazon.com/images/I/71yO8AunnpL._AC_UY218_.jpg","Sponsored","MOUGOL AMD Radeon R7 350 4GB Low Profile Graphics Card, Dual HDMI Ports for Multi-Monitor, 4GB GDDR3 128-Bit, SFF Half-Height Video Card for Slim Desktop PC, Support Windows 10/8.1/7 Computer GPU","4.4","(11)","$59.99","$69.99","$69.99","Two-Day","FREE delivery","Tue, Apr 7",""
"100+ bought in past month","https://www.amazon.com/sspa/click?ie=UTF8&spc=MTo1NjQwOTQ5MTk1NDM5OTI1OjE3NzU0MzM3MjM6c3BfYXRmOjMwMTExMTcyNDgxMjYwMjo6MDo6&url=%2FSOYO-Geforce-Profile-Graphics-Computer%2Fdp%2FB0FCFB6Q6P%2Fref%3Dsr_1_2_sspa%3Fcrid%3D346W5D56T0W20%26dib%3DeyJ2IjoiMSJ9.YIn3DH0tMNF6b4E7VU8QdUe1k9UNkbiYZtyzgV5xXv1XcQFstOX98cZ9w2GtvDqCXssLbUfuD1OsP3Gnnmh27iFel8SwWibhm4NzgSs795eaf5BlMdDexSbuDiUW-uYZxyo0Z27lrb_eSSNOraDJKsKPt87nJECN83mHjiZnTVYiCcfDj3jFj4BIUcFNQWPPHWkVJiAEPDSYkvPGhQZU8NuADUbRRJP5n3zToWgAwcA.g3PpQwu3yZH2aMut0VNO8MXWYGsqUY6IGBqfabnmCog%26dib_tag%3Dse%26keywords%3Dgpu%26qid%3D1775433723%26sprefix%3Dgp%252Caps%252C387%26sr%3D8-2-spons%26sp_csd%3Dd2lkZ2V0TmFtZT1zcF9hdGY%26psc%3D1","https://m.media-amazon.com/images/I/71heUFOXwTL._AC_UY218_.jpg","Sponsored","SOYO GeForce GT 740 4GB Low Profile Graphics Card, HDMI/VGA/DVI-D Triple Output, 4GB DDR3 128-Bit, SFF Half-Height Video Card for Slim Desktop PC, Computer GPU Supports Windows 11/10/8/7","4.6","(58)","$64.99","","","Overnight","FREE delivery","Overnight 7 AM - 11 AM",""
"Products highlighted as 'Overall Pick' are:","https://www.amazon.com/ASUS-DisplayPort-2-5-Slot-Axial-tech-Technology/dp/B0F8PR9L3X/ref=sr_1_3?crid=346W5D56T0W20&dib=eyJ2IjoiMSJ9.YIn3DH0tMNF6b4E7VU8QdUe1k9UNkbiYZtyzgV5xXv1XcQFstOX98cZ9w2GtvDqCXssLbUfuD1OsP3Gnnmh27iFel8SwWibhm4NzgSs795eaf5BlMdDexSbuDiUW-uYZxyo0Z27lrb_eSSNOraDJKsKPt87nJECN83mHjiZnTVYiCcfDj3jFj4BIUcFNQWPPHWkVJiAEPDSYkvPGhQZU8NuADUbRRJP5n3zToWgAwcA.g3PpQwu3yZH2aMut0VNO8MXWYGsqUY6IGBqfabnmCog&dib_tag=se&keywords=gpu&qid=1775433723&sprefix=gp%2Caps%2C387&sr=8-3&ufe=app_do%3Aamzn1.fos.5998aa40-ec6f-4947-a68f-cd087fee0848","https://m.media-amazon.com/images/I/81i5KcFKysL._AC_UY218_.jpg","","ASUS Dual GeForce RTX™ 5060 8GB GDDR7 OC Edition (PCIe 5.0, 8GB GDDR7, DLSS 4, HDMI 2.1b, DisplayPort 2.1b, 2.5-Slot Design, Axial-tech Fan Design, 0dB Technology, and More)","4.6","(336)","$369.99","","$74.00","Overnight","FREE delivery","Overnight 7 AM - 11 AM","in 3 hours"
"1K+ bought in past month","https://www.amazon.com/GIGABYTE-Radeon-Graphics-GV-R9060XTGAMING-OC-16GD/dp/B0F91KM1CK/ref=sr_1_4?crid=346W5D56T0W20&dib=eyJ2IjoiMSJ9.YIn3DH0tMNF6b4E7VU8QdUe1k9UNkbiYZtyzgV5xXv1XcQFstOX98cZ9w2GtvDqCXssLbUfuD1OsP3Gnnmh27iFel8SwWibhm4NzgSs795eaf5BlMdDexSbuDiUW-uYZxyo0Z27lrb_eSSNOraDJKsKPt87nJECN83mHjiZnTVYiCcfDj3jFj4BIUcFNQWPPHWkVJiAEPDSYkvPGhQZU8NuADUbRRJP5n3zToWgAwcA.g3PpQwu3yZH2aMut0VNO8MXWYGsqUY6IGBqfabnmCog&dib_tag=se&keywords=gpu&qid=1775433723&sprefix=gp%2Caps%2C387&sr=8-4","https://m.media-amazon.com/images/I/71L08TQedJL._AC_UY218_.jpg","","GIGABYTE Radeon RX 9060 XT Gaming OC 16G Graphics Card, PCIe 5.0, 16GB GDDR6, GV-R9060XTGAMING OC-16GD Video Card","4.7","(463)","$449.99","","","Overnight","FREE delivery","Overnight 7 AM - 11 AM",""
"100+ bought in past month","https://www.amazon.com/sspa/click?ie=UTF8&spc=MToyOTc1NTcxMjEwNjQ3OTMwOjE3NzU0MzM3MjM6c3Bfc2VhcmNoX3RoZW1hdGljOjMwMTExMTcyNDgxMjYwMjo6MDo6&url=%2FSOYO-Geforce-Profile-Graphics-Computer%2Fdp%2FB0FCFB6Q6P%2Fref%3Dsxin_17_pa_sp_search_thematic_sspa%3Fcontent-id%3Damzn1.sym.a2f543ac-cb9f-4bea-bdbb-e0775507e754%253Aamzn1.sym.a2f543ac-cb9f-4bea-bdbb-e0775507e754%26crid%3D346W5D56T0W20%26cv_ct_cx%3Dgpu%26keywords%3Dgpu%26pd_rd_i%3DB0FCFB6Q6P%26pd_rd_r%3D6c6795c1-1cf4-4413-bb53-444916014d74%26pd_rd_w%3DKNrEt%26pd_rd_wg%3DtjxVW%26pf_rd_p%3Da2f543ac-cb9f-4bea-bdbb-e0775507e754%26pf_rd_r%3D8E983ZWD9WAVCS3W3P04%26qid%3D1775433723%26sbo%3DRZvfv%252F%252FHxDF%252BO5021pAnSA%253D%253D%26sprefix%3Dgp%252Caps%252C387%26sr%3D1-1-65b4ebe4-0d97-4f09-8fc3-ce3b3226ca6b-spons%26aref%3DFZwyusvlX3%26sp_csd%3Dd2lkZ2V0TmFtZT1zcF9zZWFyY2hfdGhlbWF0aWM%26psc%3D1&aref=FZwyusvlX3","https://m.media-amazon.com/images/I/71heUFOXwTL._AC_UL320_.jpg","","SOYO GeForce GT 740 4GB Low Profile Graphics Card, HDMI/VGA/DVI-D Triple Output, 4GB DDR3 128-Bit, SFF Half-Height Video Card for Slim Desktop PC, Computer GPU Supports Windows 11/10/8/7","4.6","(58)","$64.99","","","Overnight","FREE delivery","Overnight 7 AM - 11 AM",""
"50+ bought in past month","https://www.amazon.com/s?k=gpu&crid=346W5D56T0W20&sprefix=gp%2Caps%2C387&ref=nb_sb_noss_2#","https://m.media-amazon.com/images/I/71TI0IP62ML._AC_UL320_.jpg","","","5.0","(3)","$169.99","$189.99","","Tomorrow","FREE delivery","Tomorrow, Apr 6","Overnight 7 AM - 11 AM"
"","","","","","","","","","","","","",""
"Only 7 left in stock - order soon.","https://www.amazon.com/ASUS-GeForce-Streaming-Creation-Rendering/dp/B0GQYM9KX2/ref=sr_1_5?crid=346W5D56T0W20&dib=eyJ2IjoiMSJ9.YIn3DH0tMNF6b4E7VU8QdUe1k9UNkbiYZtyzgV5xXv1XcQFstOX98cZ9w2GtvDqCXssLbUfuD1OsP3Gnnmh27iFel8SwWibhm4NzgSs795eaf5BlMdDexSbuDiUW-uYZxyo0Z27lrb_eSSNOraDJKsKPt87nJECN83mHjiZnTVYiCcfDj3jFj4BIUcFNQWPPHWkVJiAEPDSYkvPGhQZU8NuADUbRRJP5n3zToWgAwcA.g3PpQwu3yZH2aMut0VNO8MXWYGsqUY6IGBqfabnmCog&dib_tag=se&keywords=gpu&qid=1775433723&sprefix=gp%2Caps%2C387&sr=8-5","https://m.media-amazon.com/images/I/61k3-t+75bL._AC_UY218_.jpg","","ASUS Dual GeForce RTX 5060 Ti OC 16GB GDDR7 GPU, PCIe 5.0, HDMI 2.1b, 3X DP, 4K Gaming and Streaming, Creator, AI Creation, Video Editing, 3D Rendering, Local AI, with GPU Holder","","","$699.99","","","Two-Day","FREE delivery","Tue, Apr 7",""
"500+ bought in past month","https://www.amazon.com/GIGABYTE-GeForce-WINDFORCE-Graphics-GV-N5060WF2OC-8GD/dp/B0F8LDHQ7Y/ref=sr_1_6?crid=346W5D56T0W20&dib=eyJ2IjoiMSJ9.YIn3DH0tMNF6b4E7VU8QdUe1k9UNkbiYZtyzgV5xXv1XcQFstOX98cZ9w2GtvDqCXssLbUfuD1OsP3Gnnmh27iFel8SwWibhm4NzgSs795eaf5BlMdDexSbuDiUW-uYZxyo0Z27lrb_eSSNOraDJKsKPt87nJECN83mHjiZnTVYiCcfDj3jFj4BIUcFNQWPPHWkVJiAEPDSYkvPGhQZU8NuADUbRRJP5n3zToWgAwcA.g3PpQwu3yZH2aMut0VNO8MXWYGsqUY6IGBqfabnmCog&dib_tag=se&keywords=gpu&qid=1775433723&sprefix=gp%2Caps%2C387&sr=8-6&ufe=app_do%3Aamzn1.fos.5998aa40-ec6f-4947-a68f-cd087fee0848","https://m.media-amazon.com/images/I/71ii5ow8slL._AC_UY218_.jpg","","GIGABYTE GeForce RTX 5060 WINDFORCE OC 8G Graphics Card, Cooling System, 8GB 128-bit GDDR7, PCIe 5.0, Manufactured by NVIDIA, DisplayPort & HDMI - Video Output Interface, GV-N5060WF2OC-8GD Video Card","4.7","(208)","$349.99","","$70.00","Overnight","FREE delivery","Overnight 7 AM - 11 AM",""
"500+ bought in past month","https://www.amazon.com/ASUS-NVIDIA-GeForce-Gaming-Graphics/dp/B0CVCG2VPK/ref=sr_1_7?crid=346W5D56T0W20&dib=eyJ2IjoiMSJ9.YIn3DH0tMNF6b4E7VU8QdUe1k9UNkbiYZtyzgV5xXv1XcQFstOX98cZ9w2GtvDqCXssLbUfuD1OsP3Gnnmh27iFel8SwWibhm4NzgSs795eaf5BlMdDexSbuDiUW-uYZxyo0Z27lrb_eSSNOraDJKsKPt87nJECN83mHjiZnTVYiCcfDj3jFj4BIUcFNQWPPHWkVJiAEPDSYkvPGhQZU8NuADUbRRJP5n3zToWgAwcA.g3PpQwu3yZH2aMut0VNO8MXWYGsqUY6IGBqfabnmCog&dib_tag=se&keywords=gpu&qid=1775433723&sprefix=gp%2Caps%2C387&sr=8-7&ufe=app_do%3Aamzn1.fos.5998aa40-ec6f-4947-a68f-cd087fee0848","https://m.media-amazon.com/images/I/81mwcITtHBL._AC_UY218_.jpg","","ASUS Dual NVIDIA GeForce RTX 3050 6GB OC Edition Gaming Graphics Card - PCIe 4.0, 6GB GDDR6 Memory, HDMI 2.1, DisplayPort 1.4a, 2-Slot Design, Axial-tech Fan Design, 0dB Technology, Steel Bracket","4.7","(972)","$239.99","","$48.00","Overnight","FREE delivery","Overnight 7 AM - 11 AM","in 3 hours"
"200+ bought in past month","https://www.amazon.com/GIGABYTE-RadeonTM-Server-Grade-Reinforced-Structure/dp/B0G2GMZTCN/ref=sr_1_8?crid=346W5D56T0W20&dib=eyJ2IjoiMSJ9.YIn3DH0tMNF6b4E7VU8QdUe1k9UNkbiYZtyzgV5xXv1XcQFstOX98cZ9w2GtvDqCXssLbUfuD1OsP3Gnnmh27iFel8SwWibhm4NzgSs795eaf5BlMdDexSbuDiUW-uYZxyo0Z27lrb_eSSNOraDJKsKPt87nJECN83mHjiZnTVYiCcfDj3jFj4BIUcFNQWPPHWkVJiAEPDSYkvPGhQZU8NuADUbRRJP5n3zToWgAwcA.g3PpQwu3yZH2aMut0VNO8MXWYGsqUY6IGBqfabnmCog&dib_tag=se&keywords=gpu&qid=1775433723&sprefix=gp%2Caps%2C387&sr=8-8","https://m.media-amazon.com/images/I/71OvFbEQdIL._AC_UY218_.jpg","","GIGABYTE Radeon™ RX 9060 XT Gaming OC ICE 16G Graphics Card (16GB GDDR6, 128-bit, PCIe 5.0, HDMI/DP 2.1, 2 Slot, Hawk Fan, Server-Grade Thermal Gel, Reinforced Structure)","4.7","(65)","$469.99","","","Overnight","FREE delivery","Overnight 7 AM - 11 AM",""
"Top Brand","https://www.amazon.com/GIGABYTE-B840M-D3HP-Motherboard-C/dp/B0GNSJ5Z6K/ref=sr_1_9?crid=346W5D56T0W20&dib=eyJ2IjoiMSJ9.YIn3DH0tMNF6b4E7VU8QdUe1k9UNkbiYZtyzgV5xXv1XcQFstOX98cZ9w2GtvDqCXssLbUfuD1OsP3Gnnmh27iFel8SwWibhm4NzgSs795eaf5BlMdDexSbuDiUW-uYZxyo0Z27lrb_eSSNOraDJKsKPt87nJECN83mHjiZnTVYiCcfDj3jFj4BIUcFNQWPPHWkVJiAEPDSYkvPGhQZU8NuADUbRRJP5n3zToWgAwcA.g3PpQwu3yZH2aMut0VNO8MXWYGsqUY6IGBqfabnmCog&dib_tag=se&keywords=gpu&qid=1775433723&sprefix=gp%2Caps%2C387&sr=8-9","https://m.media-amazon.com/images/I/811rZOyRr0L._AC_UY218_.jpg","","GIGABYTE B840M D3HP Motherboard - AMD Ryzen 9000 CPUs, 8+2+2 Phases VRM, up to 8200MHz DDR5(O.C), 2xPCIe 4.0 M.2, 1GbE LAN, USB 3.2 Gen 2","","","$261.81","","","","$39 delivery","Apr 8 - 10",""
"500+ bought in past month","https://www.amazon.com/ASUS-SFF-Ready-Graphics-2-5-Slot-Axial-tech/dp/B0DS6V1YSY/ref=sr_1_10?crid=346W5D56T0W20&dib=eyJ2IjoiMSJ9.YIn3DH0tMNF6b4E7VU8QdUe1k9UNkbiYZtyzgV5xXv1XcQFstOX98cZ9w2GtvDqCXssLbUfuD1OsP3Gnnmh27iFel8SwWibhm4NzgSs795eaf5BlMdDexSbuDiUW-uYZxyo0Z27lrb_eSSNOraDJKsKPt87nJECN83mHjiZnTVYiCcfDj3jFj4BIUcFNQWPPHWkVJiAEPDSYkvPGhQZU8NuADUbRRJP5n3zToWgAwcA.g3PpQwu3yZH2aMut0VNO8MXWYGsqUY6IGBqfabnmCog&dib_tag=se&keywords=gpu&qid=1775433723&sprefix=gp%2Caps%2C387&sr=8-10&ufe=app_do%3Aamzn1.fos.5998aa40-ec6f-4947-a68f-cd087fee0848","https://m.media-amazon.com/images/I/81Si31LMp5L._AC_UY218_.jpg","","ASUS The SFF-Ready Prime GeForce RTX™ 5070 Graphics Card, NVIDIA (PCIe® 5.0, 12GB GDDR7, HDMI®/DP 2.1, 2.5-Slot, Axial-tech Fans, Dual BIOS)","4.7","(492)","$669.99","","$134.00","Overnight","FREE delivery","Overnight 7 AM - 11 AM",""
"200+ bought in past month","https://www.amazon.com/ASRock-RX7600-CL-8GO-Challenger/dp/B0C626FFG2/ref=sr_1_11?crid=346W5D56T0W20&dib=eyJ2IjoiMSJ9.YIn3DH0tMNF6b4E7VU8QdUe1k9UNkbiYZtyzgV5xXv1XcQFstOX98cZ9w2GtvDqCXssLbUfuD1OsP3Gnnmh27iFel8SwWibhm4NzgSs795eaf5BlMdDexSbuDiUW-uYZxyo0Z27lrb_eSSNOraDJKsKPt87nJECN83mHjiZnTVYiCcfDj3jFj4BIUcFNQWPPHWkVJiAEPDSYkvPGhQZU8NuADUbRRJP5n3zToWgAwcA.g3PpQwu3yZH2aMut0VNO8MXWYGsqUY6IGBqfabnmCog&dib_tag=se&keywords=gpu&qid=1775433723&sprefix=gp%2Caps%2C387&sr=8-11","https://m.media-amazon.com/images/I/612GZBgV5TL._AC_UY218_.jpg","","ASRock Radeon RX 7600 Challenger 8GB OC Graphics Card, AMD RDNA 3 Architecture, 8GB GDDR6, PCIe 4.0, Dual Fans, 0dB Silent Cooling, HDMI 2.1, DisplayPort 1.4","4.6","(157)","$279.99","$359.99","$359.99","Overnight","FREE delivery","Overnight 7 AM - 11 AM",""
"100+ bought in past month","https://www.amazon.com/ASRock-B570-Challenger-Cooling-Graphics/dp/B0DQYM2MHX/ref=sr_1_12?crid=346W5D56T0W20&dib=eyJ2IjoiMSJ9.YIn3DH0tMNF6b4E7VU8QdUe1k9UNkbiYZtyzgV5xXv1XcQFstOX98cZ9w2GtvDqCXssLbUfuD1OsP3Gnnmh27iFel8SwWibhm4NzgSs795eaf5BlMdDexSbuDiUW-uYZxyo0Z27lrb_eSSNOraDJKsKPt87nJECN83mHjiZnTVYiCcfDj3jFj4BIUcFNQWPPHWkVJiAEPDSYkvPGhQZU8NuADUbRRJP5n3zToWgAwcA.g3PpQwu3yZH2aMut0VNO8MXWYGsqUY6IGBqfabnmCog&dib_tag=se&keywords=gpu&qid=1775433723&sprefix=gp%2Caps%2C387&sr=8-12","https://m.media-amazon.com/images/I/61AqKwSmJlL._AC_UY218_.jpg","","ASRock Intel Arc B570 Challenger 10GB OC GDDR6 Graphics Card, 2600 MHz GPU, 19 Gbps Memory, Dual Fan, Metal Backplate, HDMI 2.1a, DisplayPort 2.1, 0dB Cooling","4.8","(50)","$249.99","","","Overnight","FREE delivery","Overnight 7 AM - 11 AM",""
"","https://www.amazon.com/MOUGOL-Graphics-Express-Equipped-Working/dp/B0FN7N4F5Y/ref=sr_1_13?crid=346W5D56T0W20&dib=eyJ2IjoiMSJ9.YIn3DH0tMNF6b4E7VU8QdUe1k9UNkbiYZtyzgV5xXv1XcQFstOX98cZ9w2GtvDqCXssLbUfuD1OsP3Gnnmh27iFel8SwWibhm4NzgSs795eaf5BlMdDexSbuDiUW-uYZxyo0Z27lrb_eSSNOraDJKsKPt87nJECN83mHjiZnTVYiCcfDj3jFj4BIUcFNQWPPHWkVJiAEPDSYkvPGhQZU8NuADUbRRJP5n3zToWgAwcA.g3PpQwu3yZH2aMut0VNO8MXWYGsqUY6IGBqfabnmCog&dib_tag=se&keywords=gpu&qid=1775433723&sprefix=gp%2Caps%2C387&sr=8-13","https://m.media-amazon.com/images/I/71Uj2SHQYiL._AC_UY218_.jpg","","MOUGOL AMD Radeon RX 580 Gaming Graphics Card, 8GB GDDR5 256-Bit, Dual Fan Cooling, DP/HDMI/DVI Video Output, PCI Express X16 3.0, Computer GPU Support Windows 11/10/7 Desktop PC","4.5","(489)","$129.99","","","Overnight","FREE delivery","Overnight 7 AM - 11 AM",""
"500+ bought in past month","https://www.amazon.com/GIGABYTE-GeForce-WINDFORCE-Graphics-GV-N5070WF3OC-12GD/dp/B0DTQMLX4F/ref=sr_1_14?crid=346W5D56T0W20&dib=eyJ2IjoiMSJ9.YIn3DH0tMNF6b4E7VU8QdUe1k9UNkbiYZtyzgV5xXv1XcQFstOX98cZ9w2GtvDqCXssLbUfuD1OsP3Gnnmh27iFel8SwWibhm4NzgSs795eaf5BlMdDexSbuDiUW-uYZxyo0Z27lrb_eSSNOraDJKsKPt87nJECN83mHjiZnTVYiCcfDj3jFj4BIUcFNQWPPHWkVJiAEPDSYkvPGhQZU8NuADUbRRJP5n3zToWgAwcA.g3PpQwu3yZH2aMut0VNO8MXWYGsqUY6IGBqfabnmCog&dib_tag=se&keywords=gpu&qid=1775433723&sprefix=gp%2Caps%2C387&sr=8-14&ufe=app_do%3Aamzn1.fos.5998aa40-ec6f-4947-a68f-cd087fee0848","https://m.media-amazon.com/images/I/71kUODqPVoL._AC_UY218_.jpg","","GIGABYTE GeForce RTX 5070 WINDFORCE OC SFF 12G Graphics Card, 12GB 192-bit GDDR7, PCIe 5.0, WINDFORCE Cooling System, GV-N5070WF3OC-12GD Video Card","4.6","(156)","$639.41","","$127.89","Overnight","FREE delivery","Overnight 7 AM - 11 AM",""
"400+ bought in past month","https://www.amazon.com/ASRock-RX7700XT-Graphics-CL-12GO/dp/B0CHK2345D/ref=sr_1_15?crid=346W5D56T0W20&dib=eyJ2IjoiMSJ9.YIn3DH0tMNF6b4E7VU8QdUe1k9UNkbiYZtyzgV5xXv1XcQFstOX98cZ9w2GtvDqCXssLbUfuD1OsP3Gnnmh27iFel8SwWibhm4NzgSs795eaf5BlMdDexSbuDiUW-uYZxyo0Z27lrb_eSSNOraDJKsKPt87nJECN83mHjiZnTVYiCcfDj3jFj4BIUcFNQWPPHWkVJiAEPDSYkvPGhQZU8NuADUbRRJP5n3zToWgAwcA.g3PpQwu3yZH2aMut0VNO8MXWYGsqUY6IGBqfabnmCog&dib_tag=se&keywords=gpu&qid=1775433723&sprefix=gp%2Caps%2C387&sr=8-15","https://m.media-amazon.com/images/I/61tneI9kg4L._AC_UY218_.jpg","","ASRock AMD Radeon RX 7700 XT Challenger 12GB GDDR6 192-bit 0dB Silent Cooling 7680 x 4320 DisplayPort HDMI LED Indicator 18Gbps Dual Fan Graphics Card","4.6","(140)","$399.99","","","Overnight","FREE delivery","Overnight 7 AM - 11 AM",""
"500+ bought in past month","https://www.amazon.com/GIGABYTE-Radeon-Graphics-GV-R9070XTGAMING-OC-16GD/dp/B0DS2QG2KW/ref=sr_1_16?crid=346W5D56T0W20&dib=eyJ2IjoiMSJ9.YIn3DH0tMNF6b4E7VU8QdUe1k9UNkbiYZtyzgV5xXv1XcQFstOX98cZ9w2GtvDqCXssLbUfuD1OsP3Gnnmh27iFel8SwWibhm4NzgSs795eaf5BlMdDexSbuDiUW-uYZxyo0Z27lrb_eSSNOraDJKsKPt87nJECN83mHjiZnTVYiCcfDj3jFj4BIUcFNQWPPHWkVJiAEPDSYkvPGhQZU8NuADUbRRJP5n3zToWgAwcA.g3PpQwu3yZH2aMut0VNO8MXWYGsqUY6IGBqfabnmCog&dib_tag=se&keywords=gpu&qid=1775433723&sprefix=gp%2Caps%2C387&sr=8-16","https://m.media-amazon.com/images/I/71R7fXnFGCL._AC_UY218_.jpg","","GIGABYTE Radeon RX 9070 XT Gaming OC 16G Graphics Card, PCIe 5.0, 16GB GDDR6, GV-R9070XTGAMING OC-16GD Video Card","4.6","(260)","$739.99","","","Overnight","FREE delivery","Overnight 7 AM - 11 AM",""
"400+ bought in past month","https://www.amazon.com/ASUS-SFF-Ready-Graphics-2-5-Slot-Axial-tech/dp/B0DS6WPTLL/ref=sr_1_17?crid=346W5D56T0W20&dib=eyJ2IjoiMSJ9.YIn3DH0tMNF6b4E7VU8QdUe1k9UNkbiYZtyzgV5xXv1XcQFstOX98cZ9w2GtvDqCXssLbUfuD1OsP3Gnnmh27iFel8SwWibhm4NzgSs795eaf5BlMdDexSbuDiUW-uYZxyo0Z27lrb_eSSNOraDJKsKPt87nJECN83mHjiZnTVYiCcfDj3jFj4BIUcFNQWPPHWkVJiAEPDSYkvPGhQZU8NuADUbRRJP5n3zToWgAwcA.g3PpQwu3yZH2aMut0VNO8MXWYGsqUY6IGBqfabnmCog&dib_tag=se&keywords=gpu&qid=1775433723&sprefix=gp%2Caps%2C387&sr=8-17","https://m.media-amazon.com/images/I/81S9fi6ViFL._AC_UY218_.jpg","","ASUS The SFF-Ready Prime GeForce RTX™ 5070 OC Edition Graphics Card, NVIDIA, Desktop (PCIe® 5.0, 12GB GDDR7, HDMI®/DP 2.1, 2.5-Slot, Axial-tech Fans, Dual BIOS)","4.7","(187)","$699.99","$759.99","$759.99","Overnight","FREE delivery","Overnight 7 AM - 11 AM",""
"200+ bought in past month","https://www.amazon.com/ASUS-RadeonTM-DisplayPort-Axial-tech-Technology/dp/B0FLHBFFX4/ref=sr_1_18?crid=346W5D56T0W20&dib=eyJ2IjoiMSJ9.YIn3DH0tMNF6b4E7VU8QdUe1k9UNkbiYZtyzgV5xXv1XcQFstOX98cZ9w2GtvDqCXssLbUfuD1OsP3Gnnmh27iFel8SwWibhm4NzgSs795eaf5BlMdDexSbuDiUW-uYZxyo0Z27lrb_eSSNOraDJKsKPt87nJECN83mHjiZnTVYiCcfDj3jFj4BIUcFNQWPPHWkVJiAEPDSYkvPGhQZU8NuADUbRRJP5n3zToWgAwcA.g3PpQwu3yZH2aMut0VNO8MXWYGsqUY6IGBqfabnmCog&dib_tag=se&keywords=gpu&qid=1775433723&sprefix=gp%2Caps%2C387&sr=8-18&ufe=app_do%3Aamzn1.fos.5998aa40-ec6f-4947-a68f-cd087fee0848","https://m.media-amazon.com/images/I/71WTt-GxSpL._AC_UY218_.jpg","","ASUS Dual Radeon™ RX 9060 XT 16GB GDDR6 Graphics Card (PCIe 5.0, HDMI 2.1b, DisplayPort 2.1a, 2.5-Slot Design, Axial-tech Fan Design, 0dB Technology, and More)","4.7","(170)","$479.90","","$95.98","Overnight","FREE delivery","Overnight 7 AM - 11 AM",""
"50+ bought in past month","https://www.amazon.com/sspa/click?ie=UTF8&spc=MTo1NjQwOTQ5MTk1NDM5OTI1OjE3NzU0MzM3MjM6c3BfYnRmOjMwMTE3MTA3NjM1NDAwMjo6MDo6&url=%2FKelinx-AISURIX-Graphics-Express-Computer%2Fdp%2FB0G9GXXXFV%2Fref%3Dsr_1_19_sspa%3Fcrid%3D346W5D56T0W20%26dib%3DeyJ2IjoiMSJ9.YIn3DH0tMNF6b4E7VU8QdUe1k9UNkbiYZtyzgV5xXv1XcQFstOX98cZ9w2GtvDqCXssLbUfuD1OsP3Gnnmh27iFel8SwWibhm4NzgSs795eaf5BlMdDexSbuDiUW-uYZxyo0Z27lrb_eSSNOraDJKsKPt87nJECN83mHjiZnTVYiCcfDj3jFj4BIUcFNQWPPHWkVJiAEPDSYkvPGhQZU8NuADUbRRJP5n3zToWgAwcA.g3PpQwu3yZH2aMut0VNO8MXWYGsqUY6IGBqfabnmCog%26dib_tag%3Dse%26keywords%3Dgpu%26qid%3D1775433723%26sprefix%3Dgp%252Caps%252C387%26sr%3D8-19-spons%26sp_csd%3Dd2lkZ2V0TmFtZT1zcF9idGY%26psc%3D1","https://m.media-amazon.com/images/I/61t4lrvNqcL._AC_UY218_.jpg","Sponsored","AISURIX RX 580 Graphics Card, 2048SP, Real 8GB, GDDR5, 256 Bit, Pc Gaming Video Card, 2XDP, HDMI, PCI Express 3.0 with Freeze Fan Stop for Desktop Computer Gaming Gpu","4.2","(414)","$134.99","","","Two-Day","FREE delivery","Tue, Apr 7",""
"50+ bought in past month","https://www.amazon.com/sspa/click?ie=UTF8&spc=MTo1NjQwOTQ5MTk1NDM5OTI1OjE3NzU0MzM3MjM6c3BfYnRmOjMwMDYyMjQ2MTY4MzUwMjo6MDo6&url=%2FMINISFORUM-External-Enclosure-Extension-Expansion%2Fdp%2FB0DPGYKH7G%2Fref%3Dsr_1_20_sspa%3Fcrid%3D346W5D56T0W20%26dib%3DeyJ2IjoiMSJ9.YIn3DH0tMNF6b4E7VU8QdUe1k9UNkbiYZtyzgV5xXv1XcQFstOX98cZ9w2GtvDqCXssLbUfuD1OsP3Gnnmh27iFel8SwWibhm4NzgSs795eaf5BlMdDexSbuDiUW-uYZxyo0Z27lrb_eSSNOraDJKsKPt87nJECN83mHjiZnTVYiCcfDj3jFj4BIUcFNQWPPHWkVJiAEPDSYkvPGhQZU8NuADUbRRJP5n3zToWgAwcA.g3PpQwu3yZH2aMut0VNO8MXWYGsqUY6IGBqfabnmCog%26dib_tag%3Dse%26keywords%3Dgpu%26qid%3D1775433723%26sprefix%3Dgp%252Caps%252C387%26sr%3D8-20-spons%26sp_csd%3Dd2lkZ2V0TmFtZT1zcF9idGY%26psc%3D1","https://m.media-amazon.com/images/I/61fZUjmWe+L._AC_UY218_.jpg","Sponsored","MINISFORUM DEG1 eGPU Dock, External GPU Docking Station for RTX 4090, AMD RX 7900 XTX, eGPU Enclosure Graphics Card Extension Support ATX/SFX Standard Power, Oculink Expansion Graphics Docking Station","4.2","(60)","$109.90","","","Overnight","FREE delivery","Overnight 7 AM - 11 AM",""
"","https://www.amazon.com/sspa/click?ie=UTF8&spc=MTo1NjQwOTQ5MTk1NDM5OTI1OjE3NzU0MzM3MjM6c3BfYnRmOjMwMTE5ODAxODgzODIwMjo6MDo6&url=%2FAISURIX-Graphics-Computer-DirectX-Express%2Fdp%2FB0FK9ZCYXN%2Fref%3Dsr_1_21_sspa%3Fcrid%3D346W5D56T0W20%26dib%3DeyJ2IjoiMSJ9.YIn3DH0tMNF6b4E7VU8QdUe1k9UNkbiYZtyzgV5xXv1XcQFstOX98cZ9w2GtvDqCXssLbUfuD1OsP3Gnnmh27iFel8SwWibhm4NzgSs795eaf5BlMdDexSbuDiUW-uYZxyo0Z27lrb_eSSNOraDJKsKPt87nJECN83mHjiZnTVYiCcfDj3jFj4BIUcFNQWPPHWkVJiAEPDSYkvPGhQZU8NuADUbRRJP5n3zToWgAwcA.g3PpQwu3yZH2aMut0VNO8MXWYGsqUY6IGBqfabnmCog%26dib_tag%3Dse%26keywords%3Dgpu%26qid%3D1775433723%26sprefix%3Dgp%252Caps%252C387%26sr%3D8-21-spons%26sp_csd%3Dd2lkZ2V0TmFtZT1zcF9idGY%26psc%3D1","https://m.media-amazon.com/images/I/714G1aBzfbL._AC_UY218_.jpg","Sponsored","RX 550 4GB Graphics Card GDDR5 128Bit Computer Video Card with HDMI/DVI Ports DirectX 12 PCI Express 3.0 X8 GPU Graphics Card for Gaming PC","4.3","(26)","$99.99","","","Overnight","FREE delivery","Overnight 7 AM - 11 AM",""
"| From Amazon Influencer storefronts","https://www.amazon.com/s?k=gpu&crid=346W5D56T0W20&sprefix=gp%2Caps%2C387&ref=nb_sb_noss_2#","https://m.media-amazon.com/images/I/71yO8AunnpL._AC_UL320_.jpg","","","4.4","(11)","$59.99","$69.99","$69.99","Two-Day","FREE delivery","Tue, Apr 7","Overnight 7 AM - 11 AM"
"cpu","https://www.amazon.com/s?k=cpu&ref=rsl_sug_0_0&pd_rd_w=QH7Du&content-id=amzn1.sym.3be64970-3b95-4a6d-a45d-78077a3ff871:amzn1.sym.3be64970-3b95-4a6d-a45d-78077a3ff871&pf_rd_p=3be64970-3b95-4a6d-a45d-78077a3ff871&pf_rd_r=8E983ZWD9WAVCS3W3P04&pd_rd_wg=jAPK7&pd_rd_r=6386df86-c324-4d83-9414-510f76fff484&qid=1775433723","","","","","","","","","","","",""
"","","","","","","","","","","","","",""
"","https://aax-us-east-retail-direct.amazon.com/x/c/JKJG0l_tco_UI1ul7WtwmJkAAAGdYBivYgEAAAH2AQBvbm9fdHhuX2JpZDYgICBvbm9fdHhuX2ltcDEgICBHbkm-/clv1c_ek-wwvfXbcbWDlXe9wUjnoDaPrU_mFvPwcnq0CPx9p_s8-c7f_I6H0zHf0Ng9__sKxSLdNZMdath8yxQjqQkTMUq7cdDOfM_VxeMUrR2VpcyBnzm5h_BT2n8lu1cvbEE2yKZ4n4bNpJKCMmJPYtl3_Dao8n0Vkxi8pUxfPYZbceODFBtxQ9OBdqXN9VAv6IdELRKROkLMCfLEDKGIAwgaiaSNkxnpkMxD-YXxHykDVsSl5SS_-kDWcI885-5Zcb_CrhNp731EhjcaBctZz3uq5eoKyOjDjZvVldjYoY0VM0yIBbD1UDJvZZiO4sp6JBUPt21MARce3HBH6k1ZiUARKKIUEaun-0GMN3-nH-QtSMNtUaDTHH09Q-UOS5KM4kcTZj5UlgkvNjIUmA89SDHBzRO1xWRmnXcd0LycTF3N-pqx1mCpvqsPCQKF_w_iTyOUxuuFXSInhymaJL9_jOcd_8ItDRmCfJylDEve4dDhbQHA6kOEqtaU7f7UfKzdFcWkXbSFxWpPhr6Zq4OOLDxqxKQ2E-hyvkl659L70-8DP-Qcdd0ctEGbLVJSgwd8yKsHCVj4d_KeISqCA_gux7jlZ7Ska42KIfmOn4HuHe5PTrMUV6nM9LRMP16iKYBnZLzFXwtQpLe7vi2CDlMZs0jGmAaIamhkDm6itZ0-DJwrKDAa9kwvsLehqeGRhMhQhYvqCEDzHgW-gYWBnl6Jsbk1-k3Ndz01MpPpKe7KgQyVnVN3UfLMDKMcBKAZpJ_gKodKsNpm3qIERlTsHkNZwojflG0i_Ia4CjnhZFVAi9Ufs0W1kkqcz4uZeu4MoBshXkgUKxoUOPCPqXMXudSJjaJ5u18EKSVKeYWmzkEo3AvGF6PKDD6lA_tb2EwiKz2se3FIgNOtXTmF9jF1fVo5R3Cj8I-xdIqbOCEy850SthybWGd7zyGwM_5N6nsRhpyezcLCnHtgQA_WfrE70KyHUk62_-AqhBDoZ7rccMPhVnulX-Q_vco4R5VvUof6dU47lf1epRyBwfTJElhXn_p5yXGUrg3mg00OQm6fiqKs4Uxvj2f0tQ/https://www.amazon.com/stores/page/C5C2F7A1-A824-464D-9A57-796C998E6970/?_encoding=UTF8&store_ref=SB_A0915500OT8JCNAZFSO0-A0872516ZHWAQQQAVDXZ&pd_rd_plhdr=t&aaxitk=8a30c99615ce599d539c88559d41ea58&hsa_cr_id=0&lp_asins=B01MSSJ32J&lp_query=gpu&lp_slot=desktop-hsa-3psl&ref_=sbx_be_s_3psl_mbd_mb0_bkgd&pd_rd_w=XFQT0&content-id=amzn1.sym.7d5eb573-01e8-49db-b262-65baa247c724%3Aamzn1.sym.7d5eb573-01e8-49db-b262-65baa247c724&pf_rd_p=7d5eb573-01e8-49db-b262-65baa247c724&pf_rd_r=8E983ZWD9WAVCS3W3P04&pd_rd_wg=nY0wI&pd_rd_r=e2acde95-3df1-47c3-a843-d4e7b803955d","","","","","","","","","","","",""
"Visit the help section","","","","","","","","","","","","",""
"","https://aax-us-east-retail-direct.amazon.com/x/c/JCZPiOjjvVJu94B7muQG1hsAAAGdYBlxcAEAAAH2AQBvbm9fdHhuX2JpZDcgICBvbm9fdHhuX2ltcDEgICAoDHOZ/clv1c_ek-wwoHXFcbCzoHOEIvrJ16WPjERPZsaVVvbb35i_nsw8pQXDlcpxx0FMM5kfppbpopx4SWKETUlFDeFU24XnSui3Nx4eurq-1IUQVKGbBG_Zkxj-qngFGWir5pMcSCBfoDGA0xkr54Sm_hQjMJqqyBbk83ctdaPEaEzT6FAr8A8yMNKnQId5nKtfnI_KLqwjv2CgEBeA9zc0b35PYFU16_6lEF-WVbniMvJyHEJJNArCGL8SKhh6Pd0SNokBlXlXbBnOI5zMb3r1bvC80c7LiyE56d72M7NrM968ohe6S6iquockHlNMh56cJURtVrMuMvJ_xUBgV4ocBQ3s79LPCaQdcA7gV8sxiCy4wRF_sxm8WcfGFcVP26Xl8O-1TdBdZpzpV3hBrMn5K_XpVvOIPTOHH41DQNeuNFr3O09DPoGYlBm1EIgwLcxmeoDT-NYzrcPsjyvUQoRq8QKOo82F33l7rJi1EAOY_FUiD6JPnABLcyuDyGPEqDefqUO7MsAt3ati3ZH4zZG-a8y8HwyFiZzjCCned0wD3DFAUgI2hs5w_LWE0mhfwI2qhX-wNnkNPK2Yd-nXXYxbVg5dcL9Sly8jSxxIOqNsD4D0TGHzHmP3icpEF8JKzg8zrS5Lh6_BRdKIrstD0hGFNmXn1f1jZxY0gPFppciDeLsHmI8aD1PXOt0MnjdB78JOJqfAIuFIq1uqCf_ED5wj_LJD1x5CvSNe8SuJSwwoKnJShI6c5s86GcyYKT6kywIYJxrYz2oqw0-APt2nIkLAdANBJu_f9sI5vo77QlhQoFX6lvwF3EknOIH0Bw94iHQtqC9ZOyCVps77HARJZUj1pasQfAmTXA-EOhImVHmNGh8tHlSe1ApYt4QzDxE8iT8Mv4giOEa0YLEcDUsffOmaZW2jSWdjJFRkyc96bMtEK5hkloX1HrVzRePLZmrXry0Jxs5vl33hBatVukCI4zxjJdpz7I6OzCVvp8N5UxTe2mxNZu8bq7OxLCHifGfvxMaAlzRVikNvZc5bBWv2FkRfm8sa9snKjAOpaEGdtt2HDqdINEA-vO4gA/https://www.amazon.com/stores/page/B60ED8F6-5084-4059-A24F-16A102600FA1/?_encoding=UTF8&store_ref=SB_A0247514EVWOO9UH0O2U-A03296811CSHCSN2QPJP&pd_rd_plhdr=t&aaxitk=433ee6cd43b9ee6bb67723df1b223791&hsa_cr_id=0&lp_asins=B0FQ5CR4F7%2CB0FCMF217J%2CB0FCFM4PDV&lp_query=gpu&lp_slot=auto-sparkle-hsa-tetris&ref_=sbx_s_sparkle_sbtcd_bkgd&pd_rd_w=nLA7D&content-id=amzn1.sym.cc961e39-6f5f-411e-8135-81c6c1187ac0%3Aamzn1.sym.cc961e39-6f5f-411e-8135-81c6c1187ac0&pf_rd_p=cc961e39-6f5f-411e-8135-81c6c1187ac0&pf_rd_r=KDN9KDSX010BCSV3AZWJ&pd_rd_wg=l0pbb&pd_rd_r=0b9bc30b-746e-438b-a315-fd84599e27eb","","","","Typical:","|","$8.49","$8.99","","","","",""
"Only 11 left in stock - order soon.","https://www.amazon.com/sspa/click?ie=UTF8&spc=MTo2MDcxNDY5MDIwODczMzExOjE3NzU0MzM3NzM6c3BfYXRmX25leHQ6MzAxMjA3MzIwNDMzMDAyOjowOjo&url=%2FKelinx-Graphics-Independent-Multi-Monitor-Computer%2Fdp%2FB0GMWM9ZSD%2Fref%3Dsr_1_17_sspa%3Fcrid%3D346W5D56T0W20%26dib%3DeyJ2IjoiMSJ9.YTf5lYneYAJwgPobHlMzgpwCPYVAfxsgEwyBtIO5D-U.AFvEVwtCkxlFF7no4w7foC61g4R0JU9UnN6JBQAa6GQ%26dib_tag%3Dse%26keywords%3Dgpu%26qid%3D1775433773%26sprefix%3Dgp%252Caps%252C387%26sr%3D8-17-spons%26xpid%3DkRTaaIQ0Ql4iY%26sp_csd%3Dd2lkZ2V0TmFtZT1zcF9hdGZfbmV4dA%26psc%3D1","https://m.media-amazon.com/images/I/71TI0IP62ML._AC_UY218_.jpg","Sponsored","Aisurix RX 580 8GB GDDR5 GPU 6X HDMI Graphics Card, 6 Independent Display Multi-Monitor Setup, 256-bit DDR5 Video Card for Computer PC ITX Single Slot PCI Express","5.0","(3)","$169.99","","","Tomorrow","FREE delivery","Tomorrow, Apr 6",""
"Only 20 left in stock - order soon.","https://www.amazon.com/sspa/click?ie=UTF8&spc=MTo2MDcxNDY5MDIwODczMzExOjE3NzU0MzM3NzM6c3BfYXRmX25leHQ6MzAwODQzMjA4NDIwODAyOjowOjo&url=%2FQTHREE-Radeon-RX-550-DisplayPort%2Fdp%2FB0FCS3M871%2Fref%3Dsr_1_18_sspa%3Fcrid%3D346W5D56T0W20%26dib%3DeyJ2IjoiMSJ9.YTf5lYneYAJwgPobHlMzgpwCPYVAfxsgEwyBtIO5D-U.AFvEVwtCkxlFF7no4w7foC61g4R0JU9UnN6JBQAa6GQ%26dib_tag%3Dse%26keywords%3Dgpu%26qid%3D1775433773%26sprefix%3Dgp%252Caps%252C387%26sr%3D8-18-spons%26xpid%3DkRTaaIQ0Ql4iY%26sp_csd%3Dd2lkZ2V0TmFtZT1zcF9hdGZfbmV4dA%26psc%3D1","https://m.media-amazon.com/images/I/61NPMQ04ICL._AC_UY218_.jpg","Sponsored","QTHREE Radeon RX 550 4GB Graphics Card,GDDR5 128-Bit,Video Card for PC Working with DP/HDMI/DVI-D Ports,ITX GPU,PCI Express 3.0 X8,DirectX 12","3.6","(8)","$110.99","","","Overnight","FREE delivery","Overnight 7 AM - 11 AM",""
"100+ bought in past month","https://www.amazon.com/GIGABYTE-Graphics-WINDFORCE-GV-N5070AERO-OC-12GD/dp/B0DTR54HZZ/ref=sr_1_19?crid=346W5D56T0W20&dib=eyJ2IjoiMSJ9.YTf5lYneYAJwgPobHlMzgpwCPYVAfxsgEwyBtIO5D-U.AFvEVwtCkxlFF7no4w7foC61g4R0JU9UnN6JBQAa6GQ&dib_tag=se&keywords=gpu&qid=1775433773&sprefix=gp%2Caps%2C387&sr=8-19&xpid=kRTaaIQ0Ql4iY","https://m.media-amazon.com/images/I/714QtozQg9L._AC_UY218_.jpg","","GIGABYTE GeForce RTX 5070 AERO OC 12G Graphics Card, 12GB 192-bit GDDR7, PCIe 5.0, WINDFORCE Cooling System, GV-N5070AERO OC-12GD Video Card, Compatible with Desktop","4.7","(324)","$689.99","","","Overnight","FREE delivery","Overnight 7 AM - 11 AM",""
"300+ bought in past month","https://www.amazon.com/XFX-Radeon-Triple-Gaming-RX-96TS316BA/dp/B0F8128Y33/ref=sr_1_20?crid=346W5D56T0W20&dib=eyJ2IjoiMSJ9.YTf5lYneYAJwgPobHlMzgpwCPYVAfxsgEwyBtIO5D-U.AFvEVwtCkxlFF7no4w7foC61g4R0JU9UnN6JBQAa6GQ&dib_tag=se&keywords=gpu&qid=1775433773&sprefix=gp%2Caps%2C387&sr=8-20&xpid=kRTaaIQ0Ql4iY","https://m.media-amazon.com/images/I/71IHZE7uAcL._AC_UY218_.jpg","","XFX Swift AMD Radeon RX 9060 XT OC Triple Fan Gaming Edition with 16GB GDDR6 HDMI 2xDP, AMD RDNA 4 RX 9060XT RX-96TS316BA","4.6","(275)","$499.99","$529.99","$529.99","Overnight","FREE delivery","Overnight 7 AM - 11 AM",""
"100+ bought in past month","https://www.amazon.com/sspa/click?ie=UTF8&spc=MTo2MDcxNDY5MDIwODczMzExOjE3NzU0MzM3NzM6c3BfbXRmOjMwMTIxMDM0OTUwNDIwMjo6MDo6&url=%2FQTHREE-Geforce-210-Graphics-Computer%2Fdp%2FB0CGV2MP7Z%2Fref%3Dsr_1_21_sspa%3Fcrid%3D346W5D56T0W20%26dib%3DeyJ2IjoiMSJ9.YTf5lYneYAJwgPobHlMzgpwCPYVAfxsgEwyBtIO5D-U.AFvEVwtCkxlFF7no4w7foC61g4R0JU9UnN6JBQAa6GQ%26dib_tag%3Dse%26keywords%3Dgpu%26qid%3D1775433773%26sprefix%3Dgp%252Caps%252C387%26sr%3D8-21-spons%26xpid%3DkRTaaIQ0Ql4iY%26sp_csd%3Dd2lkZ2V0TmFtZT1zcF9tdGY%26psc%3D1","https://m.media-amazon.com/images/I/61KDXbSnFpL._AC_UY218_.jpg","Sponsored","QTHREE GeForce GT 210 Graphics Card,1024 MB DDR3 64 Bit,HDMI,VGA,Low Profile Video Card for PC,GPU,PCI Express 2.0 x16,SFF,Low Power","4.4","(302)","$37.99","","","Tomorrow","FREE delivery","Tomorrow, Apr 6",""
"","https://www.amazon.com/sspa/click?ie=UTF8&spc=MTo2MDcxNDY5MDIwODczMzExOjE3NzU0MzM3NzM6c3BfbXRmOjMwMTE2MjQxMjY3NjYwMjo6MDo6&url=%2FARDIYES-Graphics-Independent-Multi-Monitor-Computer%2Fdp%2FB0GHN7LWXD%2Fref%3Dsr_1_17_sspa%3Fcrid%3D346W5D56T0W20%26dib%3DeyJ2IjoiMSJ9.afrCUPAuu_5i9K8764HK8Qv0vt8XB5MkCwA6NMvoxAUfencSCHDubSiqVfItlegi6pbVaRDT11G7MzD1xnIpSrz1DrjdV6SROTk9JZm8lZAvl0fcHV9TPKybg3gGJ-7MkETD87pbFYz98wRoUOvzRFyALtYMbVfXRh1yN2Pzk5zGdOJw_kKi7gaAMZGUVzJl4aW_0OTpPJ0reSsX71EY-g.rtKO00vlPesUfijfGAleKSyvJMLSkunkhat7YF3V_jM%26dib_tag%3Dse%26keywords%3Dgpu%26qid%3D1775433773%26sprefix%3Dgp%252Caps%252C387%26sr%3D8-17-spons%26xpid%3DkRTaaIQ0Ql4iY%26sp_csd%3Dd2lkZ2V0TmFtZT1zcF9tdGY%26psc%3D1","https://m.media-amazon.com/images/I/71ubJ8Jm5mL._AC_UY218_.jpg","Sponsored","GT 730 4GB GDDR3 GPU 4X HDMI Graphics Card, 4 Independent Display Multi-Monitor Setup, 64-bit DDR3 Video Card for Computer PC ITX Single Slot PCI Express","4.1","(13)","$79.99","","","Two-Day","FREE delivery","Tue, Apr 7",""
"300+ bought in past month","https://www.amazon.com/ASUS-3-125-slot-Military-Grade-Components-Protective/dp/B0DS6S98ZF/ref=sr_1_18?crid=346W5D56T0W20&dib=eyJ2IjoiMSJ9.afrCUPAuu_5i9K8764HK8Qv0vt8XB5MkCwA6NMvoxAUfencSCHDubSiqVfItlegi6pbVaRDT11G7MzD1xnIpSrz1DrjdV6SROTk9JZm8lZAvl0fcHV9TPKybg3gGJ-7MkETD87pbFYz98wRoUOvzRFyALtYMbVfXRh1yN2Pzk5zGdOJw_kKi7gaAMZGUVzJl4aW_0OTpPJ0reSsX71EY-g.rtKO00vlPesUfijfGAleKSyvJMLSkunkhat7YF3V_jM&dib_tag=se&keywords=gpu&qid=1775433773&sprefix=gp%2Caps%2C387&sr=8-18&ufe=app_do%3Aamzn1.fos.5998aa40-ec6f-4947-a68f-cd087fee0848&xpid=kRTaaIQ0Ql4iY","https://m.media-amazon.com/images/I/815-M4vy8JL._AC_UY218_.jpg","","ASUS TUF GeForce RTX™ 5070 12GB GDDR7 OC Edition Graphics Card, NVIDIA, Desktop (PCIe® 5.0, HDMI®/DP 2.1, 3.125-Slot, Military-Grade Components, Protective PCB Coating, Axial-tech Fans)","4.7","(438)","$762.08","List: $799.99","$152.42","Two-Day","FREE delivery","Tue, Apr 7",""
"500+ bought in past month","https://www.amazon.com/GIGABYTE-Graphics-WINDFORCE-GV-N5080GAMING-OC-16GD/dp/B0DS2R6948/ref=sr_1_19?crid=346W5D56T0W20&dib=eyJ2IjoiMSJ9.afrCUPAuu_5i9K8764HK8Qv0vt8XB5MkCwA6NMvoxAUfencSCHDubSiqVfItlegi6pbVaRDT11G7MzD1xnIpSrz1DrjdV6SROTk9JZm8lZAvl0fcHV9TPKybg3gGJ-7MkETD87pbFYz98wRoUOvzRFyALtYMbVfXRh1yN2Pzk5zGdOJw_kKi7gaAMZGUVzJl4aW_0OTpPJ0reSsX71EY-g.rtKO00vlPesUfijfGAleKSyvJMLSkunkhat7YF3V_jM&dib_tag=se&keywords=gpu&qid=1775433773&sprefix=gp%2Caps%2C387&sr=8-19&xpid=kRTaaIQ0Ql4iY","https://m.media-amazon.com/images/I/71lZess7M8L._AC_UY218_.jpg","","GIGABYTE GeForce RTX 5080 Gaming OC 16G Graphics Card, WINDFORCE Cooling System, 16GB 256-bit GDDR7, GV-N5080GAMING OC-16GD Video Card","4.3","(92)","$1,499.99","","","Tomorrow","FREE delivery","Tomorrow, Apr 6",""
"","https://www.amazon.com/sspa/click?ie=UTF8&spc=MTo2MDcxNDY5MDIwODczMzExOjE3NzU0MzM3NzM6c3BfbXRmOjMwMDE2MzE1OTcwNzEwMjo6MDo6&url=%2FGlorto-GeForce-Profile-Graphics-Express%2Fdp%2FB0CWKG1XL9%2Fref%3Dsr_1_20_sspa%3Fcrid%3D346W5D56T0W20%26dib%3DeyJ2IjoiMSJ9.afrCUPAuu_5i9K8764HK8Qv0vt8XB5MkCwA6NMvoxAUfencSCHDubSiqVfItlegi6pbVaRDT11G7MzD1xnIpSrz1DrjdV6SROTk9JZm8lZAvl0fcHV9TPKybg3gGJ-7MkETD87pbFYz98wRoUOvzRFyALtYMbVfXRh1yN2Pzk5zGdOJw_kKi7gaAMZGUVzJl4aW_0OTpPJ0reSsX71EY-g.rtKO00vlPesUfijfGAleKSyvJMLSkunkhat7YF3V_jM%26dib_tag%3Dse%26keywords%3Dgpu%26qid%3D1775433773%26sprefix%3Dgp%252Caps%252C387%26sr%3D8-20-spons%26xpid%3DkRTaaIQ0Ql4iY%26sp_csd%3Dd2lkZ2V0TmFtZT1zcF9tdGY%26psc%3D1","https://m.media-amazon.com/images/I/71cLV+PbHhL._AC_UY218_.jpg","Sponsored","GeForce GT 730 2G Low Profile Graphics Card, 2X HDMI, VGA, DDR3, PCI Express 1.0 x16, Entry Level GPU for PC, SFF and HTPC","4.7","(23)","$62.99","","","Overnight","FREE delivery","Overnight 7 AM - 11 AM",""
"","https://www.amazon.com/sspa/click?ie=UTF8&spc=MTo2MDcxNDY5MDIwODczMzExOjE3NzU0MzM3NzM6c3BfbXRmOjMwMDg1NTg2ODIxNTUwMjo6MDo6&url=%2FGeForce-GT-740-Graphics-Compatible%2Fdp%2FB0FCXZ7R3R%2Fref%3Dsr_1_21_sspa%3Fcrid%3D346W5D56T0W20%26dib%3DeyJ2IjoiMSJ9.afrCUPAuu_5i9K8764HK8Qv0vt8XB5MkCwA6NMvoxAUfencSCHDubSiqVfItlegi6pbVaRDT11G7MzD1xnIpSrz1DrjdV6SROTk9JZm8lZAvl0fcHV9TPKybg3gGJ-7MkETD87pbFYz98wRoUOvzRFyALtYMbVfXRh1yN2Pzk5zGdOJw_kKi7gaAMZGUVzJl4aW_0OTpPJ0reSsX71EY-g.rtKO00vlPesUfijfGAleKSyvJMLSkunkhat7YF3V_jM%26dib_tag%3Dse%26keywords%3Dgpu%26qid%3D1775433773%26sprefix%3Dgp%252Caps%252C387%26sr%3D8-21-spons%26xpid%3DkRTaaIQ0Ql4iY%26sp_csd%3Dd2lkZ2V0TmFtZT1zcF9tdGY%26psc%3D1","https://m.media-amazon.com/images/I/71tnrdAAC8L._AC_UY218_.jpg","Sponsored","GeForce GT 740 4G DDR3 Low Profile Graphics Card, PCI Express 3.0 x16, HDMI/VGA/DVI, Entry Level GPU for PC, SFF and HTPC, Compatible with Win11","4.0","(5)","$65.99","","","Overnight","FREE delivery","Overnight 7 AM - 11 AM",""
"400+ bought in past month","https://www.amazon.com/GIGABYTE-GeForce-WINDFORCE-Graphics-GV-N5050WF2OC-8GD/dp/B0FG8JRDQ6/ref=sr_1_22?crid=346W5D56T0W20&dib=eyJ2IjoiMSJ9.afrCUPAuu_5i9K8764HK8Qv0vt8XB5MkCwA6NMvoxAUfencSCHDubSiqVfItlegi6pbVaRDT11G7MzD1xnIpSrz1DrjdV6SROTk9JZm8lZAvl0fcHV9TPKybg3gGJ-7MkETD87pbFYz98wRoUOvzRFyALtYMbVfXRh1yN2Pzk5zGdOJw_kKi7gaAMZGUVzJl4aW_0OTpPJ0reSsX71EY-g.rtKO00vlPesUfijfGAleKSyvJMLSkunkhat7YF3V_jM&dib_tag=se&keywords=gpu&qid=1775433773&sprefix=gp%2Caps%2C387&sr=8-22&xpid=kRTaaIQ0Ql4iY","https://m.media-amazon.com/images/I/71A5oBV-mDL._AC_UY218_.jpg","","GIGABYTE GeForce RTX 5050 WINDFORCE OC 8G Graphics Card, 8GB 128-bit GDDR6, PCIe 5.0, WINDFORCE Cooling System, GV-N5050WF2OC-8GD Video Card","4.4","(65)","$289.99","","","Two-Day","FREE delivery","Tue, Apr 7",""
"300+ bought in past month","https://www.amazon.com/PNY-Overclocked-Graphics-2-4-Slot-Epic-XTM/dp/B0DYPGBX6J/ref=sr_1_23?crid=346W5D56T0W20&dib=eyJ2IjoiMSJ9.afrCUPAuu_5i9K8764HK8Qv0vt8XB5MkCwA6NMvoxAUfencSCHDubSiqVfItlegi6pbVaRDT11G7MzD1xnIpSrz1DrjdV6SROTk9JZm8lZAvl0fcHV9TPKybg3gGJ-7MkETD87pbFYz98wRoUOvzRFyALtYMbVfXRh1yN2Pzk5zGdOJw_kKi7gaAMZGUVzJl4aW_0OTpPJ0reSsX71EY-g.rtKO00vlPesUfijfGAleKSyvJMLSkunkhat7YF3V_jM&dib_tag=se&keywords=gpu&qid=1775433773&sprefix=gp%2Caps%2C387&sr=8-23&xpid=kRTaaIQ0Ql4iY","https://m.media-amazon.com/images/I/61E+0EA9nSL._AC_UY218_.jpg","","PNY NVIDIA GeForce RTX™ 5070 Epic-X™ ARGB OC Triple Fan, Graphics Card (12GB GDDR7, 192-bit, Boost Speed: 2685 MHz, SFF-Ready, PCIe® 5.0, HDMI®/DP 2.1, 2.4-Slot, Blackwell Architecture, DLSS 4)","4.6","(508)","$661.65","$699.99","$699.99","Overnight","FREE delivery","Overnight 7 AM - 11 AM",""
"300+ bought in past month","https://www.amazon.com/ASUS-RadeonTM-Graphics-2-5-Slot-axial-tech/dp/B0DRRMZDH6/ref=sr_1_24?crid=346W5D56T0W20&dib=eyJ2IjoiMSJ9.afrCUPAuu_5i9K8764HK8Qv0vt8XB5MkCwA6NMvoxAUfencSCHDubSiqVfItlegi6pbVaRDT11G7MzD1xnIpSrz1DrjdV6SROTk9JZm8lZAvl0fcHV9TPKybg3gGJ-7MkETD87pbFYz98wRoUOvzRFyALtYMbVfXRh1yN2Pzk5zGdOJw_kKi7gaAMZGUVzJl4aW_0OTpPJ0reSsX71EY-g.rtKO00vlPesUfijfGAleKSyvJMLSkunkhat7YF3V_jM&dib_tag=se&keywords=gpu&qid=1775433773&sprefix=gp%2Caps%2C387&sr=8-24&ufe=app_do%3Aamzn1.fos.5998aa40-ec6f-4947-a68f-cd087fee0848&xpid=kRTaaIQ0Ql4iY","https://m.media-amazon.com/images/I/81huTBuLV+L._AC_UY218_.jpg","","ASUS Prime Radeon™ RX 9070 XT OC Edition Graphics Card, AMD (PCIe 5.0, HDMI/DP 2.1, 2.5-Slot Design, Axial-tech Fans, Ball Bearings, Dual BIOS, GPU Guard)","4.5","(295)","$799.99","","$160.00","Overnight","FREE delivery","Overnight 7 AM - 11 AM",""
"400+ bought in past month","https://www.amazon.com/Gaming-Graphics-128-bit-Extreme-Performance/dp/B0F45QRHQB/ref=sr_1_25?crid=346W5D56T0W20&dib=eyJ2IjoiMSJ9.afrCUPAuu_5i9K8764HK8Qv0vt8XB5MkCwA6NMvoxAUfencSCHDubSiqVfItlegi6pbVaRDT11G7MzD1xnIpSrz1DrjdV6SROTk9JZm8lZAvl0fcHV9TPKybg3gGJ-7MkETD87pbFYz98wRoUOvzRFyALtYMbVfXRh1yN2Pzk5zGdOJw_kKi7gaAMZGUVzJl4aW_0OTpPJ0reSsX71EY-g.rtKO00vlPesUfijfGAleKSyvJMLSkunkhat7YF3V_jM&dib_tag=se&keywords=gpu&qid=1775433773&sprefix=gp%2Caps%2C387&sr=8-25&xpid=kRTaaIQ0Ql4iY","https://m.media-amazon.com/images/I/71ajU5QnjKL._AC_UY218_.jpg","","msi Gaming RTX 5060 Ti 16G Ventus 2X OC Plus Graphics Card (16GB GDDR7, 128-bit, Extreme Performance: TBA MHz, DisplayPort x 3 2.1a, HDMI 2.1b, NVIDIA Blackwell Architecture)","4.3","(38)","$514.99","$599.99","$599.99","","FREE delivery  for Prime members","Apr 20 - 23",""
"50+ bought in past month","https://www.amazon.com/sspa/click?ie=UTF8&spc=MTo4OTcwNzY3NDE3OTgzNTE1OjE3NzU0MzM3Nzg6c3Bfc2VhcmNoX3RoZW1hdGljOjMwMTEzOTY1NzU0MDAwMjo6MDo6&url=%2Fgenbabo-Adjustable-GPU-Stand-Magnetic%2Fdp%2FB0FHW5BX8Y%2Fref%3Dsxin_14_pa_sp_search_thematic_sspa%3Fcontent-id%3Damzn1.sym.7c6585b2-61ba-4f08-a3e9-0d2bd008f703%253Aamzn1.sym.7c6585b2-61ba-4f08-a3e9-0d2bd008f703%26crid%3D346W5D56T0W20%26cv_ct_cx%3Dgpu%26keywords%3Dgpu%26pd_rd_i%3DB0FHW5BX8Y%26pd_rd_r%3D27193d36-0187-4ebf-aed6-0e9eefe7d187%26pd_rd_w%3DbQ1VO%26pd_rd_wg%3D2AL1N%26pf_rd_p%3D7c6585b2-61ba-4f08-a3e9-0d2bd008f703%26pf_rd_r%3DKDN9KDSX010BCSV3AZWJ%26qid%3D1775433773%26sbo%3DRZvfv%252F%252FHxDF%252BO5021pAnSA%253D%253D%26sprefix%3Dgp%252Caps%252C387%26sr%3D1-17-a999e8e3-52d7-45e0-b149-e70f849ff2d5-spons%26xpid%3DkRTaaIQ0Ql4iY%26aref%3DPR8taJPhp4%26sp_csd%3Dd2lkZ2V0TmFtZT1zcF9zZWFyY2hfdGhlbWF0aWM%26psc%3D1&aref=PR8taJPhp4","https://m.media-amazon.com/images/I/51IU6DkCz1L._AC_UL320_.jpg","","Adjustable GPU Stand – White S (26–50mm), Magnetic Graphics Card Support Bracket with Silicone Pads, Anti-Sag Holder for Small PC Cases","4.2","(58)","$6.99","$7.59","$7.59","Tomorrow","FREE delivery","Tomorrow, Apr 6",""
"| Based on star rating and number of customer ratings","https://www.amazon.com/s?k=gpu&page=2&xpid=kRTaaIQ0Ql4iY&crid=346W5D56T0W20&qid=1775433723&sprefix=gp%2Caps%2C387&ref=sr_pg_1#","https://m.media-amazon.com/images/I/71mo8FOHZIL._AC_UL320_.jpg","","","4.4","(164)","$89.99","$110.99","","Overnight","FREE delivery","Overnight 7 AM - 11 AM","Tue, Apr 7"
"","https://aax-us-east-retail-direct.amazon.com/x/c/JBgTqJUbnDyH21JBgtfjcfcAAAGdYBmFoAEAAAH2AQBvbm9fdHhuX2JpZDcgICBvbm9fdHhuX2ltcDEgICC93z-t/clv1c_ek-wwof3bcbaDdXkuJooHgAJ7UmZUnH5H_kTVWVzyZoio1ikzJj8FWmsdUgvkqGFbK0jIcZi4rJ87TxZK9qGGZtXHaMxWQmzMdgt4YLu2vkmkWqmZhdpXW39-fj-Thpsi6D6x0bIMyjY8lQybvu2e9DNkD2c8YUrscY9yaWnwcxJCI4EfNeI6_KWMJ2Dvsqzjs7zok-jKmOoDWLd_2pIvswfjjKp7F4iGZiD-U23eVb6Vc6XAvt0Puy1x2TbPnyz2CmY-9AamhhVcdjso4VUvDKNNJxPJNLANISaQbfqhoqKsk2QnlPMVjFLhq8YEemQ7i4B8arCAgNT9FjlAeIPQBbYeDf0TslzuXWzlAaTwYWSGtfWs_EK01yyACoDtt_IMKcl8teE2NkHmLFlGHUMm4dBaEfdyuoXoVkDPTU4kZb1OTvnAjM3qTRqq_y2Tf7K_YH7PsuXDYzAfmZiirZuWORx3uUDXiv7sxaEYujdHskeVwPcPn_gV-ZM68LBYJHtCxa9Om4531im5-nrZ6w3PvCNZV_OEKQl17QMov7Uu6RSyBs-69809wiVtIz1mHbbEgYCnlB1MK_wl-JZKaPWT73Hw7HRljeEViGdnA50j6MjjFqr2Y51Vj9guRRyBtvYy1Ywhx-Wj7KHL8flfUKihRz5YsAD-AHDJozHeCg5k4CaUDUZuorIR2l6SXyQ3vw7QsNgy4GLoSmbXfVp0lb7hsFa1OsSyOfX86fmDayn4hxIp_ESYbdwmnvyeCCSm2uUrSqOMjh8TX7U3dio-PIb2XMg78voQ9TrxIpKXpZcx9pbPzJOCLjVw1rMAg7f5o10d3epoQQnV9fBdOVTMf8_xfYSsW0IQbIy-ckmxR7_3OJUgT3PSxj-pudd9H7iTRvI8NpWAy4hAFanjo44caK-zflOXr-qoLw-i8Y59wGs0GOUS7gr0eiTAcwntbExqVaDEGYnjeiAtaeBitygxNdpfWMRPHqIAeLXeP9kIf6xNJXGGbic_s1gmIF5AMFBaPW5nMX9ZDXuezMcb8evHaA0aDlzvded0NeVIliBWPrsKbXW0JnBQOuFpxSSzQrPHEtjAGdrPGHN0ipnfQ/https://www.amazon.com/stores/page/1E155D98-0167-4CBD-A52A-F274900CBD00/?_encoding=UTF8&store_ref=SB_A02194033KVCYOQLPZUI9-A04889471L1YVTIA9HP3M&pd_rd_plhdr=t&aaxitk=4fac376de6fc93fcef59fac10edba16b&hsa_cr_id=0&lp_asins=B0F6PDWJ52%2CB0D1RLG6DB%2CB0CNWWDWHH&lp_query=gpu&lp_slot=desktop-inline&ref_=sbx__sbtcd2_bkgd&pd_rd_w=BT9wd&content-id=amzn1.sym.8a47ec59-c206-4272-83cb-e2017cc774b4%3Aamzn1.sym.8a47ec59-c206-4272-83cb-e2017cc774b4&pf_rd_p=8a47ec59-c206-4272-83cb-e2017cc774b4&pf_rd_r=KDN9KDSX010BCSV3AZWJ&pd_rd_wg=2AL1N&pd_rd_r=27193d36-0187-4ebf-aed6-0e9eefe7d187","","","","3.8","|","$1,199.00","$1,289.90","","Two-Day","FREE delivery","Tue, Apr 7","Overnight 7 AM - 11 AM"
"200+ bought in past month","https://www.amazon.com/ASUS-Military-Grade-Components-Protective-axial-tech/dp/B0DQSMMCSH/ref=sr_1_26?crid=346W5D56T0W20&dib=eyJ2IjoiMSJ9.afrCUPAuu_5i9K8764HK8Qv0vt8XB5MkCwA6NMvoxAUfencSCHDubSiqVfItlegi6pbVaRDT11G7MzD1xnIpSrz1DrjdV6SROTk9JZm8lZAvl0fcHV9TPKybg3gGJ-7MkETD87pbFYz98wRoUOvzRFyALtYMbVfXRh1yN2Pzk5zGdOJw_kKi7gaAMZGUVzJl4aW_0OTpPJ0reSsX71EY-g.rtKO00vlPesUfijfGAleKSyvJMLSkunkhat7YF3V_jM&dib_tag=se&keywords=gpu&qid=1775433773&sprefix=gp%2Caps%2C387&sr=8-26&xpid=kRTaaIQ0Ql4iY","https://m.media-amazon.com/images/I/71WSd4clFZL._AC_UY218_.jpg","","ASUS TUF GeForce RTX™ 5080 16GB GDDR7 OC Edition Graphics Card, NVIDIA, Desktop (PCIe® 5.0, HDMI®/DP 2.1, 3.6-Slot, Military-Grade Components, Protective PCB Coating, Axial-tech Fans, Vapor Chamber)","4.6","(178)","$1,644.99","","","Tomorrow","FREE delivery","Tomorrow, Apr 6",""
"200+ bought in past month","https://www.amazon.com/ASRock-Accelerators-PCIe5-0-HDMI2-1b-Graphics/dp/B0DTT7CPWV/ref=sr_1_27?crid=346W5D56T0W20&dib=eyJ2IjoiMSJ9.afrCUPAuu_5i9K8764HK8Qv0vt8XB5MkCwA6NMvoxAUfencSCHDubSiqVfItlegi6pbVaRDT11G7MzD1xnIpSrz1DrjdV6SROTk9JZm8lZAvl0fcHV9TPKybg3gGJ-7MkETD87pbFYz98wRoUOvzRFyALtYMbVfXRh1yN2Pzk5zGdOJw_kKi7gaAMZGUVzJl4aW_0OTpPJ0reSsX71EY-g.rtKO00vlPesUfijfGAleKSyvJMLSkunkhat7YF3V_jM&dib_tag=se&keywords=gpu&qid=1775433773&sprefix=gp%2Caps%2C387&sr=8-27&xpid=kRTaaIQ0Ql4iY","https://m.media-amazon.com/images/I/611FTdLlAYL._AC_UY218_.jpg","","ASRock AMD Radeon RX 9070 XT Steel Legend 16GB White GPU 20Gbps GDDR6 256Bit (3rd Gen RT 2nd Gen AI Accelerators) PCIe5.0 800W 2x8-pin Triple Fan DP2.1a HDMI2.1b Graphics Card 2.9 Slot","4.6","(441)","$749.99","","","Overnight","FREE delivery","Overnight 7 AM - 11 AM",""
"500+ bought in past month","https://www.amazon.com/msi-Graphics-256-bit-Extreme-Performance/dp/B0FST71VP9/ref=sr_1_28?crid=346W5D56T0W20&dib=eyJ2IjoiMSJ9.afrCUPAuu_5i9K8764HK8Qv0vt8XB5MkCwA6NMvoxAUfencSCHDubSiqVfItlegi6pbVaRDT11G7MzD1xnIpSrz1DrjdV6SROTk9JZm8lZAvl0fcHV9TPKybg3gGJ-7MkETD87pbFYz98wRoUOvzRFyALtYMbVfXRh1yN2Pzk5zGdOJw_kKi7gaAMZGUVzJl4aW_0OTpPJ0reSsX71EY-g.rtKO00vlPesUfijfGAleKSyvJMLSkunkhat7YF3V_jM&dib_tag=se&keywords=gpu&qid=1775433773&sprefix=gp%2Caps%2C387&sr=8-28&xpid=kRTaaIQ0Ql4iY","https://m.media-amazon.com/images/I/71-eBMchdmL._AC_UY218_.jpg","","msi Gaming RTX 5070 Ti 16G Ventus 3X PZ OC Graphics Card (16GB GDDR7, 256-bit, Extreme Performance: 2482 MHz, DisplayPort x 3 2.1a, HDMI 2.1b, NVIDIA Blackwell Architecture)","4.6","(47)","$999.99","","","","FREE delivery","Tue, Apr 7",""
"200+ bought in past month","https://www.amazon.com/XFX-Swift-Radeon-Gaming-RX-96TSW16BQ/dp/B0FC2XXSG5/ref=sr_1_29?crid=346W5D56T0W20&dib=eyJ2IjoiMSJ9.afrCUPAuu_5i9K8764HK8Qv0vt8XB5MkCwA6NMvoxAUfencSCHDubSiqVfItlegi6pbVaRDT11G7MzD1xnIpSrz1DrjdV6SROTk9JZm8lZAvl0fcHV9TPKybg3gGJ-7MkETD87pbFYz98wRoUOvzRFyALtYMbVfXRh1yN2Pzk5zGdOJw_kKi7gaAMZGUVzJl4aW_0OTpPJ0reSsX71EY-g.rtKO00vlPesUfijfGAleKSyvJMLSkunkhat7YF3V_jM&dib_tag=se&keywords=gpu&qid=1775433773&sprefix=gp%2Caps%2C387&sr=8-29&xpid=kRTaaIQ0Ql4iY","https://m.media-amazon.com/images/I/61dv0oEuVkL._AC_UY218_.jpg","","XFX Swift AMD Radeon RX 9060 XT OC Gaming Edition with 16GB GDDR6 HDMI 2xDP, AMD RDNA 4 RX-96TSW16BQ","4.6","(235)","$459.99","","","Overnight","FREE delivery","Overnight 7 AM - 11 AM",""
"300+ bought in past month","https://www.amazon.com/NVIDIA-DGX-SparkTM-Supercomputer-Blackwell/dp/B0FWJ16CCH/ref=sr_1_30?crid=346W5D56T0W20&dib=eyJ2IjoiMSJ9.afrCUPAuu_5i9K8764HK8Qv0vt8XB5MkCwA6NMvoxAUfencSCHDubSiqVfItlegi6pbVaRDT11G7MzD1xnIpSrz1DrjdV6SROTk9JZm8lZAvl0fcHV9TPKybg3gGJ-7MkETD87pbFYz98wRoUOvzRFyALtYMbVfXRh1yN2Pzk5zGdOJw_kKi7gaAMZGUVzJl4aW_0OTpPJ0reSsX71EY-g.rtKO00vlPesUfijfGAleKSyvJMLSkunkhat7YF3V_jM&dib_tag=se&keywords=gpu&qid=1775433773&sprefix=gp%2Caps%2C387&sr=8-30&xpid=kRTaaIQ0Ql4iY","https://m.media-amazon.com/images/I/516QauLL31L._AC_UY218_.jpg","","NVIDIA DGX Spark™ - Personal AI Desktop Supercomputer – Desktop GB10 Grace Blackwell Chip","4.0","(33)","$4,699.00","","","Tomorrow","FREE delivery","Tomorrow, Apr 6",""
"400+ bought in past month","https://www.amazon.com/MSI-GeForce-Support-DirectX-Graphics/dp/B0CBL3HQ68/ref=sr_1_31?crid=346W5D56T0W20&dib=eyJ2IjoiMSJ9.afrCUPAuu_5i9K8764HK8Qv0vt8XB5MkCwA6NMvoxAUfencSCHDubSiqVfItlegi6pbVaRDT11G7MzD1xnIpSrz1DrjdV6SROTk9JZm8lZAvl0fcHV9TPKybg3gGJ-7MkETD87pbFYz98wRoUOvzRFyALtYMbVfXRh1yN2Pzk5zGdOJw_kKi7gaAMZGUVzJl4aW_0OTpPJ0reSsX71EY-g.rtKO00vlPesUfijfGAleKSyvJMLSkunkhat7YF3V_jM&dib_tag=se&keywords=gpu&qid=1775433773&sprefix=gp%2Caps%2C387&sr=8-31&ufe=app_do%3Aamzn1.fos.9fe8cbfa-bf43-43d1-a707-3f4e65a4b666&xpid=kRTaaIQ0Ql4iY","https://m.media-amazon.com/images/I/71AzaNckGgL._AC_UY218_.jpg","","msi Gaming GeForce GT 1030 4GB DDR4 64-bit HDCP Support DirectX 12 DP/HDMI Single Fan OC Graphics Card (GT 1030 4GD4 LP OC)","4.6","(424)","$119.99","","$40.00","Overnight","FREE delivery","Overnight 7 AM - 11 AM",""
"50+ bought in past month","https://www.amazon.com/GIGABYTE-Graphics-WINDFORCE-GV-N5060AERO-OC-8GD/dp/B0F8MH9LG2/ref=sr_1_32?crid=346W5D56T0W20&dib=eyJ2IjoiMSJ9.afrCUPAuu_5i9K8764HK8Qv0vt8XB5MkCwA6NMvoxAUfencSCHDubSiqVfItlegi6pbVaRDT11G7MzD1xnIpSrz1DrjdV6SROTk9JZm8lZAvl0fcHV9TPKybg3gGJ-7MkETD87pbFYz98wRoUOvzRFyALtYMbVfXRh1yN2Pzk5zGdOJw_kKi7gaAMZGUVzJl4aW_0OTpPJ0reSsX71EY-g.rtKO00vlPesUfijfGAleKSyvJMLSkunkhat7YF3V_jM&dib_tag=se&keywords=gpu&qid=1775433773&sprefix=gp%2Caps%2C387&sr=8-32&ufe=app_do%3Aamzn1.fos.5998aa40-ec6f-4947-a68f-cd087fee0848&xpid=kRTaaIQ0Ql4iY","https://m.media-amazon.com/images/I/71N3wqCen+L._AC_UY218_.jpg","","GIGABYTE GeForce RTX 5060 AERO OC 8G Graphics Card, 8GB 128-bit GDDR7, PCIe 5.0, WINDFORCE Cooling System, Made by NVIDIA, DisplayPort & HDMI - Video Output Interface, GV-N5060AERO OC-8GD Video Card","4.7","(75)","$359.99","","$72.00","Two-Day","FREE delivery","Tue, Apr 7",""
"5K+ bought in past month","https://www.amazon.com/AMD-9800X3D-16-Thread-Desktop-Processor/dp/B0DKFMSMYK/ref=sr_1_33?crid=346W5D56T0W20&dib=eyJ2IjoiMSJ9.afrCUPAuu_5i9K8764HK8Qv0vt8XB5MkCwA6NMvoxAUfencSCHDubSiqVfItlegi6pbVaRDT11G7MzD1xnIpSrz1DrjdV6SROTk9JZm8lZAvl0fcHV9TPKybg3gGJ-7MkETD87pbFYz98wRoUOvzRFyALtYMbVfXRh1yN2Pzk5zGdOJw_kKi7gaAMZGUVzJl4aW_0OTpPJ0reSsX71EY-g.rtKO00vlPesUfijfGAleKSyvJMLSkunkhat7YF3V_jM&dib_tag=se&keywords=gpu&qid=1775433773&sprefix=gp%2Caps%2C387&sr=8-33&xpid=kRTaaIQ0Ql4iY","https://m.media-amazon.com/images/I/71aHvYUgX1L._AC_UY218_.jpg","","AMD RYZEN 7 9800X3D 8-Core, 16-Thread Desktop Processor","Best Seller","(4.9K)","$419.95","$479.00","$479.00","Overnight","FREE delivery","Overnight 7 AM - 11 AM","in 3 hours"
"200+ bought in past month","https://www.amazon.com/s?k=gpu&page=2&xpid=kRTaaIQ0Ql4iY&crid=346W5D56T0W20&qid=1775433723&sprefix=gp%2Caps%2C387&ref=sr_pg_1#","https://m.media-amazon.com/images/I/71ubJ8Jm5mL._AC_UL320_.jpg","","","4.1","(13)","$79.99","$110.99","","Two-Day","FREE delivery","Tue, Apr 7","Overnight 7 AM - 11 AM"
"cpu","https://www.amazon.com/s?k=cpu&ref=rsl_sug_0_0&pd_rd_w=RaVbB&content-id=amzn1.sym.3be64970-3b95-4a6d-a45d-78077a3ff871:amzn1.sym.3be64970-3b95-4a6d-a45d-78077a3ff871&pf_rd_p=3be64970-3b95-4a6d-a45d-78077a3ff871&pf_rd_r=KDN9KDSX010BCSV3AZWJ&pd_rd_wg=osDkR&pd_rd_r=da619d3b-7489-4e5f-a611-2da7729344e1&qid=1775433773","","","","","","","","","","","",""
"","","","","","","","","","","","","",""
"","https://aax-us-east-retail-direct.amazon.com/x/c/JN3C0TqSKh19XaJZbcQ4Y78AAAGdYBmFhwEAAAH2AQBvbm9fdHhuX2JpZDEgICBvbm9fdHhuX2ltcDEgICAJv4dX/clv1c_ek-wwgXWUsbaTYVIgAUZ8mPkdILbawDsFz8d6k8rLesEVilJnQmxFKsHmLFfCELK47hEHBAD7NQFFP8wFwTLigOv0adVVvAR5N3ZdFfMAI4GE_8rVL_zeSy4pHriNmD6cXw8CPKlNr51KyJhQUZl55ibYd5KttaslQ_0BLOrYfes2kuOPuJMcWmkh_j7D1iPRKUoRYrnv4WrT2bdPAgRG9g_JVPuh4n7GKawCj7QCy7vaa_WejrGFj-HOhe3XcxlpofkkzDPyqTTfs0ryFy77Cgppvc_YOMp7O8idKgK0VQoye9XR82KUGpzkYNjqszp9hsM6IM3piHwo0CS86YnkVNzAwprX_bwlB0FUfFNvlVcje1Y5BxeM0UMIoztGptwfcgzz8X_T_2SBV43XAUyR6hdLytNzBGlD1dRWYkQj3djyjETeeCfJhQA3x8JrXgH9P3cFD5O35RtlJAHvn5DR9IHdh34udnTMRqvQ8UAhXWkC7fU1WAtagvYKcgCK4B32dn6D4MoxnBr8tZYV3YaBsE4y8xr_EI_o1SYqtAqzt4fud2IFwteMjQss92HYJs3bnVB8xUj6yWkkWhL5UmO0D_YDKLZ9vlx0ccdMDsj1HYbsE5Z6NZ9HVQbwwoMkNiWS7SHBXZ14GVlwtuOVnjTxWrWKdafC1Ra4wjAvwv5-kiXsc3jeWrS3ro0te-Hrn27wPrLnqQWPlrYe2CWie6Lnz_Vk6ZfdvX6dYCAYt4oga8DCn3u7_ply12INr_PmpLTOveHq0NW_CA_-H22Xig6P1FUizwbJ0l_AI1X6PfF5RErqJSMS0WFv5nTAIwct8A_JrXL7HZQH18y6HMGH9BRskBDHlR1Rxfa45Riq5yXF8mFyfjCFvAsWPL60TvCJevKEq9GV1lTN0izcHbz-KIlgSTIK8crYUTS004cItW2buywHTOCIddxNNVJSRpycysLdnG_U_qHWSGFTp1EzxWrTujFIKrzvDumYeSfanovFX-eeQNwYzz5mqw_NvtPrTkC_opRMBnj0LkgjowrajjWl2M3r3nskO0rFechuu097tOEJUA/https://www.amazon.com/stores/page/C5C2F7A1-A824-464D-9A57-796C998E6970/?_encoding=UTF8&store_ref=SB_A0915500OT8JCNAZFSO0-A0872516ZHWAQQQAVDXZ&pd_rd_plhdr=t&aaxitk=8a30c99615ce599d539c88559d41ea58&hsa_cr_id=0&lp_asins=B01MSSJ32J&lp_query=gpu&lp_slot=desktop-hsa-3psl&ref_=sbx_be_s_3psl_mbd_mb0_bkgd&pd_rd_w=Qg593&content-id=amzn1.sym.7d5eb573-01e8-49db-b262-65baa247c724%3Aamzn1.sym.7d5eb573-01e8-49db-b262-65baa247c724&pf_rd_p=7d5eb573-01e8-49db-b262-65baa247c724&pf_rd_r=KDN9KDSX010BCSV3AZWJ&pd_rd_wg=hWSD9&pd_rd_r=5f137240-6bf0-42bc-a166-9aaf09cb7aa3","","","","","","","","","","","",""
"","https://aax-us-east-retail-direct.amazon.com/x/c/JAT6rYc3cjbSERHhxw0-_4AAAAGdYBmRVgEAAAH2AQBvbm9fdHhuX2JpZDYgICBvbm9fdHhuX2ltcDIgICAWX17m/clv1c_ek-ww4HXFcbWDYHOHovrJ16WPjERPZsatbf2JgbiXGt4aHqR4Eo8oI13aUxD3xPAseIhkW5gCcPZ3tzn-l1_ssUC3Z040P9-ezYVANe2GcuWOfxlR8TlJWx5bv-tN9jJsxxiVp58ZUsDCFcVF96GetDcqE0cpL2KQgVBzlDpSdpP2XkQ0CIC1iVPhCsZwi-oJWCJ4FZGZQ7BtYx7n4LSIiY9kQwTkqp2P6AAOmN2wr9obZV_YSqlLim5uyYbRQ5mytrfw2F1nGih9Xm8q4L1Ne1pu7dffU2aZFjzdfX6Sn1LlHBJRaodX_jCJYgkdUBQCVPYnvXmfyVW8UJBGsR620BaXjS1OkSa_AvecdHJOM7842VLJYU45Hk8di37FCYdN_DahLq9QgX_n-HLb2rgnAOourp54AsvJfTDYc8KWRKzrVF-PzzSy0qZz0Ee5PwMHAz4sfiS1u3aeAHdPYi66CUM1iOPB3il-7s6Jg4qGKYevWDVR2IbVRtGeaj-leLYk6OE_r0vXAIE4pLlCZRzPKMnNaPkdoAoMdEn9iYOxF84CWni_pHImPg25zbvUciRLyCgvbtPw4HbJir_ZbrVYqFVaFYKFvqwIZR7hCzkNZvsHnu9yi7ihvoGV9EdH5OvI9nPIW9bQ3Qblt7ElgsMk2Gnm5m9RLJKjRi46R2GjPusdBOuRxh5wbL0CiYP1KwJH5i6ADpSMTQ2zwEyRB3wmoun-klQPvo5ctl-a3T8XWRvbu_ZX_0G0TEh2ZW2b9qrzL_scuqqizqJeYlC9_DVAchB4WHwBfpaCdgLhfiAbgob02wZN4ShYlj6LFys3i5Bgm4TvdWeqQgd_bqsvE7a96ZJIH7yejdex2GvAZHHHhycogRRm1Uh2W9meQSu4pHLViJsmsb3O3aPO1MW5LlNLm4zCjG2tlLhjLvNR6RrqdWcNyTJAMJnGbQ_dC9R58uehss8tiU-we5_jsBvHUKIG2f-Ex8I7nTKMPHU8tcBop626Nb6RATagm8Ggn7X5yqiotB8CmUaoLng6N6PEuwyBXVE-HMYzV0C8bNap2z53g/https://www.amazon.com/stores/page/39F35EF5-977D-4ED8-AF23-DCC058F5D3FE/?_encoding=UTF8&store_ref=SB_A08817451WUTLNLLY5D1W-A04836022D66X3IY2YS2Q&pd_rd_plhdr=t&aaxitk=b075b2158eccddebdc7b1fa8210bdb25&hsa_cr_id=0&lp_asins=B0CP3MZZ75%2CB082WVQP5T%2CB0CP3MTP68&lp_query=gpu&lp_slot=auto-sparkle-hsa-tetris&ref_=sbx_be_s_sparkle_ssd_bkgd&pd_rd_w=26dqV&content-id=amzn1.sym.cc961e39-6f5f-411e-8135-81c6c1187ac0%3Aamzn1.sym.cc961e39-6f5f-411e-8135-81c6c1187ac0&pf_rd_p=cc961e39-6f5f-411e-8135-81c6c1187ac0&pf_rd_r=RK0E088F7AC8F0GCCZ43&pd_rd_wg=vQeFx&pd_rd_r=e5b20e68-274f-4d2a-b31f-374165680203","","","","","","","","","","","",""
"List:","https://www.amazon.com/sspa/click?ie=UTF8&spc=MTo3MDUyNDgxMzY0NzY1Njc3OjE3NzU0MzM3ODE6c3BfYXRmX25leHQ6MzAxMjIwMDA0MDcwMDAyOjowOjo&url=%2FWIWB-GeForce-Prebuilt-Computer-Productivity%2Fdp%2FB0G6BTKY6G%2Fref%3Dsr_1_33_sspa%3Fcrid%3D346W5D56T0W20%26dib%3DeyJ2IjoiMSJ9.ly4pTVvu1SpYlFFQAaEZv0B1HnGr-WMlMeKny7-RIHQ7Lff-CsqgNEPY_1r7eyP4DVWWOrzWBG1B23dD-YTVnrQehLLldyo66Kz5G4055BWakRAwnENR6sElL0VR16UL_jUrzxvv4MtAI_6MhhVDOFz68GypiJKH1mSlBVIXcze304P1GxzrOlnzUjLSd4_ZAe7nH6LsPVkWPTlHf_aN5yRyxNvVU90hewyGsPHKpoY.6b6zAUx3vHD4SOt8HxqT5IWp1IZ3tqXX46hseT_fyz0%26dib_tag%3Dse%26keywords%3Dgpu%26qid%3D1775433781%26sprefix%3Dgp%252Caps%252C387%26sr%3D8-33-spons%26xpid%3DkRTaaIQ0Ql4iY%26sp_csd%3Dd2lkZ2V0TmFtZT1zcF9hdGZfbmV4dA%26psc%3D1","https://m.media-amazon.com/images/I/71hAR+kIgvL._AC_UY218_.jpg","Sponsored","Gaming PC Ryzen 5 5500, GeForce RTX 3050 8GB, 16GB DDR4 3200MHz RAM, 512GB SSD, Prebuilt Desktop Computer for Gaming & Productivity","3.9","(8)","$759.99","$849.99","$849.99","","FREE delivery","Thu, Apr 9",""
"100+ bought in past month","https://www.amazon.com/sspa/click?ie=UTF8&spc=MTo3MDUyNDgxMzY0NzY1Njc3OjE3NzU0MzM3ODE6c3BfYXRmX25leHQ6MzAxMTg1NzEyNTU0MjAyOjowOjo&url=%2FWIWB-Prebuilt-Desktop-Computer-Streaming%2Fdp%2FB0GDR7D761%2Fref%3Dsr_1_34_sspa%3Fcrid%3D346W5D56T0W20%26dib%3DeyJ2IjoiMSJ9.ly4pTVvu1SpYlFFQAaEZv0B1HnGr-WMlMeKny7-RIHQ7Lff-CsqgNEPY_1r7eyP4DVWWOrzWBG1B23dD-YTVnrQehLLldyo66Kz5G4055BWakRAwnENR6sElL0VR16UL_jUrzxvv4MtAI_6MhhVDOFz68GypiJKH1mSlBVIXcze304P1GxzrOlnzUjLSd4_ZAe7nH6LsPVkWPTlHf_aN5yRyxNvVU90hewyGsPHKpoY.6b6zAUx3vHD4SOt8HxqT5IWp1IZ3tqXX46hseT_fyz0%26dib_tag%3Dse%26keywords%3Dgpu%26qid%3D1775433781%26sprefix%3Dgp%252Caps%252C387%26sr%3D8-34-spons%26xpid%3DkRTaaIQ0Ql4iY%26sp_csd%3Dd2lkZ2V0TmFtZT1zcF9hdGZfbmV4dA%26psc%3D1","https://m.media-amazon.com/images/I/71MY4dN7X-L._AC_UY218_.jpg","Sponsored","Prebuilt Gaming PC Desktop Ryzen 7 5700X, GeForce RTX 4060, 16G DDR4 RAM, 1TB NVME 3.0 SSD, Tower Computer for Work, Streaming & Every Day Home Use (Black)","4.7","(8)","$999.99","$1,099.99","$1,099.99","Two-Day","FREE delivery","Tue, Apr 7",""
"200+ bought in past month","https://www.amazon.com/XFX-Radeon-7900XT-Graphics-RX-79TMBABF9/dp/B0BNLSDRKB/ref=sr_1_35?crid=346W5D56T0W20&dib=eyJ2IjoiMSJ9.ly4pTVvu1SpYlFFQAaEZv0B1HnGr-WMlMeKny7-RIHQ7Lff-CsqgNEPY_1r7eyP4DVWWOrzWBG1B23dD-YTVnrQehLLldyo66Kz5G4055BWakRAwnENR6sElL0VR16UL_jUrzxvv4MtAI_6MhhVDOFz68GypiJKH1mSlBVIXcze304P1GxzrOlnzUjLSd4_ZAe7nH6LsPVkWPTlHf_aN5yRyxNvVU90hewyGsPHKpoY.6b6zAUx3vHD4SOt8HxqT5IWp1IZ3tqXX46hseT_fyz0&dib_tag=se&keywords=gpu&qid=1775433781&sprefix=gp%2Caps%2C387&sr=8-35&xpid=kRTaaIQ0Ql4iY","https://m.media-amazon.com/images/I/41fOuNCg2mL._AC_UY218_.jpg","","XFX Radeon RX 7900XT Gaming Graphics Card with 20GB GDDR6, AMD RDNA 3 RX-79TMBABF9","4.5","(361)","$699.99","","","Overnight","FREE delivery","Overnight 7 AM - 11 AM",""
"200+ bought in past month","https://www.amazon.com/ASRock-9060-Challenger-16GB-DisplayPort/dp/B0F8B59WP7/ref=sr_1_36?crid=346W5D56T0W20&dib=eyJ2IjoiMSJ9.ly4pTVvu1SpYlFFQAaEZv0B1HnGr-WMlMeKny7-RIHQ7Lff-CsqgNEPY_1r7eyP4DVWWOrzWBG1B23dD-YTVnrQehLLldyo66Kz5G4055BWakRAwnENR6sElL0VR16UL_jUrzxvv4MtAI_6MhhVDOFz68GypiJKH1mSlBVIXcze304P1GxzrOlnzUjLSd4_ZAe7nH6LsPVkWPTlHf_aN5yRyxNvVU90hewyGsPHKpoY.6b6zAUx3vHD4SOt8HxqT5IWp1IZ3tqXX46hseT_fyz0&dib_tag=se&keywords=gpu&qid=1775433781&sprefix=gp%2Caps%2C387&sr=8-36&xpid=kRTaaIQ0Ql4iY","https://m.media-amazon.com/images/I/81kTwAgKZJL._AC_UY218_.jpg","","ASRock Radeon RX 9060 XT Challenger 16GB GDDR6 OC Graphics Card | 3300 MHz Boost | Dual Fan | 0dB Cooling | Metal Backplate | PCIe 5.0 | DisplayPort 2.1a, HDMI 2.1b","4.8","(131)","$469.99","","","Overnight","FREE delivery","Overnight 7 AM - 11 AM",""
"","https://www.amazon.com/sspa/click?ie=UTF8&spc=MTo3MDUyNDgxMzY0NzY1Njc3OjE3NzU0MzM3ODE6c3BfbXRmOjMwMTIwOTIzNzY3OTAwMjo6MDo6&url=%2FLICAEVEY-GTX550TI-Graphics-Multimedia-Interface%2Fdp%2FB0FGQKBLXM%2Fref%3Dsr_1_37_sspa%3Fcrid%3D346W5D56T0W20%26dib%3DeyJ2IjoiMSJ9.ly4pTVvu1SpYlFFQAaEZv0B1HnGr-WMlMeKny7-RIHQ7Lff-CsqgNEPY_1r7eyP4DVWWOrzWBG1B23dD-YTVnrQehLLldyo66Kz5G4055BWakRAwnENR6sElL0VR16UL_jUrzxvv4MtAI_6MhhVDOFz68GypiJKH1mSlBVIXcze304P1GxzrOlnzUjLSd4_ZAe7nH6LsPVkWPTlHf_aN5yRyxNvVU90hewyGsPHKpoY.6b6zAUx3vHD4SOt8HxqT5IWp1IZ3tqXX46hseT_fyz0%26dib_tag%3Dse%26keywords%3Dgpu%26qid%3D1775433781%26sprefix%3Dgp%252Caps%252C387%26sr%3D8-37-spons%26xpid%3DkRTaaIQ0Ql4iY%26sp_csd%3Dd2lkZ2V0TmFtZT1zcF9tdGY%26psc%3D1","https://m.media-amazon.com/images/I/61hyWs3oQmL._AC_UY218_.jpg","Sponsored","550TI 6GB Graphics Card Gaming Video Card, GDDR5 PCIE 2.0 16X Computer Graphics Card with Double Fan, Supports DVI VGA HD Multimedia Interface","","","$65.41","","","","FREE delivery","Apr 15 - 24",""
"","https://www.amazon.com/sspa/click?ie=UTF8&spc=MTo3MDUyNDgxMzY0NzY1Njc3OjE3NzU0MzM3ODE6c3BfbXRmOjMwMTIxMDM0OTUwNDYwMjo6MDo6&url=%2FQTHREE-GeForce-Graphics-Computer-Express%2Fdp%2FB0F1TJ8XQX%2Fref%3Dsr_1_38_sspa%3Fcrid%3D346W5D56T0W20%26dib%3DeyJ2IjoiMSJ9.ly4pTVvu1SpYlFFQAaEZv0B1HnGr-WMlMeKny7-RIHQ7Lff-CsqgNEPY_1r7eyP4DVWWOrzWBG1B23dD-YTVnrQehLLldyo66Kz5G4055BWakRAwnENR6sElL0VR16UL_jUrzxvv4MtAI_6MhhVDOFz68GypiJKH1mSlBVIXcze304P1GxzrOlnzUjLSd4_ZAe7nH6LsPVkWPTlHf_aN5yRyxNvVU90hewyGsPHKpoY.6b6zAUx3vHD4SOt8HxqT5IWp1IZ3tqXX46hseT_fyz0%26dib_tag%3Dse%26keywords%3Dgpu%26qid%3D1775433781%26sprefix%3Dgp%252Caps%252C387%26sr%3D8-38-spons%26xpid%3DkRTaaIQ0Ql4iY%26sp_csd%3Dd2lkZ2V0TmFtZT1zcF9tdGY%26psc%3D1","https://m.media-amazon.com/images/I/616ip1WoU5L._AC_UY218_.jpg","Sponsored","QTHREE GeForce GTX 750 Ti 4GB Graphics Card,GDDR5,128bit,HDMI,DVI,VGA,Video Card for PC Working,Computer GPU,PCI Express x16,Dual Fans,DirectX 12","4.2","(15)","$105.99","","","Overnight","FREE delivery","Overnight 7 AM - 11 AM",""
"| Based on star rating and number of customer ratings","https://www.amazon.com/s?k=gpu&page=3&crid=346W5D56T0W20&qid=1775433773&sprefix=gp%2Caps%2C387&xpid=kRTaaIQ0Ql4iY&ref=sr_pg_2#","https://m.media-amazon.com/images/I/71N0c27A91L._AC_UL320_.jpg","","","4.1","(11)","$62.99","$105.99","","Tomorrow","FREE delivery","Tomorrow, Apr 6","Tue, Apr 7"
"","https://aax-us-east-retail-direct.amazon.com/x/c/JGYU7Emu0ytCt8XiqOZHlyMAAAGdYBmRewEAAAH2AQBvbm9fdHhuX2JpZDcgICBvbm9fdHhuX2ltcDEgICCUeXlx/clv1c_ek-wwoHXFcbWDYHOHovrJ16WHlXzGjt10VaKM0Air_OI6dblsw8sy1TYgwFl4N5LZ5za1mniu4RieoB1SbM0wps3HaO59KGYuuhqkjbmVKm6BLCYzWiUHmLiwllW52-diM9JWZmnMwh9qSCk4ZQu29Levo08lzbbU-ZzKDVkSYjKeO1PqiDuFG2ZopvYkoFXMbzjhtraf9GYVQDv8hlWcg8oeONddWotOKDqjMwtDq54h38fcYW8KBGxt7Y3T6yKjj4zlm6XQfc3F-_7jH0x5CUHPFtyCofJE0ZvOTSciMg1Oj1SbHhXFM9wO1VYkKkNO4OdXZTgeFXHuOvFWqEkFcw6XHjuNs5Qc5OtyKEusLKTeM8k12gGOCWSalf5cz5R6kTNAVPJdHMvDsHVfZNE2Il6VjnapjpdmTZiT7yB3gYAnbNz4jy3Pf0xW3O4JRBLOqLBrDgIooboDul9T9aOr1h85GAu6_0FG6ChFV9AzcwNVw3c_MIxoqvEZZ-K_T4qERDIF4exEQaP670DAzxx_ObjeOevoh0id4eCkDl73xnZysDOeVwO0iM7FfX6OA8tx6x7FWHPCoDE7Rv5EqLuKaEOlgmiyj-aLWP3rKWOGPwc4tkkhd2NDYQyCMPgqURyjxM-i_4NHKk0BXAUrQP58uOc9NIikz2hv5BxXuHJEa6I6-da4uHbKnZROgOlwwTnDh9IvT3k4AtiqSvKpW5xDrsQCT_CE1ec017815acsaKb5hx7yVQI9a3uniiF1RvqGOOwhq9rGh09xGzQrRSeZckGwgKgzl-DTLUJiW2sNifBxL8EgsDcj0MpECc4P_g1wG-kZDFOvptWVzSY-bGMf9l5iMok6Ze6tYDYfIwmxfWMSKLv4U7jbqI5J2HHJEdtzxTh9__nZFAB_Ks-ak7gwbnDvIdgdRjaJS6mQAR696FztafR0nxug2OQLHr3p9AGE9Of_w9GP6WaP2J9Hqq-RNRCWix5elHGDQ2xhzueqnlWMhMsY1zMo3A6S3AwETEEbPGETUynV8r9Ka6TA-6w29rbMCDPWAicd0Xkq_O-kRh1Iyn4LVMIhu3KcqjJd2rn/https://www.amazon.com/stores/page/35CE7788-6BFF-41C4-AC99-A17FF5DACC93/?_encoding=UTF8&store_ref=SB_A00128782VD0SR12LNGOI-A06376257134AQ8GIHHR&pd_rd_plhdr=t&aaxitk=93249a0ce9a73e8342caa5751113d515&hsa_cr_id=0&lp_asins=B0BRN2YG7F%2CB0F43P3145%2CB0BR7RXPYS&lp_query=gpu&lp_slot=desktop-inline&ref_=sbx__sbtcd2_bkgd&pd_rd_w=r1rcm&content-id=amzn1.sym.8a47ec59-c206-4272-83cb-e2017cc774b4%3Aamzn1.sym.8a47ec59-c206-4272-83cb-e2017cc774b4&pf_rd_p=8a47ec59-c206-4272-83cb-e2017cc774b4&pf_rd_r=RK0E088F7AC8F0GCCZ43&pd_rd_wg=6Bh5f&pd_rd_r=800549c4-ec49-4110-ba3b-a6b6a45c0ad7","","","","4.3","|","$99.99","$99.99","","Tomorrow","FREE delivery","Tomorrow, Apr 6","Overnight 7 AM - 11 AM"
"","https://aax-us-east-retail-direct.amazon.com/x/c/JEnbzDsTR4gewHNh71b0kzcAAAGdYBmRcgEAAAH2AQBvbm9fdHhuX2JpZDEgICBvbm9fdHhuX2ltcDEgICD6Qb9K/clv1c_ek-wwofXFcbWDoHOHovrJ16WHlXzGjt10Vb6KViCm3dCar32T7u3qgOf7xsOMUiZfNQWHg6mVyfyZofC7UDE1eso-0dNDzK7viiLy9A3DUNJh4xWjJjNNQR4Y3dwU-UkXOoLCy87S_l_s_BV8Uln4rgrIJ6cFNTqhN3M1H-cuC6ufM8U4SBYSBCGuFam5CeDmNA7LgN7RC8IZems42wgaybe2wYTzWgfmsjU7vCZqirhyuCXgvtzydkq-4yVMH6z3Sme-yXWTaPl3cIGJjuuqxH5P0GCAga532XLOLITn7XUGljSTSTgvPEn-kErnt58shhZhGF7jnW1rbaft4evgsCj1d4U22zuVFrSr6Xlaj1FzxKuKC-PG3BkxMKESDEAWicoEqfrY67k1Uim8BcHHxp7fPFg5nFrSorAHiMZkyDOHsSOteg9nhRSP2JjJXY1-IyUiQH81twf83lkGE1sRXt52LnBNUfntwkB-0Ict0aMa7SM4k9Ynw07gYfDqpAMqnYTTFJp2e0_dEGu3j5hxp8hVSZ4CmKnD87_mK5E1pFuTxS9iSQfOvioF5uj5cv36qWIaA358CANl3iUSDy6rK_AfA3f3DqnnlP8jnIYq2A2w0J-7KhnJdlOUxvw7JaXJd54aOGctpSHo5UBarl3lFuZoUygcn_x_yuDksJ5qXKSHaW_TYtcrAfqHEt5L5LVTe5nJ3DMzN9TMUT06L8OWo0ggMka4W6YlDyugATCn2jd030nq-vAVcLRRNfm5tBdIirL0MQSSkztS2nzY8QanFHJROazcO9H3XcyTIQ4EppH7Q1r6CpeZexPotD_ZUaue4Whrs2fCNUOF7XI0r6ymmTTxqxbgT0e66X02pIHgwL0Loae3efHGoEYP6GTb31FEnS1RUmDnHrsNAIvQKcXza-AJJIwMUVXOi8hexSO0PwTkaKamj1ktdm6mkeQ8c5H41_hCxW1mECaE-rHn-8IXQ9cNT5x38pNyRPBpXYRXkOGOZDDUHntVs5BX17jW4hTI0nKQmNFOXDpzd0wwIh5457CXPiaBHwZLcLVbQ2CErYwDWaf4RhQYuzYwxrExtAQq8tnl28/https://www.amazon.com/stores/page/B916E14A-6EA6-40A0-B386-1C60ECE20F5C/?_encoding=UTF8&pd_rd_plhdr=t&pd_rd_i=B0FBX5HTST&ref_=sbx_be_s_sparkle_ssd_bkg&store_ref=SBV_A024825426U949LTX67Z6-A076059110HY5ZZZO7GSH&lp_asins=B0FBX5HTST&pd_rd_w=AOteL&content-id=amzn1.sym.a55e4c23-ba6c-4408-a37e-65ef6d7a1c73%3Aamzn1.sym.a55e4c23-ba6c-4408-a37e-65ef6d7a1c73&pf_rd_p=a55e4c23-ba6c-4408-a37e-65ef6d7a1c73&pf_rd_r=RK0E088F7AC8F0GCCZ43&pd_rd_wg=6Bh5f&pd_rd_r=800549c4-ec49-4110-ba3b-a6b6a45c0ad7","","","","3.7","Shop","","","","","","",""
"200+ bought in past month","https://www.amazon.com/ASUS-3-125-slot-Military-Grade-Components-Protective/dp/B0DS6WTXGP/ref=sr_1_39?crid=346W5D56T0W20&dib=eyJ2IjoiMSJ9.ly4pTVvu1SpYlFFQAaEZv0B1HnGr-WMlMeKny7-RIHQ7Lff-CsqgNEPY_1r7eyP4DVWWOrzWBG1B23dD-YTVnrQehLLldyo66Kz5G4055BWakRAwnENR6sElL0VR16UL_jUrzxvv4MtAI_6MhhVDOFz68GypiJKH1mSlBVIXcze304P1GxzrOlnzUjLSd4_ZAe7nH6LsPVkWPTlHf_aN5yRyxNvVU90hewyGsPHKpoY.6b6zAUx3vHD4SOt8HxqT5IWp1IZ3tqXX46hseT_fyz0&dib_tag=se&keywords=gpu&qid=1775433781&sprefix=gp%2Caps%2C387&sr=8-39&xpid=kRTaaIQ0Ql4iY","https://m.media-amazon.com/images/I/81POeoI3lSL._AC_UY218_.jpg","","ASUS TUF GeForce RTX™ 5070 Ti 16GB GDDR7 OC Edition Graphics Card, NVIDIA, Desktop (PCIe® 5.0, HDMI®/DP 2.1, 3.125-Slot, Military-Grade Components, Protective PCB Coating, Axial-tech Fans)","4.7","(444)","$1,069.99","","","","FREE delivery","Thu, Apr 9",""
"100+ bought in past month","https://www.amazon.com/ASUS-DisplayPort-2-5-Slot-Axial-tech-Technology/dp/B0G1FVLWSG/ref=sr_1_40?crid=346W5D56T0W20&dib=eyJ2IjoiMSJ9.ly4pTVvu1SpYlFFQAaEZv0B1HnGr-WMlMeKny7-RIHQ7Lff-CsqgNEPY_1r7eyP4DVWWOrzWBG1B23dD-YTVnrQehLLldyo66Kz5G4055BWakRAwnENR6sElL0VR16UL_jUrzxvv4MtAI_6MhhVDOFz68GypiJKH1mSlBVIXcze304P1GxzrOlnzUjLSd4_ZAe7nH6LsPVkWPTlHf_aN5yRyxNvVU90hewyGsPHKpoY.6b6zAUx3vHD4SOt8HxqT5IWp1IZ3tqXX46hseT_fyz0&dib_tag=se&keywords=gpu&qid=1775433781&sprefix=gp%2Caps%2C387&sr=8-40&xpid=kRTaaIQ0Ql4iY","https://m.media-amazon.com/images/I/717atJYZtKL._AC_UY218_.jpg","","ASUS Dual GeForce RTX™ 5060 Ti 16GB GDDR7 White OC Edition (PCIe 5.0, 16GB GDDR7, DLSS 4, HDMI 2.1b, DisplayPort 2.1b, 2.5-Slot Design, Axial-tech Fan Design, 0dB Technology, and More)","4.8","(12)","$589.99","","","Overnight","FREE delivery","Overnight 7 AM - 11 AM",""
"50+ bought in past month","https://www.amazon.com/sspa/click?ie=UTF8&spc=MTo3MDUyNDgxMzY0NzY1Njc3OjE3NzU0MzM3ODE6c3BfbXRmOjMwMTA5NDkyNTY1OTkwMjo6MDo6&url=%2FARDIYES-Profile-Graphics-Multi-Monitor-Express%2Fdp%2FB0G397FZ14%2Fref%3Dsr_1_41_sspa%3Fcrid%3D346W5D56T0W20%26dib%3DeyJ2IjoiMSJ9.ly4pTVvu1SpYlFFQAaEZv0B1HnGr-WMlMeKny7-RIHQ7Lff-CsqgNEPY_1r7eyP4DVWWOrzWBG1B23dD-YTVnrQehLLldyo66Kz5G4055BWakRAwnENR6sElL0VR16UL_jUrzxvv4MtAI_6MhhVDOFz68GypiJKH1mSlBVIXcze304P1GxzrOlnzUjLSd4_ZAe7nH6LsPVkWPTlHf_aN5yRyxNvVU90hewyGsPHKpoY.6b6zAUx3vHD4SOt8HxqT5IWp1IZ3tqXX46hseT_fyz0%26dib_tag%3Dse%26keywords%3Dgpu%26qid%3D1775433781%26sprefix%3Dgp%252Caps%252C387%26sr%3D8-41-spons%26xpid%3DkRTaaIQ0Ql4iY%26sp_csd%3Dd2lkZ2V0TmFtZT1zcF9tdGY%26psc%3D1","https://m.media-amazon.com/images/I/715pXLrOwfL._AC_UY218_.jpg","Sponsored","GT 740 4GB GDDR5 Low Profile GPU Graphics Card, 4X HDMI Ports for Quad Multi-Monitor Setup, PCI Express 3.0 x16, Silent Cooling, Ideal for Office and Home Theater","3.8","(23)","$79.99","","","Overnight","FREE delivery","Overnight 7 AM - 11 AM",""
"","https://www.amazon.com/sspa/click?ie=UTF8&spc=MTo3MDUyNDgxMzY0NzY1Njc3OjE3NzU0MzM3ODE6c3BfbXRmOjMwMTIxMDM0OTUwNDEwMjo6MDo6&url=%2FQTHREE-Radeon-RX-560-XT%2Fdp%2FB0CG5TTJRJ%2Fref%3Dsr_1_42_sspa%3Fcrid%3D346W5D56T0W20%26dib%3DeyJ2IjoiMSJ9.ly4pTVvu1SpYlFFQAaEZv0B1HnGr-WMlMeKny7-RIHQ7Lff-CsqgNEPY_1r7eyP4DVWWOrzWBG1B23dD-YTVnrQehLLldyo66Kz5G4055BWakRAwnENR6sElL0VR16UL_jUrzxvv4MtAI_6MhhVDOFz68GypiJKH1mSlBVIXcze304P1GxzrOlnzUjLSd4_ZAe7nH6LsPVkWPTlHf_aN5yRyxNvVU90hewyGsPHKpoY.6b6zAUx3vHD4SOt8HxqT5IWp1IZ3tqXX46hseT_fyz0%26dib_tag%3Dse%26keywords%3Dgpu%26qid%3D1775433781%26sprefix%3Dgp%252Caps%252C387%26sr%3D8-42-spons%26xpid%3DkRTaaIQ0Ql4iY%26sp_csd%3Dd2lkZ2V0TmFtZT1zcF9tdGY%26psc%3D1","https://m.media-amazon.com/images/I/61axktz4VWL._AC_UY218_.jpg","Sponsored","QTHREE Radeon RX 560 XT 8GB GDDR5 Graphics Card,1792SP,128 Bits,DVI,HDMI,DP,Gaming Video Card for PC,Computer GPU,PCI Express x16 3.0","4.0","(96)","$127.99","","","","FREE delivery  for Prime members","Apr 15 - 20",""
"100+ bought in past month","https://www.amazon.com/NVIDIA-Jetson-Thor-Developer-Kit/dp/B0FTM2LXSF/ref=sr_1_43?crid=346W5D56T0W20&dib=eyJ2IjoiMSJ9.ly4pTVvu1SpYlFFQAaEZv0B1HnGr-WMlMeKny7-RIHQ7Lff-CsqgNEPY_1r7eyP4DVWWOrzWBG1B23dD-YTVnrQehLLldyo66Kz5G4055BWakRAwnENR6sElL0VR16UL_jUrzxvv4MtAI_6MhhVDOFz68GypiJKH1mSlBVIXcze304P1GxzrOlnzUjLSd4_ZAe7nH6LsPVkWPTlHf_aN5yRyxNvVU90hewyGsPHKpoY.6b6zAUx3vHD4SOt8HxqT5IWp1IZ3tqXX46hseT_fyz0&dib_tag=se&keywords=gpu&qid=1775433781&sprefix=gp%2Caps%2C387&sr=8-43&xpid=kRTaaIQ0Ql4iY","https://m.media-amazon.com/images/I/71r8FRLSUjL._AC_UY218_.jpg","","NVIDIA Jetson Thor Developer Kit","4.2","(19)","$3,499.99","","","Tomorrow","FREE delivery","Tomorrow, Apr 6",""
"50+ bought in past month","https://www.amazon.com/ASUS-Vivobook-15-Business-Bluetooth/dp/B0CT3HVZTY/ref=sr_1_44?crid=346W5D56T0W20&dib=eyJ2IjoiMSJ9.ly4pTVvu1SpYlFFQAaEZv0B1HnGr-WMlMeKny7-RIHQ7Lff-CsqgNEPY_1r7eyP4DVWWOrzWBG1B23dD-YTVnrQehLLldyo66Kz5G4055BWakRAwnENR6sElL0VR16UL_jUrzxvv4MtAI_6MhhVDOFz68GypiJKH1mSlBVIXcze304P1GxzrOlnzUjLSd4_ZAe7nH6LsPVkWPTlHf_aN5yRyxNvVU90hewyGsPHKpoY.6b6zAUx3vHD4SOt8HxqT5IWp1IZ3tqXX46hseT_fyz0&dib_tag=se&keywords=gpu&qid=1775433781&sprefix=gp%2Caps%2C387&sr=8-44&xpid=kRTaaIQ0Ql4iY","https://m.media-amazon.com/images/I/81A43rEo8ZL._AC_UY218_.jpg","","ASUS ROG Astral LC GeForce RTX™ 5090 32GB GDDR7 OC Edition – Experience Fluid Force with a 360mm AIO Cooler for Optimal Performance that can Achieve The Highest GPU Boost Clock","4.8","(15)","$4,450.00","","","","FREE delivery","Tue, Apr 14","Tue, Apr 7"
"100+ bought in past month","https://www.amazon.com/ASRock-B580-Legend-Triple-Graphics/dp/B0DNV4NRK5/ref=sr_1_45?crid=346W5D56T0W20&dib=eyJ2IjoiMSJ9.ly4pTVvu1SpYlFFQAaEZv0B1HnGr-WMlMeKny7-RIHQ7Lff-CsqgNEPY_1r7eyP4DVWWOrzWBG1B23dD-YTVnrQehLLldyo66Kz5G4055BWakRAwnENR6sElL0VR16UL_jUrzxvv4MtAI_6MhhVDOFz68GypiJKH1mSlBVIXcze304P1GxzrOlnzUjLSd4_ZAe7nH6LsPVkWPTlHf_aN5yRyxNvVU90hewyGsPHKpoY.6b6zAUx3vHD4SOt8HxqT5IWp1IZ3tqXX46hseT_fyz0&dib_tag=se&keywords=gpu&qid=1775433781&sprefix=gp%2Caps%2C387&sr=8-45&xpid=kRTaaIQ0Ql4iY","https://m.media-amazon.com/images/I/81TKokStTYL._AC_UY218_.jpg","","ASRock Intel Arc B580 Steel Legend 12GB OC Graphics Card, 2800 MHz GPU Clock, 12GB GDDR6, DisplayPort 2.1, HDMI 2.1a, Triple Fan Cooling, Polychrome SYNC","4.5","(382)","$309.99","","","Two-Day","FREE delivery","Tue, Apr 7",""
"100+ bought in past month","https://www.amazon.com/MSI-Graphics-192-bit-Extreme-Performance/dp/B0DYG7KB27/ref=sr_1_46?crid=346W5D56T0W20&dib=eyJ2IjoiMSJ9.ly4pTVvu1SpYlFFQAaEZv0B1HnGr-WMlMeKny7-RIHQ7Lff-CsqgNEPY_1r7eyP4DVWWOrzWBG1B23dD-YTVnrQehLLldyo66Kz5G4055BWakRAwnENR6sElL0VR16UL_jUrzxvv4MtAI_6MhhVDOFz68GypiJKH1mSlBVIXcze304P1GxzrOlnzUjLSd4_ZAe7nH6LsPVkWPTlHf_aN5yRyxNvVU90hewyGsPHKpoY.6b6zAUx3vHD4SOt8HxqT5IWp1IZ3tqXX46hseT_fyz0&dib_tag=se&keywords=gpu&qid=1775433781&sprefix=gp%2Caps%2C387&sr=8-46&ufe=app_do%3Aamzn1.fos.5998aa40-ec6f-4947-a68f-cd087fee0848&xpid=kRTaaIQ0Ql4iY","https://m.media-amazon.com/images/I/81rLJMXHXTL._AC_UY218_.jpg","","msi Gaming RTX 5070 12G Ventus 3X OC Graphics Card (12GB GDDR7, 192-bit, Extreme Performance: 2557 MHz, DisplayPort x3 2.1a, HDMI 2.1b, NVIDIA Blackwell Architecture)","4.5","(142)","$639.99","$694.99","$694.99","Overnight","FREE delivery","Overnight 7 AM - 11 AM",""
"New Price:","https://www.amazon.com/NVIDIA-GeForce-Founders-Graphics-Renewed/dp/B09GWB753L/ref=sr_1_47?crid=346W5D56T0W20&dib=eyJ2IjoiMSJ9.ly4pTVvu1SpYlFFQAaEZv0B1HnGr-WMlMeKny7-RIHQ7Lff-CsqgNEPY_1r7eyP4DVWWOrzWBG1B23dD-YTVnrQehLLldyo66Kz5G4055BWakRAwnENR6sElL0VR16UL_jUrzxvv4MtAI_6MhhVDOFz68GypiJKH1mSlBVIXcze304P1GxzrOlnzUjLSd4_ZAe7nH6LsPVkWPTlHf_aN5yRyxNvVU90hewyGsPHKpoY.6b6zAUx3vHD4SOt8HxqT5IWp1IZ3tqXX46hseT_fyz0&dib_tag=se&keywords=gpu&qid=1775433781&sprefix=gp%2Caps%2C387&sr=8-47&xpid=kRTaaIQ0Ql4iY","https://m.media-amazon.com/images/I/61wx-RzpxLL._AC_UY218_.jpg","","NVIDIA GeForce RTX 3090 Founders Edition Graphics Card (Renewed)","4.1","(33)","$1,479.99","$2,199.99","$2,199.99","Two-Day","FREE delivery","Tue, Apr 7",""
"","https://www.amazon.com/Kelinx-AISURIX-Graphics-Express-Computer/dp/B0CRHMNVZF/ref=sr_1_48?crid=346W5D56T0W20&dib=eyJ2IjoiMSJ9.ly4pTVvu1SpYlFFQAaEZv0B1HnGr-WMlMeKny7-RIHQ7Lff-CsqgNEPY_1r7eyP4DVWWOrzWBG1B23dD-YTVnrQehLLldyo66Kz5G4055BWakRAwnENR6sElL0VR16UL_jUrzxvv4MtAI_6MhhVDOFz68GypiJKH1mSlBVIXcze304P1GxzrOlnzUjLSd4_ZAe7nH6LsPVkWPTlHf_aN5yRyxNvVU90hewyGsPHKpoY.6b6zAUx3vHD4SOt8HxqT5IWp1IZ3tqXX46hseT_fyz0&dib_tag=se&keywords=gpu&qid=1775433781&sprefix=gp%2Caps%2C387&sr=8-48&xpid=kRTaaIQ0Ql4iY","https://m.media-amazon.com/images/I/612B-G96i3L._AC_UY218_.jpg","","AISURIX RX 580 Graphics Card, 2048SP, Real 8GB, GDDR5, 256 Bit, Pc Gaming Video Card, 2XDP, HDMI, PCI Express 3.0 with Freeze Fan Stop for Desktop Computer Gaming Gpu","4.2","(414)","$129.99","","","Overnight","FREE delivery","Overnight 7 AM - 11 AM",""
"Only 19 left in stock - order soon.","https://www.amazon.com/GIGABYTE-GeForce-WINDFORCE-Graphics-GV-N5070WF3OC-12GD/dp/B0DTGP2WMT/ref=sr_1_49?crid=346W5D56T0W20&dib=eyJ2IjoiMSJ9.ly4pTVvu1SpYlFFQAaEZv0B1HnGr-WMlMeKny7-RIHQ7Lff-CsqgNEPY_1r7eyP4DVWWOrzWBG1B23dD-YTVnrQehLLldyo66Kz5G4055BWakRAwnENR6sElL0VR16UL_jUrzxvv4MtAI_6MhhVDOFz68GypiJKH1mSlBVIXcze304P1GxzrOlnzUjLSd4_ZAe7nH6LsPVkWPTlHf_aN5yRyxNvVU90hewyGsPHKpoY.6b6zAUx3vHD4SOt8HxqT5IWp1IZ3tqXX46hseT_fyz0&dib_tag=se&keywords=gpu&qid=1775433781&sprefix=gp%2Caps%2C387&sr=8-49&xpid=kRTaaIQ0Ql4iY","https://m.media-amazon.com/images/I/71N6P3QQplL._AC_UY218_.jpg","","Gigabyte GeForce RTX 5070 WINDFORCE OC SFF 12G Graphics Card - 16 GB GDDR7, 256 Bits, PCI-E 5.0, 2542 MHz Core Clock, 3 x DP 2.1a, 1 x HDMI 2.1b, NVIDIA DLSS 4, GV-N5070WF3OC-12GD","4.5","(580)","$649.99","","","Two-Day","FREE delivery","Tue, Apr 7",""
"Or","https://www.amazon.com/GIGABYTE-Graphics-WINDFORCE-GV-N507TGAMING-OC-16GD/dp/B0DTRC7782/ref=sr_1_50?crid=346W5D56T0W20&dib=eyJ2IjoiMSJ9.ly4pTVvu1SpYlFFQAaEZv0B1HnGr-WMlMeKny7-RIHQ7Lff-CsqgNEPY_1r7eyP4DVWWOrzWBG1B23dD-YTVnrQehLLldyo66Kz5G4055BWakRAwnENR6sElL0VR16UL_jUrzxvv4MtAI_6MhhVDOFz68GypiJKH1mSlBVIXcze304P1GxzrOlnzUjLSd4_ZAe7nH6LsPVkWPTlHf_aN5yRyxNvVU90hewyGsPHKpoY.6b6zAUx3vHD4SOt8HxqT5IWp1IZ3tqXX46hseT_fyz0&dib_tag=se&keywords=gpu&qid=1775433781&sprefix=gp%2Caps%2C387&sr=8-50&ufe=app_do%3Aamzn1.fos.5998aa40-ec6f-4947-a68f-cd087fee0848&xpid=kRTaaIQ0Ql4iY","https://m.media-amazon.com/images/I/812BZZHeKTL._AC_UY218_.jpg","","GIGABYTE GeForce RTX 5070 Ti Gaming OC 16G Graphics Card, 16GB 256-bit GDDR7, PCIe 5.0, WINDFORCE Cooling System, GV-N507TGAMING OC-16GD Video Card","4.5","(208)","$1,099.99","","$220.00","Tomorrow","FREE delivery","Tomorrow, Apr 6",""
"50+ bought in past month","https://www.amazon.com/GIGABYTE-Graphics-WATERFORCE-Thunderbolt-GV-N5090IXEB-32GD/dp/B0FRV1FRBC/ref=sr_1_51?crid=346W5D56T0W20&dib=eyJ2IjoiMSJ9.ly4pTVvu1SpYlFFQAaEZv0B1HnGr-WMlMeKny7-RIHQ7Lff-CsqgNEPY_1r7eyP4DVWWOrzWBG1B23dD-YTVnrQehLLldyo66Kz5G4055BWakRAwnENR6sElL0VR16UL_jUrzxvv4MtAI_6MhhVDOFz68GypiJKH1mSlBVIXcze304P1GxzrOlnzUjLSd4_ZAe7nH6LsPVkWPTlHf_aN5yRyxNvVU90hewyGsPHKpoY.6b6zAUx3vHD4SOt8HxqT5IWp1IZ3tqXX46hseT_fyz0&dib_tag=se&keywords=gpu&qid=1775433781&sprefix=gp%2Caps%2C387&sr=8-51&xpid=kRTaaIQ0Ql4iY","https://m.media-amazon.com/images/I/716SSpn2P1L._AC_UY218_.jpg","","GIGABYTE AORUS RTX 5090 AI Box Graphics Card, WATERFORCE All-in-one Cooling System, Thunderbolt 5, USB-4, GV-N5090IXEB-32GD Video Card","5.0","(1)","$3,599.99","","","Tomorrow","FREE delivery","Tomorrow, Apr 6",""
"10K+ bought in past month","https://www.amazon.com/ARCTIC-MX-4-2019-Performance-Durability/dp/B07L9BDY3T/ref=sr_1_52?crid=346W5D56T0W20&dib=eyJ2IjoiMSJ9.ly4pTVvu1SpYlFFQAaEZv0B1HnGr-WMlMeKny7-RIHQ7Lff-CsqgNEPY_1r7eyP4DVWWOrzWBG1B23dD-YTVnrQehLLldyo66Kz5G4055BWakRAwnENR6sElL0VR16UL_jUrzxvv4MtAI_6MhhVDOFz68GypiJKH1mSlBVIXcze304P1GxzrOlnzUjLSd4_ZAe7nH6LsPVkWPTlHf_aN5yRyxNvVU90hewyGsPHKpoY.6b6zAUx3vHD4SOt8HxqT5IWp1IZ3tqXX46hseT_fyz0&dib_tag=se&keywords=gpu&qid=1775433781&sprefix=gp%2Caps%2C387&sr=8-52&xpid=kRTaaIQ0Ql4iY","https://m.media-amazon.com/images/I/51fVtU+cDIL._AC_UY218_.jpg","","ARCTIC MX-4 (4 g) - Premium Performance Thermal Paste for All Processors (CPU, GPU - PC, PS4, Xbox), Very high Thermal Conductivity, Long Durability, Safe Application, Non-Conductive, Non-capacitive","4.8","(102.2K)","$6.39","$8.99","$8.99","Overnight","FREE delivery  on $25 of qualifying items","Overnight 7 AM - 11 AM","in 3 hours"
"100+ bought in past month","https://www.amazon.com/SOYO-Geforce-Profile-Graphics-Computer/dp/B0FCFB6Q6P/ref=sr_1_53?crid=346W5D56T0W20&dib=eyJ2IjoiMSJ9.ly4pTVvu1SpYlFFQAaEZv0B1HnGr-WMlMeKny7-RIHQ7Lff-CsqgNEPY_1r7eyP4DVWWOrzWBG1B23dD-YTVnrQehLLldyo66Kz5G4055BWakRAwnENR6sElL0VR16UL_jUrzxvv4MtAI_6MhhVDOFz68GypiJKH1mSlBVIXcze304P1GxzrOlnzUjLSd4_ZAe7nH6LsPVkWPTlHf_aN5yRyxNvVU90hewyGsPHKpoY.6b6zAUx3vHD4SOt8HxqT5IWp1IZ3tqXX46hseT_fyz0&dib_tag=se&keywords=gpu&qid=1775433781&sprefix=gp%2Caps%2C387&sr=8-53&xpid=kRTaaIQ0Ql4iY","https://m.media-amazon.com/images/I/71heUFOXwTL._AC_UY218_.jpg","","SOYO GeForce GT 740 4GB Low Profile Graphics Card, HDMI/VGA/DVI-D Triple Output, 4GB DDR3 128-Bit, SFF Half-Height Video Card for Slim Desktop PC, Computer GPU Supports Windows 11/10/8/7","4.6","(58)","$64.99","","","Overnight","FREE delivery","Overnight 7 AM - 11 AM",""
"Only 2 left in stock - order soon.","https://www.amazon.com/NVD-RTX-PRO-6000-Blackwell/dp/B0F7Y644FQ/ref=sr_1_54?crid=346W5D56T0W20&dib=eyJ2IjoiMSJ9.ly4pTVvu1SpYlFFQAaEZv0B1HnGr-WMlMeKny7-RIHQ7Lff-CsqgNEPY_1r7eyP4DVWWOrzWBG1B23dD-YTVnrQehLLldyo66Kz5G4055BWakRAwnENR6sElL0VR16UL_jUrzxvv4MtAI_6MhhVDOFz68GypiJKH1mSlBVIXcze304P1GxzrOlnzUjLSd4_ZAe7nH6LsPVkWPTlHf_aN5yRyxNvVU90hewyGsPHKpoY.6b6zAUx3vHD4SOt8HxqT5IWp1IZ3tqXX46hseT_fyz0&dib_tag=se&keywords=gpu&qid=1775433781&sprefix=gp%2Caps%2C387&sr=8-54&xpid=kRTaaIQ0Ql4iY","https://m.media-amazon.com/images/I/512PK+U4N5L._AC_UY218_.jpg","","NVD RTX PRO 6000 Blackwell Professional Workstation Edition Graphics Card for AI, Design, Simulation, Engineering - 96GB DDR7 ECC Memory - 4th Gen RT/5th Gen Tensor Core GPU - OEM Packaging","4.6","(17)","$9,475.99","","","","FREE delivery","Fri, Apr 10","Tue, Apr 7"
"100+ bought in past month","https://www.amazon.com/s?k=gpu&page=3&crid=346W5D56T0W20&qid=1775433773&sprefix=gp%2Caps%2C387&xpid=kRTaaIQ0Ql4iY&ref=sr_pg_2#","https://m.media-amazon.com/images/I/710z15qCZuL._AC_UL320_.jpg","","","4.6","(23)","$599.99","$699.99","$699.99","Two-Day","FREE delivery","Tue, Apr 7","Tue, Apr 7"
"cpu","https://www.amazon.com/s?k=cpu&ref=rsl_sug_0_0&pd_rd_w=GM9lg&content-id=amzn1.sym.3be64970-3b95-4a6d-a45d-78077a3ff871:amzn1.sym.3be64970-3b95-4a6d-a45d-78077a3ff871&pf_rd_p=3be64970-3b95-4a6d-a45d-78077a3ff871&pf_rd_r=RK0E088F7AC8F0GCCZ43&pd_rd_wg=D5rmd&pd_rd_r=db5cd414-d21b-4c53-b3a2-61a5a15489fd&qid=1775433781","","","","","","","","","","","",""
"","","","","","","","","","","","","",""
"","https://aax-us-east-retail-direct.amazon.com/x/c/JH3khgDlFKMgnV2GGintw1EAAAGdYBmSXQEAAAH2AQBvbm9fdHhuX2JpZDIgICBvbm9fdHhuX2ltcDEgICBLiSdS/clv1c_ek-wwvf3VcbWTPWY5yX3IfBwyrKYEIfmH5mfuO22FakRo2nwIFDwmc2Ge-ZHxFrk6aOQHvPkTVd1it1c80fLCfdMt_MLEzfe3trywO520AyOkxcwNGpWLCz_5o1Qznv-hcmT5txIdHBvS5Z-xoDWcvDarfk8Vlcs0sR7wyOxvLATMRt7ipVdtQFUz0Wh0RKYNzyc3BMvO5_dgYQlMWAi14oDUWNxshYklyn-sHBVZp_G5otxhMw5QDKvrnTfZoSkv_yWy_MxvVWLb4DbMcIIcmUTzEePYqNvJw67f5ATmzRPB__6TvcwTufLHcs5SqmPu9EN0c8SK8V6jKSTRaf0V_p04BsH21iAbqjy8C-Pqe7DCQGKIqNRuzNUJEU2EhcclD89iQRMerUCOZmdxZMvYuREGallErXl5kCmcCfCyhR0QAiCgVcU5EofiYSaH-diPYu6mxJSMbtm3_8C6yGefASxKcI4H-Uepe-z2mmg49nP9dxfV6sofDyZzcmCcb3lmR3MWA7g4cvdN0jHIhkm9_jE01EzWL_qi_y90AhLRj6ZNBhMEbmX7AhlogyUbSLOt81DiLgJbcEUC9Y2i8JEhsfKozuGGuOFEEQdvsKsLXs4zyU-c_ELJZCCLIfLI_FZAw-CKiXIUdK4Ijt906MlwcjVwT-URwlBgXSQqQxljzXy-I8TcgumGHb0cjvYxQ3S-jTZUgOlLt2SP7ZRmiEqgwNBfmxEwK4khELD85OcD2Xn2PxMsbFg9LAQt8leNdD2c-5Bz5iXC8aaLIcaX5j6OTRs3LS0sRbFAX4dAkD3k6DgFZRV6kJoyCMFkTKfcUiQlyKfBEim-SHps9dXavkaaSXvju3ivkzPaLjuMjLkxjDT8_OFpnKZ8LKqdgIMjC4_H3bslPTpO2X3VOqjr0WTczz7UYEfqngkVNt1mU6ZdCx1I5DijmrHiCNEcwT9jCxzbjlfKJ5Go90J1zB3pNb9X5rI7i4HxF0z9ZJzrTdqVEyIISfDVCJJ1W8Ul5Kjyy3epIFnllmKLIfym9upg69CfYTQS9hP2XrKcML4ff9hIQzTrbZykitTVUyoz3uWXkaT1w/https://www.amazon.com/stores/page/ACB5F6B0-CD2A-4CD9-B965-C9D35F036168/?_encoding=UTF8&store_ref=SB_A0876420QSEBYHBF69N-A0592309353D2H55MQ7QV&pd_rd_plhdr=t&aaxitk=f23219485f2b8f58824b415228409395&hsa_cr_id=0&lp_asins=B0GLF2KYKN%2CB0DRP316J1%2CB0F8QKDY2S&lp_query=gpu&lp_slot=desktop-hsa-3psl&ref_=sbx_be_s_3psl_mbd_mb0_bkgd&pd_rd_w=YBdXY&content-id=amzn1.sym.7d5eb573-01e8-49db-b262-65baa247c724%3Aamzn1.sym.7d5eb573-01e8-49db-b262-65baa247c724&pf_rd_p=7d5eb573-01e8-49db-b262-65baa247c724&pf_rd_r=RK0E088F7AC8F0GCCZ43&pd_rd_wg=Kvw08&pd_rd_r=581ad196-58f1-47a0-b81b-95fadce905ac","","","","","","","","","","","",""
"","https://aax-us-east-retail-direct.amazon.com/x/c/JHdEbNzvVKVFBYfXJxABe90AAAGdYBmfZQEAAAH2AQBvbm9fdHhuX2JpZDEgICBvbm9fdHhuX2ltcDIgICDXe_yS/clv1c_ek-ww4HXFcbWDYHOHovrJ16WHlXzGjt10Va6M0wir_MEkr1M33pgpmq7qkUD5nzSwNB6PZjQdGf-_-4CNS0ITI2wYwhpRHou0DWFDefY3GbOi0VF-ZlsDmv9wmklhmlfionFPQiihKdmUqylOfx3g6Bbod-CxkPpnu7gkxcTnKfEpqMxdHU4c5mb1LwpALMShO6Tsl-jOiNIdH1vE4CAQbORU-oGtgVkktTQ8-CaUugeatJKrANIl15ulF5sS_nUNN5XM1gztW1ReeAdLjeVsxXoOyWeBdtC7SGrbRO_wmfwewcxXg1qiLWm2Xn1QH0a_zzkJOMVhaqWaX634vxLbiKRbx7e7Tgk0qgzuB5fZpDvar7C70Rci3eHk9eoKCYJ-V2okj09EmBb9xmW2O6OHm2W75DSosX70AVLWcPYbNxZz8y5r-7kx7UIN2GMLGNEEFcrAg-wkZjYMgd5Vhg0KvZPQxSC7puAkjDmj3FnHHrTfMoTsJ0tVwNCjCc3BiSZihYU-WwTguu85FTBhPz9g_97ORvNitiYOborNVLsd5rORcZw8IOQvXPPURfZLf41DPO-AlFM8bAX6z7V_qvgktWo4IKRlU5-Qw3x2KAWpJjRumvVulMqJ9a-Ef1yiM-ooWizJYPT53RJ7mXUS9i5OVtah0U62iWR1AAkoUCWHrtytzZdMAGnXDcuBgI-ugSe5_hJdtIAoGsCXPx4WTSGzjExqvmDYLU6d3waJ7YAJdr54B5TLLW01vJIPPltYDX0l-uS8PLjizDlI9q3Fn89B23R77ZRrI9F_v0VogB4sU9HTQIimRp9QcfSGhQ-9XBzHcQhqzA9aBO0s1Yky7jEM5MZdmqzZXyipRAO2Zg8iaKSq2sd-p3uWyTu_JLdxtw0i5he9WNJEq4QGHaBhcuPvScRYzLesp545NUSVJ2YTdZFWjXPBsyI_qycRTP0vauKWXX9Nf0pjWwrEvJjXhT6XbZtI3ZEtlVdIjq5ZadY0qIl-DBn-NKMWBbV2Jfa_YZLDWDQEFSCypdBKGRgOa4-ilaS9168if1FlHvp2RI/https://www.amazon.com/stores/page/39F35EF5-977D-4ED8-AF23-DCC058F5D3FE/?_encoding=UTF8&store_ref=SB_A08817451WUTLNLLY5D1W-A04836022D66X3IY2YS2Q&pd_rd_plhdr=t&aaxitk=b075b2158eccddebdc7b1fa8210bdb25&hsa_cr_id=0&lp_asins=B0CP3MZZ75%2CB082WVQP5T%2CB0CP3MTP68&lp_query=gpu&lp_slot=auto-sparkle-hsa-tetris&ref_=sbx_be_s_sparkle_ssd_bkgd&pd_rd_w=PRgcX&content-id=amzn1.sym.cc961e39-6f5f-411e-8135-81c6c1187ac0%3Aamzn1.sym.cc961e39-6f5f-411e-8135-81c6c1187ac0&pf_rd_p=cc961e39-6f5f-411e-8135-81c6c1187ac0&pf_rd_r=SCP8KZ3HPN5C2WKCHW0Q&pd_rd_wg=BJlao&pd_rd_r=f644f47f-576d-45ce-afde-70f3a28e5052","","","","","","","","","","","",""
"Only 1 left in stock - order soon.","https://www.amazon.com/sspa/click?ie=UTF8&spc=MTo4NzU5MDg2NDYzMTI2NTc6MTc3NTQzMzc4NTpzcF9hdGZfbmV4dDozMDExODU3NTA4NzAyMDI6OjA6Og&url=%2FAlphacool-Geforce-Suprim-Vanguard-Backplate%2Fdp%2FB0DWV8TLGQ%2Fref%3Dsr_1_49_sspa%3Fcrid%3D346W5D56T0W20%26dib%3DeyJ2IjoiMSJ9._clwylxkA4OUUW5Afm5tuhCDt1LM0Vei-xcJQ8AKF6ZQtK7mKc_VXizXZ0oHvpqzV9xBGEW0gFX_fX2E___5cltmTYQsCSWdFdrqvenjDa23ALUShHyU13oNtBTur1xneRhJlB2-aFRhpq1htbBob0lByQA_tL3HWr3ad4QcPVC8Vx-tRX1dXR1c4RoEJsT-mv2KteIyz2dW9UGpV2Myrl5GB9btQmeHfpsPE0ZOpf8.lF3L77iFFYaflSd35KKBKPsEHZrpFjoc6rc_iMlSyqo%26dib_tag%3Dse%26keywords%3Dgpu%26qid%3D1775433784%26sprefix%3Dgp%252Caps%252C387%26sr%3D8-49-spons%26xpid%3DkRTaaIQ0Ql4iY%26sp_csd%3Dd2lkZ2V0TmFtZT1zcF9hdGZfbmV4dA%26psc%3D1","https://m.media-amazon.com/images/I/514o+YyekPL._AC_UY218_.jpg","Sponsored","Alphacool Core Geforce RTX 5090 Suprim + Vanguard GPU Water Block with Backplate","5.0","(3)","$274.99","","","","FREE delivery","Apr 7 - 8","Tue, Apr 7"
"Only 1 left in stock - order soon.","https://www.amazon.com/sspa/click?ie=UTF8&spc=MTo4NzU5MDg2NDYzMTI2NTc6MTc3NTQzMzc4NTpzcF9hdGZfbmV4dDozMDExODYyMTUxMDY1MDI6OjA6Og&url=%2FAlphacool-Geforce-Gaming-Windforce-Backplate%2Fdp%2FB0FHQTQMNM%2Fref%3Dsr_1_50_sspa%3Fcrid%3D346W5D56T0W20%26dib%3DeyJ2IjoiMSJ9._clwylxkA4OUUW5Afm5tuhCDt1LM0Vei-xcJQ8AKF6ZQtK7mKc_VXizXZ0oHvpqzV9xBGEW0gFX_fX2E___5cltmTYQsCSWdFdrqvenjDa23ALUShHyU13oNtBTur1xneRhJlB2-aFRhpq1htbBob0lByQA_tL3HWr3ad4QcPVC8Vx-tRX1dXR1c4RoEJsT-mv2KteIyz2dW9UGpV2Myrl5GB9btQmeHfpsPE0ZOpf8.lF3L77iFFYaflSd35KKBKPsEHZrpFjoc6rc_iMlSyqo%26dib_tag%3Dse%26keywords%3Dgpu%26qid%3D1775433784%26sprefix%3Dgp%252Caps%252C387%26sr%3D8-50-spons%26xpid%3DkRTaaIQ0Ql4iY%26sp_csd%3Dd2lkZ2V0TmFtZT1zcF9hdGZfbmV4dA%26psc%3D1","https://m.media-amazon.com/images/I/51yTnXKcc3L._AC_UY218_.jpg","Sponsored","Alphacool Core Geforce RTX 5090 Gaming and Windforce GPU Water Block with Backplate","","","$280.14","","","","FREE delivery","Apr 7 - 8","Tue, Apr 7"
"1K+ bought in past month","https://www.amazon.com/AMD-Ryzen-7800X3D-16-Thread-Processor/dp/B0BTZB7F88/ref=sr_1_51?crid=346W5D56T0W20&dib=eyJ2IjoiMSJ9._clwylxkA4OUUW5Afm5tuhCDt1LM0Vei-xcJQ8AKF6ZQtK7mKc_VXizXZ0oHvpqzV9xBGEW0gFX_fX2E___5cltmTYQsCSWdFdrqvenjDa23ALUShHyU13oNtBTur1xneRhJlB2-aFRhpq1htbBob0lByQA_tL3HWr3ad4QcPVC8Vx-tRX1dXR1c4RoEJsT-mv2KteIyz2dW9UGpV2Myrl5GB9btQmeHfpsPE0ZOpf8.lF3L77iFFYaflSd35KKBKPsEHZrpFjoc6rc_iMlSyqo&dib_tag=se&keywords=gpu&qid=1775433784&sprefix=gp%2Caps%2C387&sr=8-51&xpid=kRTaaIQ0Ql4iY","https://m.media-amazon.com/images/I/51HqC0rU9HL._AC_UY218_.jpg","","AMD Ryzen 7 7800X3D 8-Core, 16-Thread Desktop Processor","4.8","(7.5K)","$399.00","$449.00","$449.00","Overnight","FREE delivery","Overnight 7 AM - 11 AM","in 3 hours"
"300+ bought in past month","https://www.amazon.com/GIGABYTE-Graphics-WINDFORCE-GV-N506TGAMING-OC-16GD/dp/B0F5BD1X83/ref=sr_1_52?crid=346W5D56T0W20&dib=eyJ2IjoiMSJ9._clwylxkA4OUUW5Afm5tuhCDt1LM0Vei-xcJQ8AKF6ZQtK7mKc_VXizXZ0oHvpqzV9xBGEW0gFX_fX2E___5cltmTYQsCSWdFdrqvenjDa23ALUShHyU13oNtBTur1xneRhJlB2-aFRhpq1htbBob0lByQA_tL3HWr3ad4QcPVC8Vx-tRX1dXR1c4RoEJsT-mv2KteIyz2dW9UGpV2Myrl5GB9btQmeHfpsPE0ZOpf8.lF3L77iFFYaflSd35KKBKPsEHZrpFjoc6rc_iMlSyqo&dib_tag=se&keywords=gpu&qid=1775433784&sprefix=gp%2Caps%2C387&sr=8-52&xpid=kRTaaIQ0Ql4iY","https://m.media-amazon.com/images/I/71NyB6p4W3L._AC_UY218_.jpg","","GIGABYTE GeForce RTX 5060 Ti Gaming OC 16G Graphics Card, by NVIDIA,16GB 128-bit GDDR7, PCIe 5.0, WINDFORCE Cooling System,DisplayPort & HDMI - Video Output Interface,GV-N506TGAMING OC-16GD Video Card","4.8","(216)","$699.99","","","","FREE delivery","Mon, Apr 13","Wed, Apr 8"
"","https://www.amazon.com/sspa/click?ie=UTF8&spc=MTo4NzU5MDg2NDYzMTI2NTc6MTc3NTQzMzc4NTpzcF9tdGY6MzAwNTg5MjI4NTgxOTAyOjowOjo&url=%2FYunseity-GTX1050Ti-Graphic-Graphics-Independent%2Fdp%2FB0CG6QB6P4%2Fref%3Dsr_1_53_sspa%3Fcrid%3D346W5D56T0W20%26dib%3DeyJ2IjoiMSJ9._clwylxkA4OUUW5Afm5tuhCDt1LM0Vei-xcJQ8AKF6ZQtK7mKc_VXizXZ0oHvpqzV9xBGEW0gFX_fX2E___5cltmTYQsCSWdFdrqvenjDa23ALUShHyU13oNtBTur1xneRhJlB2-aFRhpq1htbBob0lByQA_tL3HWr3ad4QcPVC8Vx-tRX1dXR1c4RoEJsT-mv2KteIyz2dW9UGpV2Myrl5GB9btQmeHfpsPE0ZOpf8.lF3L77iFFYaflSd35KKBKPsEHZrpFjoc6rc_iMlSyqo%26dib_tag%3Dse%26keywords%3Dgpu%26qid%3D1775433784%26sprefix%3Dgp%252Caps%252C387%26sr%3D8-53-spons%26xpid%3DkRTaaIQ0Ql4iY%26sp_csd%3Dd2lkZ2V0TmFtZT1zcF9tdGY%26psc%3D1","https://m.media-amazon.com/images/I/61ZvvCDRXML._AC_UY218_.jpg","Sponsored","Yunseity GTX1050Ti Graphic Card, 4GB DDR5 128bit Gaming Graphics Card with Cooling Fan, 700MHz 3D API DirectX 12, PCI Express 2.0 Independent Desktop Video Card","2.3","(50)","$61.08","","","","FREE delivery","Apr 15 - 24",""
"","https://www.amazon.com/sspa/click?ie=UTF8&spc=MTo4NzU5MDg2NDYzMTI2NTc6MTc3NTQzMzc4NTpzcF9tdGY6MzAwNzk3MTM0NTgxMDAyOjowOjo&url=%2FKelinx-AISURIX-Graphics-Express-Computer%2Fdp%2FB0CRHMNVZF%2Fref%3Dsr_1_54_sspa%3Fcrid%3D346W5D56T0W20%26dib%3DeyJ2IjoiMSJ9._clwylxkA4OUUW5Afm5tuhCDt1LM0Vei-xcJQ8AKF6ZQtK7mKc_VXizXZ0oHvpqzV9xBGEW0gFX_fX2E___5cltmTYQsCSWdFdrqvenjDa23ALUShHyU13oNtBTur1xneRhJlB2-aFRhpq1htbBob0lByQA_tL3HWr3ad4QcPVC8Vx-tRX1dXR1c4RoEJsT-mv2KteIyz2dW9UGpV2Myrl5GB9btQmeHfpsPE0ZOpf8.lF3L77iFFYaflSd35KKBKPsEHZrpFjoc6rc_iMlSyqo%26dib_tag%3Dse%26keywords%3Dgpu%26qid%3D1775433784%26sprefix%3Dgp%252Caps%252C387%26sr%3D8-54-spons%26xpid%3DkRTaaIQ0Ql4iY%26sp_csd%3Dd2lkZ2V0TmFtZT1zcF9tdGY%26psc%3D1","https://m.media-amazon.com/images/I/612B-G96i3L._AC_UY218_.jpg","Sponsored","AISURIX RX 580 Graphics Card, 2048SP, Real 8GB, GDDR5, 256 Bit, Pc Gaming Video Card, 2XDP, HDMI, PCI Express 3.0 with Freeze Fan Stop for Desktop Computer Gaming Gpu","4.2","(414)","$129.99","","","Overnight","FREE delivery","Overnight 7 AM - 11 AM",""
"| Based on star rating and number of customer ratings","https://www.amazon.com/s?k=gpu&page=4&crid=346W5D56T0W20&qid=1775433781&sprefix=gp%2Caps%2C387&xpid=kRTaaIQ0Ql4iY&ref=sr_pg_3#","https://m.media-amazon.com/images/I/61qSg83l01L._AC_UL320_.jpg","","","4.0","(17)","$116.99","$68.99","$179.95","Two-Day","FREE delivery","Tue, Apr 7","Tomorrow, Apr 6"
"","https://aax-us-east-retail-direct.amazon.com/x/c/JGPdVH7TT8AGsOtJnH8-aqsAAAGdYBmfVAEAAAH2AQBvbm9fdHhuX2JpZDcgICBvbm9fdHhuX2ltcDIgICBUMpaf/clv1c_ek-wwoXXbdbWTdXQn5ooHgAJ7byaDJhnsD8MUkSLinpi0VMqwV81-_2f-JG0P0bf2SA5f8BweYP7OUpbviWtMj4qKq0wOCs52GZfSfb2y3tWALDY3WptFmLigplW5w-9ciQd6k4ZsZrUTk-VAGW3etrH8F3fltfsncrp1xE6gG5P5BURU-EoBr0G6ZHKy5kXrPiE61d5DcvG31SxNWgI0OLvp3MWMg3C2Fuj7UipXksYDdVvbKX0ny2cVrFU1S4JnjLpwhpVXM7K9Xlcy5L1VOaqizncyUgaPytaSYx1Y49LEvaaYT-cNtWAng3-M1pJGWxGBUuA1R9-4oPkFbUM9xcGhKIip-JdsWQiaeRG75o9T0P2_JnQHdQss0K47xm86QS63urXTj4chFRD0yqw-Ae8xFokFN0nXdcqtnfTj-i2LTQQ30Zq9CopIMSAwTdx1n7FUwHwtjhRmzpOWl3tRfs5-xY5GYyp3QRluGRveir8-Nj9yX7gfz61ZhY863g1GzG9MBEtJQ-2Ern7G7w1FnQute0-RNFldk9rHIJaEYLCNh7QEGy5J8vIl-hTrjtSWXOrhfjs-0jKsN6hZD9U0nTp9Rh0amRy_R3wt0CAf-JEYmXSogi8yGqhnQV9BVZ2-Krvt0SbCgQMsF8r5DkZ6TJz_0flnPhc7JXVAEYvgNVEc-FzU6oLlxQs0O0IgaoWBQJL1S_7hLZVVRF1fyLgX7BU7BlAy_Cr2jm0a21-OAScX1b6OkjnzO7Za5mXy7nBNtv-eIYagWhvDlKYLn_5KYPGfH4h36T-akr_szogxZeVt0lueB7L71Jk4j3-5txdENOFf4zzvMIm4U-WM7FgYBnD7AEc2FxMUp9MkklvxAYwpXU4dGYdacJobzo0Wd1mSSyCgMWe9Ug3HgHSUl1T_4rqoFlbGVNsx1Dc_aSqH9ESn5ph_eASd7o3Prm8fTE-QDk45crmdZ-BM-bRz6gl2cQ-5jnqt_3wxju7bQ1OxBQiIg39uhTbWlTFWOiCV9pn__-rQqNEOXwr7dPx4EAa45pCZBBt-nrAssVz0jPsbvcy1PKad7-Wxui6Wz8qL1IWYOQ4awU/https://www.amazon.com/stores/page/B916E14A-6EA6-40A0-B386-1C60ECE20F5C/?_encoding=UTF8&pd_rd_plhdr=t&pd_rd_i=B0FF4R4HH5&ref_=sbx_be_s_sparkle_ssd_bkg&store_ref=SBV_A024825426U949LTX67Z6-A05369222ZTYTGHS430WR&lp_asins=B0FF4R4HH5&pd_rd_w=gjFoa&content-id=amzn1.sym.a55e4c23-ba6c-4408-a37e-65ef6d7a1c73%3Aamzn1.sym.a55e4c23-ba6c-4408-a37e-65ef6d7a1c73&pf_rd_p=a55e4c23-ba6c-4408-a37e-65ef6d7a1c73&pf_rd_r=SCP8KZ3HPN5C2WKCHW0Q&pd_rd_wg=ZFp82&pd_rd_r=f3387625-943d-4bb3-89f1-83e82169113e","","","","4.1","Shop","","","","","","",""
"","https://aax-us-east-retail-direct.amazon.com/x/c/JE1dq481jUJgkK7Wmw_1dHYAAAGdYBmfUgEAAAH2AQBvbm9fdHhuX2JpZDYgICBvbm9fdHhuX2ltcDEgICD2Lq8b/clv1c_ek-wwofXFcbWDoHOEIvrJ16WPjERPZsaVVv5V35ijntKi_H-poZCE_GQskcFfb0siAkKPagg03gyDe7WKUIHT42wYwsTPrmcfXt57jfFzAUulFCIhSGKGihQYnn6pHf_kd6tvAHnQov2J7psbQIV65DZqtXcF1NmE8D-2n-cLOp3CanAlvqLNoUFODBinVxTWsbL48zBHbpK2XpwqAvScg-pOA6JXMz7wJLqiM09DqzM8iQ7FBiM33R6OciiNvfFmQy-OVeSQr5VZnBBwGsjZCUDvXt6SJdDZpeKjHro0Cb89kcmcbOXIkz0A0YsTSS-tOO8dtmy483VGrvmGvZZizjCkJ9jcc9qG20fATFXnO77UZb6NLqYxfeM7S9Hnq6VXDl2QWaPhLny3f6ud0hbhKwBCy6aynxSbzFylkthXnVrHDUdb910Y-VMMUYi0WlIAV5aB3_-vwGSjepx_JC7FiL4M9M3i3RDGXmqN8_D-Mwe1tj_f9C-eFrFgSynB9McTrQUhWqxURh76q3zwiN6NethI_HdubNRhpqO16-acR0WXw0xQ6WyJx7OlIIpUCWj8RrnbAVo71_BwSkg4mOZpbVadbRO-z045fmHxf_sVwF5CMHs98mzVtH7fzKQidz5Z4dhJjwFKkaS7Gp_u6ECyd_b1K38J2a83Uy6Jwcw1riOnh5OL2QJHQb4QrYh8Plnys81cmAFrmhlku5qBXpLVD_9qygkUlRS6vPFzVW8i5ZeRYrLmXjwZrBY5wUIr6g3xXcmN-WCfZ7tkV71PKskhMtDzCa7uUbAfuJEn6bFow1YQyoB0_p0e9-CvxVE7cjyZ1vctXRnJW8vfv6rnhAzLFLtwWYHj5KU3MzsuC7knZySslX5gxTm-afiNIY3swgg2VfaCcmjt_J2456SjzuCOyc2y5lmmNqqBNfBCacHXVgQaKG1Kh0cF68QxLprjrggLxU5O3Z7UgJy5gYIdv_jpejNO7wauOxu-pCNSou55Sa_irGtQfY4bQ-2kQbmxZG_oEegIGr5inH6Jw789zT350GoFYkM3OAuOiLY3FymqoDhWCWLrJZYIabycx3DwMIv-WmbQRsqlosIMH_Va6kHngHLNoQ/https://www.amazon.com/stores/page/B60ED8F6-5084-4059-A24F-16A102600FA1/?_encoding=UTF8&store_ref=SB_A0247514EVWOO9UH0O2U-A03296811CSHCSN2QPJP&pd_rd_plhdr=t&aaxitk=433ee6cd43b9ee6bb67723df1b223791&hsa_cr_id=0&lp_asins=B0FQ5CR4F7%2CB0FCMF217J%2CB0FCFM4PDV&lp_query=gpu&lp_slot=desktop-inline&ref_=sbx__sbtcd2_bkgd&pd_rd_w=bteFx&content-id=amzn1.sym.8a47ec59-c206-4272-83cb-e2017cc774b4%3Aamzn1.sym.8a47ec59-c206-4272-83cb-e2017cc774b4&pf_rd_p=8a47ec59-c206-4272-83cb-e2017cc774b4&pf_rd_r=SCP8KZ3HPN5C2WKCHW0Q&pd_rd_wg=ZFp82&pd_rd_r=f3387625-943d-4bb3-89f1-83e82169113e","","","","4.5","|","$8.49","$8.99","","Overnight","FREE delivery  on $25 of qualifying items","Overnight 7 AM - 11 AM","Overnight 7 AM - 11 AM"
"4K+ bought in past month","https://www.amazon.com/AMD-5500-12-Thread-Unlocked-Processor/dp/B09VCJ171S/ref=sr_1_55?crid=346W5D56T0W20&dib=eyJ2IjoiMSJ9._clwylxkA4OUUW5Afm5tuhCDt1LM0Vei-xcJQ8AKF6ZQtK7mKc_VXizXZ0oHvpqzV9xBGEW0gFX_fX2E___5cltmTYQsCSWdFdrqvenjDa23ALUShHyU13oNtBTur1xneRhJlB2-aFRhpq1htbBob0lByQA_tL3HWr3ad4QcPVC8Vx-tRX1dXR1c4RoEJsT-mv2KteIyz2dW9UGpV2Myrl5GB9btQmeHfpsPE0ZOpf8.lF3L77iFFYaflSd35KKBKPsEHZrpFjoc6rc_iMlSyqo&dib_tag=se&keywords=gpu&qid=1775433784&sprefix=gp%2Caps%2C387&sr=8-55&xpid=kRTaaIQ0Ql4iY","https://m.media-amazon.com/images/I/51So7GoGvxL._AC_UY218_.jpg","","AMD Ryzen 5 5500 6-Core, 12-Thread Unlocked Desktop Processor with Wraith Stealth Cooler","4.7","(10.2K)","$89.00","$159.00","$159.00","Overnight","FREE delivery","Overnight 7 AM - 11 AM","in 3 hours"
"2K+ bought in past month","https://www.amazon.com/AMD-RyzenTM-5800XT-16-Thread-Processor/dp/B0D6NNDQ92/ref=sr_1_56?crid=346W5D56T0W20&dib=eyJ2IjoiMSJ9._clwylxkA4OUUW5Afm5tuhCDt1LM0Vei-xcJQ8AKF6ZQtK7mKc_VXizXZ0oHvpqzV9xBGEW0gFX_fX2E___5cltmTYQsCSWdFdrqvenjDa23ALUShHyU13oNtBTur1xneRhJlB2-aFRhpq1htbBob0lByQA_tL3HWr3ad4QcPVC8Vx-tRX1dXR1c4RoEJsT-mv2KteIyz2dW9UGpV2Myrl5GB9btQmeHfpsPE0ZOpf8.lF3L77iFFYaflSd35KKBKPsEHZrpFjoc6rc_iMlSyqo&dib_tag=se&keywords=gpu&qid=1775433784&sprefix=gp%2Caps%2C387&sr=8-56&xpid=kRTaaIQ0Ql4iY","https://m.media-amazon.com/images/I/51kIHB4GNYL._AC_UY218_.jpg","","AMD Ryzen™ 7 5800XT 8-Core, 16-Thread Unlocked Desktop Processor","4.8","(1.6K)","$239.00","","","Overnight","FREE delivery","Overnight 7 AM - 11 AM","in 3 hours"
"","https://www.amazon.com/sspa/click?ie=UTF8&spc=MTo4NzU5MDg2NDYzMTI2NTc6MTc3NTQzMzc4NTpzcF9tdGY6MzAxMjEwMzQ5NTA0NTAyOjowOjo&url=%2FQTHREE-Geforce-Graphics-128-bit-Computer%2Fdp%2FB0F24625JH%2Fref%3Dsr_1_57_sspa%3Fcrid%3D346W5D56T0W20%26dib%3DeyJ2IjoiMSJ9._clwylxkA4OUUW5Afm5tuhCDt1LM0Vei-xcJQ8AKF6ZQtK7mKc_VXizXZ0oHvpqzV9xBGEW0gFX_fX2E___5cltmTYQsCSWdFdrqvenjDa23ALUShHyU13oNtBTur1xneRhJlB2-aFRhpq1htbBob0lByQA_tL3HWr3ad4QcPVC8Vx-tRX1dXR1c4RoEJsT-mv2KteIyz2dW9UGpV2Myrl5GB9btQmeHfpsPE0ZOpf8.lF3L77iFFYaflSd35KKBKPsEHZrpFjoc6rc_iMlSyqo%26dib_tag%3Dse%26keywords%3Dgpu%26qid%3D1775433784%26sprefix%3Dgp%252Caps%252C387%26sr%3D8-57-spons%26xpid%3DkRTaaIQ0Ql4iY%26sp_csd%3Dd2lkZ2V0TmFtZT1zcF9tdGY%26psc%3D1","https://m.media-amazon.com/images/I/61qSg83l01L._AC_UY218_.jpg","Sponsored","QTHREE Geforce GTX 960 4GB Graphics Card, GDDR5 128-bit, DP, HDMI, DVI, Video Card for PC, Computer GPU, PCI Express x16","4.0","(17)","$116.99","","","Two-Day","FREE delivery","Tue, Apr 7",""
"","https://www.amazon.com/sspa/click?ie=UTF8&spc=MTo4NzU5MDg2NDYzMTI2NTc6MTc3NTQzMzc4NTpzcF9tdGY6MjAwMDUwMzc3MDA3Mzk4OjowOjo&url=%2FGEFORCE-GT-1030-Graphics-Cooling%2Fdp%2FB08ZCHF59L%2Fref%3Dsr_1_58_sspa%3Fcrid%3D346W5D56T0W20%26dib%3DeyJ2IjoiMSJ9._clwylxkA4OUUW5Afm5tuhCDt1LM0Vei-xcJQ8AKF6ZQtK7mKc_VXizXZ0oHvpqzV9xBGEW0gFX_fX2E___5cltmTYQsCSWdFdrqvenjDa23ALUShHyU13oNtBTur1xneRhJlB2-aFRhpq1htbBob0lByQA_tL3HWr3ad4QcPVC8Vx-tRX1dXR1c4RoEJsT-mv2KteIyz2dW9UGpV2Myrl5GB9btQmeHfpsPE0ZOpf8.lF3L77iFFYaflSd35KKBKPsEHZrpFjoc6rc_iMlSyqo%26dib_tag%3Dse%26keywords%3Dgpu%26qid%3D1775433784%26sprefix%3Dgp%252Caps%252C387%26sr%3D8-58-spons%26xpid%3DkRTaaIQ0Ql4iY%26sp_csd%3Dd2lkZ2V0TmFtZT1zcF9tdGY%26psc%3D1","https://m.media-amazon.com/images/I/71N7OBRNQ7L._AC_UY218_.jpg","Sponsored","maxsun GEFORCE GT 1030 4GB GDDR4 Video Graphics Card GPU mini ITX Design, HDMI, DVI-D, Single Fan Cooling System","4.4","(417)","$99.99","","","Tomorrow","FREE delivery","Tomorrow, Apr 6",""
"100+ bought in past month","https://www.amazon.com/GIGABYTE-RadeonTM-Server-Grade-Reinforced-Structure/dp/B0G2GLV534/ref=sr_1_59?crid=346W5D56T0W20&dib=eyJ2IjoiMSJ9._clwylxkA4OUUW5Afm5tuhCDt1LM0Vei-xcJQ8AKF6ZQtK7mKc_VXizXZ0oHvpqzV9xBGEW0gFX_fX2E___5cltmTYQsCSWdFdrqvenjDa23ALUShHyU13oNtBTur1xneRhJlB2-aFRhpq1htbBob0lByQA_tL3HWr3ad4QcPVC8Vx-tRX1dXR1c4RoEJsT-mv2KteIyz2dW9UGpV2Myrl5GB9btQmeHfpsPE0ZOpf8.lF3L77iFFYaflSd35KKBKPsEHZrpFjoc6rc_iMlSyqo&dib_tag=se&keywords=gpu&qid=1775433784&sprefix=gp%2Caps%2C387&sr=8-59&ufe=app_do%3Aamzn1.fos.5998aa40-ec6f-4947-a68f-cd087fee0848&xpid=kRTaaIQ0Ql4iY","https://m.media-amazon.com/images/I/71K0UowGoLL._AC_UY218_.jpg","","GIGABYTE Radeon™ RX 9070 XT Gaming OC ICE 16G Graphics Card (16GB GDDR6, 256-bit, PCIe 5.0, HDMI/DP 2.1, 2.7 Slot, Hawk Fan, Server-Grade Thermal Gel, Reinforced Structure)","4.7","(23)","$749.99","","$150.00","Overnight","FREE delivery","Overnight 7 AM - 11 AM",""
"","https://www.amazon.com/PNY-GeForce-Epic-XTM-Graphics-128-bit/dp/B0F68R4M2Y/ref=sr_1_60?crid=346W5D56T0W20&dib=eyJ2IjoiMSJ9._clwylxkA4OUUW5Afm5tuhCDt1LM0Vei-xcJQ8AKF6ZQtK7mKc_VXizXZ0oHvpqzV9xBGEW0gFX_fX2E___5cltmTYQsCSWdFdrqvenjDa23ALUShHyU13oNtBTur1xneRhJlB2-aFRhpq1htbBob0lByQA_tL3HWr3ad4QcPVC8Vx-tRX1dXR1c4RoEJsT-mv2KteIyz2dW9UGpV2Myrl5GB9btQmeHfpsPE0ZOpf8.lF3L77iFFYaflSd35KKBKPsEHZrpFjoc6rc_iMlSyqo&dib_tag=se&keywords=gpu&qid=1775433784&sprefix=gp%2Caps%2C387&sr=8-60&xpid=kRTaaIQ0Ql4iY","https://m.media-amazon.com/images/I/61pCJp4+7mL._AC_UY218_.jpg","","PNY NVIDIA GeForce RTX™ 5060 Ti Epic-X™ ARGB OC Triple Fan, Graphics Card (8GB GDDR7, 128-bit, Boost Speed: 2692 MHz, SFF-Ready, PCIe® 5.0, HDMI®/DP 2.1, 2-Slot, NVIDIA Blackwell Architecture, DLSS 4)","4.0","(32)","$449.99","","","Overnight","FREE delivery","Overnight 7 AM - 11 AM",""
"Or","https://www.amazon.com/Sparkle-Cooling-Breathing-Backplate-SB580T-12GOC/dp/B0DNMH4KQM/ref=sr_1_61?crid=346W5D56T0W20&dib=eyJ2IjoiMSJ9._clwylxkA4OUUW5Afm5tuhCDt1LM0Vei-xcJQ8AKF6ZQtK7mKc_VXizXZ0oHvpqzV9xBGEW0gFX_fX2E___5cltmTYQsCSWdFdrqvenjDa23ALUShHyU13oNtBTur1xneRhJlB2-aFRhpq1htbBob0lByQA_tL3HWr3ad4QcPVC8Vx-tRX1dXR1c4RoEJsT-mv2KteIyz2dW9UGpV2Myrl5GB9btQmeHfpsPE0ZOpf8.lF3L77iFFYaflSd35KKBKPsEHZrpFjoc6rc_iMlSyqo&dib_tag=se&keywords=gpu&qid=1775433784&sprefix=gp%2Caps%2C387&sr=8-61&ufe=app_do%3Aamzn1.fos.5998aa40-ec6f-4947-a68f-cd087fee0848&xpid=kRTaaIQ0Ql4iY","https://m.media-amazon.com/images/I/7130pk1Eh0L._AC_UY218_.jpg","","Sparkle Intel Arc B580 Titan OC, 12GB GDDR6, Torn Cooling 2.0, Axial Fan, Breathing Light, Metal Backplate, SB580T-12GOC","4.4","(165)","$356.70","","$71.34","Tomorrow","FREE delivery","Tomorrow, Apr 6",""
"50+ bought in past month","https://www.amazon.com/GIGABYTE-Radeon-Graphics-GV-R9070GAMING-OC-16GD/dp/B0DS2QZC9P/ref=sr_1_62?crid=346W5D56T0W20&dib=eyJ2IjoiMSJ9._clwylxkA4OUUW5Afm5tuhCDt1LM0Vei-xcJQ8AKF6ZQtK7mKc_VXizXZ0oHvpqzV9xBGEW0gFX_fX2E___5cltmTYQsCSWdFdrqvenjDa23ALUShHyU13oNtBTur1xneRhJlB2-aFRhpq1htbBob0lByQA_tL3HWr3ad4QcPVC8Vx-tRX1dXR1c4RoEJsT-mv2KteIyz2dW9UGpV2Myrl5GB9btQmeHfpsPE0ZOpf8.lF3L77iFFYaflSd35KKBKPsEHZrpFjoc6rc_iMlSyqo&dib_tag=se&keywords=gpu&qid=1775433784&sprefix=gp%2Caps%2C387&sr=8-62&ufe=app_do%3Aamzn1.fos.5998aa40-ec6f-4947-a68f-cd087fee0848&xpid=kRTaaIQ0Ql4iY","https://m.media-amazon.com/images/I/71RLbyxkUpL._AC_UY218_.jpg","","GIGABYTE Radeon RX 9070 Gaming OC 16G Graphics Card, PCIe 5.0, 16GB GDDR6, GV-R9070GAMING OC-16GD Video Card","4.5","(52)","$704.03","","$140.81","Overnight","FREE delivery","Overnight 7 AM - 11 AM",""
"100+ bought in past month","https://www.amazon.com/MSI-RTX-3050-VENTUS-2X/dp/B0CTK1SFVD/ref=sr_1_63?crid=346W5D56T0W20&dib=eyJ2IjoiMSJ9._clwylxkA4OUUW5Afm5tuhCDt1LM0Vei-xcJQ8AKF6ZQtK7mKc_VXizXZ0oHvpqzV9xBGEW0gFX_fX2E___5cltmTYQsCSWdFdrqvenjDa23ALUShHyU13oNtBTur1xneRhJlB2-aFRhpq1htbBob0lByQA_tL3HWr3ad4QcPVC8Vx-tRX1dXR1c4RoEJsT-mv2KteIyz2dW9UGpV2Myrl5GB9btQmeHfpsPE0ZOpf8.lF3L77iFFYaflSd35KKBKPsEHZrpFjoc6rc_iMlSyqo&dib_tag=se&keywords=gpu&qid=1775433784&sprefix=gp%2Caps%2C387&sr=8-63&ufe=app_do%3Aamzn1.fos.5998aa40-ec6f-4947-a68f-cd087fee0848&xpid=kRTaaIQ0Ql4iY","https://m.media-amazon.com/images/I/81GGSRNirgL._AC_UY218_.jpg","","msi Gaming RTX 3050 Ventus 2X 6G OC Graphics Card (NVIDIA RTX 3050, 96-Bit, Boost Clock: 1492 MHz, 6GB GDDR6 14 Gbps, HDMI/DP, Ampere Architecture)","4.6","(214)","$209.99","$219.99","$219.99","","FREE delivery  for Prime members","Apr 10 - 12",""
"50+ bought in past month","https://www.amazon.com/GIGABYTE-Graphics-WINDFORCE-GV-N5080AORUSM-ICE-16GD/dp/B0DT7H5JYL/ref=sr_1_64?crid=346W5D56T0W20&dib=eyJ2IjoiMSJ9._clwylxkA4OUUW5Afm5tuhCDt1LM0Vei-xcJQ8AKF6ZQtK7mKc_VXizXZ0oHvpqzV9xBGEW0gFX_fX2E___5cltmTYQsCSWdFdrqvenjDa23ALUShHyU13oNtBTur1xneRhJlB2-aFRhpq1htbBob0lByQA_tL3HWr3ad4QcPVC8Vx-tRX1dXR1c4RoEJsT-mv2KteIyz2dW9UGpV2Myrl5GB9btQmeHfpsPE0ZOpf8.lF3L77iFFYaflSd35KKBKPsEHZrpFjoc6rc_iMlSyqo&dib_tag=se&keywords=gpu&qid=1775433784&sprefix=gp%2Caps%2C387&sr=8-64&xpid=kRTaaIQ0Ql4iY","https://m.media-amazon.com/images/I/71btpaE7bJL._AC_UY218_.jpg","","GIGABYTE AORUS GeForce RTX 5080 Master ICE 16G Graphics Card, WINDFORCE Cooling System, 16GB 256-bit GDDR7, GV-N5080AORUSM ICE-16GD Video Card","4.3","(68)","$1,629.99","","","Tomorrow","FREE delivery","Tomorrow, Apr 6",""
"100+ bought in past month","https://www.amazon.com/ASUS-SFF-Ready-Graphics-2-5-Slot-Axial-tech/dp/B0DQSLHSP2/ref=sr_1_65?crid=346W5D56T0W20&dib=eyJ2IjoiMSJ9._clwylxkA4OUUW5Afm5tuhCDt1LM0Vei-xcJQ8AKF6ZQtK7mKc_VXizXZ0oHvpqzV9xBGEW0gFX_fX2E___5cltmTYQsCSWdFdrqvenjDa23ALUShHyU13oNtBTur1xneRhJlB2-aFRhpq1htbBob0lByQA_tL3HWr3ad4QcPVC8Vx-tRX1dXR1c4RoEJsT-mv2KteIyz2dW9UGpV2Myrl5GB9btQmeHfpsPE0ZOpf8.lF3L77iFFYaflSd35KKBKPsEHZrpFjoc6rc_iMlSyqo&dib_tag=se&keywords=gpu&qid=1775433784&sprefix=gp%2Caps%2C387&sr=8-65&xpid=kRTaaIQ0Ql4iY","https://m.media-amazon.com/images/I/81cPV47HNyL._AC_UY218_.jpg","","ASUS The SFF-Ready Prime GeForce RTX™ 5080 OC Edition 16GB GDDR7 Graphics Card (PCIe® 5.0, 16GB GDDR7, HDMI®/DP 2.1, 2.5-Slot, Axial-tech Fans, Vapor Chamber, Dual BIOS)","4.6","(58)","$1,499.00","","","Tomorrow","FREE delivery","Tomorrow, Apr 6",""
"2K+ bought in past month","https://www.amazon.com/AMD-RyzenTM-9600X-12-Thread-Processor/dp/B0D6NN6TM7/ref=sr_1_66?crid=346W5D56T0W20&dib=eyJ2IjoiMSJ9._clwylxkA4OUUW5Afm5tuhCDt1LM0Vei-xcJQ8AKF6ZQtK7mKc_VXizXZ0oHvpqzV9xBGEW0gFX_fX2E___5cltmTYQsCSWdFdrqvenjDa23ALUShHyU13oNtBTur1xneRhJlB2-aFRhpq1htbBob0lByQA_tL3HWr3ad4QcPVC8Vx-tRX1dXR1c4RoEJsT-mv2KteIyz2dW9UGpV2Myrl5GB9btQmeHfpsPE0ZOpf8.lF3L77iFFYaflSd35KKBKPsEHZrpFjoc6rc_iMlSyqo&dib_tag=se&keywords=gpu&qid=1775433784&sprefix=gp%2Caps%2C387&sr=8-66&xpid=kRTaaIQ0Ql4iY","https://m.media-amazon.com/images/I/61RfWUr4kvL._AC_UY218_.jpg","","AMD Ryzen™ 5 9600X 6-Core, 12-Thread Unlocked Desktop Processor","4.8","(3.1K)","$189.00","$279.00","$279.00","Overnight","FREE delivery","Overnight 7 AM - 11 AM","in 3 hours"
"Only 4 left in stock - order soon.","https://www.amazon.com/Gaming-Graphics-128-bit-Extreme-Performance/dp/B0F45Y77MH/ref=sr_1_67?crid=346W5D56T0W20&dib=eyJ2IjoiMSJ9._clwylxkA4OUUW5Afm5tuhCDt1LM0Vei-xcJQ8AKF6ZQtK7mKc_VXizXZ0oHvpqzV9xBGEW0gFX_fX2E___5cltmTYQsCSWdFdrqvenjDa23ALUShHyU13oNtBTur1xneRhJlB2-aFRhpq1htbBob0lByQA_tL3HWr3ad4QcPVC8Vx-tRX1dXR1c4RoEJsT-mv2KteIyz2dW9UGpV2Myrl5GB9btQmeHfpsPE0ZOpf8.lF3L77iFFYaflSd35KKBKPsEHZrpFjoc6rc_iMlSyqo&dib_tag=se&keywords=gpu&qid=1775433784&sprefix=gp%2Caps%2C387&sr=8-67&xpid=kRTaaIQ0Ql4iY","https://m.media-amazon.com/images/I/71DkNPOxLAL._AC_UY218_.jpg","","msi Gaming RTX 5060 Ti 16G Ventus 3X OC Graphics Card (16GB GDDR7, 128-bit, Extreme Performance: 2617 MHz, DisplayPort x 3 2.1a, HDMI 2.1b, NVIDIA Blackwell Architecture)","4.6","(80)","$699.00","","","Two-Day","FREE delivery","Tue, Apr 7",""
"Or","https://www.amazon.com/MSI-GeForce-RTX-5070-Shadow/dp/B0DZD6QV9L/ref=sr_1_68?crid=346W5D56T0W20&dib=eyJ2IjoiMSJ9._clwylxkA4OUUW5Afm5tuhCDt1LM0Vei-xcJQ8AKF6ZQtK7mKc_VXizXZ0oHvpqzV9xBGEW0gFX_fX2E___5cltmTYQsCSWdFdrqvenjDa23ALUShHyU13oNtBTur1xneRhJlB2-aFRhpq1htbBob0lByQA_tL3HWr3ad4QcPVC8Vx-tRX1dXR1c4RoEJsT-mv2KteIyz2dW9UGpV2Myrl5GB9btQmeHfpsPE0ZOpf8.lF3L77iFFYaflSd35KKBKPsEHZrpFjoc6rc_iMlSyqo&dib_tag=se&keywords=gpu&qid=1775433784&sprefix=gp%2Caps%2C387&sr=8-68&ufe=app_do%3Aamzn1.fos.5998aa40-ec6f-4947-a68f-cd087fee0848&xpid=kRTaaIQ0Ql4iY","https://m.media-amazon.com/images/I/719ozZSEaQL._AC_UY218_.jpg","","MSI GeForce RTX 5070 Ti 16G Shadow 3X OC — 16GB GDDR7 (28Gbps/256-bit), PCIe 5, Boost: 2482MHz, HDMI 2.1b, DisplayPort 2.1b","4.5","(302)","$1,080.72","","$216.15","Two-Day","FREE delivery","Tue, Apr 7",""
"50+ bought in past month","https://www.amazon.com/NVIDIA-GeForce-RTX-5080-Founders/dp/B0DYVCGVK4/ref=sr_1_69?crid=346W5D56T0W20&dib=eyJ2IjoiMSJ9._clwylxkA4OUUW5Afm5tuhCDt1LM0Vei-xcJQ8AKF6ZQtK7mKc_VXizXZ0oHvpqzV9xBGEW0gFX_fX2E___5cltmTYQsCSWdFdrqvenjDa23ALUShHyU13oNtBTur1xneRhJlB2-aFRhpq1htbBob0lByQA_tL3HWr3ad4QcPVC8Vx-tRX1dXR1c4RoEJsT-mv2KteIyz2dW9UGpV2Myrl5GB9btQmeHfpsPE0ZOpf8.lF3L77iFFYaflSd35KKBKPsEHZrpFjoc6rc_iMlSyqo&dib_tag=se&keywords=gpu&qid=1775433784&sprefix=gp%2Caps%2C387&sr=8-69&xpid=kRTaaIQ0Ql4iY","https://m.media-amazon.com/images/I/31DskP4o6yL._AC_UY218_.jpg","","NVIDIA GeForce RTX 5080 Founders Edition","4.6","(87)","$1,599.99","","","","FREE delivery","Tue, Apr 7",""
"Only 11 left in stock - order soon.","https://www.amazon.com/ASUS-Graphics-DisplayPort-Protective-Coating/dp/B0DSWJL78F/ref=sr_1_70?crid=346W5D56T0W20&dib=eyJ2IjoiMSJ9._clwylxkA4OUUW5Afm5tuhCDt1LM0Vei-xcJQ8AKF6ZQtK7mKc_VXizXZ0oHvpqzV9xBGEW0gFX_fX2E___5cltmTYQsCSWdFdrqvenjDa23ALUShHyU13oNtBTur1xneRhJlB2-aFRhpq1htbBob0lByQA_tL3HWr3ad4QcPVC8Vx-tRX1dXR1c4RoEJsT-mv2KteIyz2dW9UGpV2Myrl5GB9btQmeHfpsPE0ZOpf8.lF3L77iFFYaflSd35KKBKPsEHZrpFjoc6rc_iMlSyqo&dib_tag=se&keywords=gpu&qid=1775433784&sprefix=gp%2Caps%2C387&sr=8-70&xpid=kRTaaIQ0Ql4iY","https://m.media-amazon.com/images/I/81emCTjddXL._AC_UY218_.jpg","","Asus TUF Gaming Radeon RX 9070 XT OC Edition 16GB Gaming Graphics Card (16GB GDDR6, PCIe 5.0, HDMI, DisplayPort 2.1, 3.125 Slot, Axial Fans, PCB Protective Coating)","4.7","(198)","$1,029.99","","","","FREE delivery","Mon, Apr 13","Tue, Apr 7"
"100+ bought in past month","https://www.amazon.com/s?k=gpu&page=4&crid=346W5D56T0W20&qid=1775433781&sprefix=gp%2Caps%2C387&xpid=kRTaaIQ0Ql4iY&ref=sr_pg_3#","https://m.media-amazon.com/images/I/81w8BtZvSuS._AC_UL320_.jpg","","","4.3","(831)","$13.99","$99.99","","Overnight","FREE delivery  on $25 of qualifying items","Overnight 7 AM - 11 AM","Tomorrow, Apr 6"
"cpu","https://www.amazon.com/s?k=cpu&ref=rsl_sug_0_0&pd_rd_w=cM2EQ&content-id=amzn1.sym.3be64970-3b95-4a6d-a45d-78077a3ff871:amzn1.sym.3be64970-3b95-4a6d-a45d-78077a3ff871&pf_rd_p=3be64970-3b95-4a6d-a45d-78077a3ff871&pf_rd_r=SCP8KZ3HPN5C2WKCHW0Q&pd_rd_wg=Lirik&pd_rd_r=9ca36a44-89fe-4794-875c-bf8058da3368&qid=1775433784","","","","","","","","","","","",""
"","","","","","","","","","","","","",""
"","https://aax-us-east-retail-direct.amazon.com/x/c/JHd8O3o71VDoqKSv9pibSK0AAAGdYBmgVAEAAAH2AQBvbm9fdHhuX2JpZDUgICBvbm9fdHhuX2ltcDEgICAtqG4n/clv1c_ek-wwofXFcbWDoHOEIvrJ16WPjERPZsaVbwlQzHiXKtY8nSM2FspWEIpfoiT0XDSkIyd_lgfSNzTZz9QLqVFy1WcGAHkkrja-z16fgfXdC4pSvFRKVO8hbz54-BxPDKLRTrqogQtpDhxFPyWoGhwO9HSmH18l_560mdyKrVPDgb5DXN5BUdwSaYAlJ0tzUoZ3eX_NuNjLwxgNVybWPrI5vG2VtX8FXOyQUnOyhLFSx7sWpQrkLpbQePp9Z-hsvTPSjjOp-UGiLdX4WriX-jdlNIP4-xG7Ao_MGmmj2Ie8k94CH8rQ71WIUytqgoNQjjjKwgd1DwzPx_zd-ioi4xkuSuETnOjY0YkbWWr1bdzcaZMCuGw6DWHPsapnDaJ_2mVseHeJ5Qfu-nKkmPlIBABN5REyOx5xYKOqlvL9yoKQHBKdbNbcj5KfXbEx_StU6T6dXxHrxAxd4rLE7B2sNUyuAMdfZ5qnFry5ZzzBBD7JjgCpkSgZD4JVdJbMJfnzW5OcVWkXb8WXfsF_coxcJBWEuTVDaTxjjYBTNxvIrLdrUvd_VmtM6TDikrzbYn1jyuD_QoMAoE3JTUp7QkKGhrUnCqxrob-7ZdrdFOg_T_PQBgt3elx6bIltTtblqs1EQzh5h6RU8-9_NNmhalvUq1APctwErosDS5wBMIwYSXLellTSV2M076UshB2DUVuqaaRPLPMqdRToS7zoRdRx9HyXWWv0PmM25qaOQMijDtW0luueTodl1pfLpGp08t5ChnCvnvAWGsoClvzlnYKrTqgyu1kdcyPzsGk3BG6XxuxIYl0IO2IORkuqjowQFLGLo41iCZgVtGZSEXOv2MtPKutblC3g9OpAqJNJ0lyOesBy8Z3TvyMPmMuOv3uw2TQCGaJZIBne4aO1ZC_SxwlolC97d2DQ6auiGaJoW83R0_rCs5A_hGWyYjeQzrnpzZUq-waz1qXw5ZBpI96fCUvor2PZEjjEh3JKvmqqy95aHj8oLNhYm1YhUizscfKx2e5QPCIVpP2DpdncNnRrixrJy4nfU2dkSdf9nLGz9C04gpEm0EprAHHnw/https://www.amazon.com/stores/page/C5C2F7A1-A824-464D-9A57-796C998E6970/?_encoding=UTF8&store_ref=SB_A0915500OT8JCNAZFSO0-A0872516ZHWAQQQAVDXZ&pd_rd_plhdr=t&aaxitk=8a30c99615ce599d539c88559d41ea58&hsa_cr_id=0&lp_asins=B01MSSJ32J&lp_query=gpu&lp_slot=desktop-hsa-3psl&ref_=sbx_be_s_3psl_mbd_mb0_bkgd&pd_rd_w=sN9QV&content-id=amzn1.sym.7d5eb573-01e8-49db-b262-65baa247c724%3Aamzn1.sym.7d5eb573-01e8-49db-b262-65baa247c724&pf_rd_p=7d5eb573-01e8-49db-b262-65baa247c724&pf_rd_r=SCP8KZ3HPN5C2WKCHW0Q&pd_rd_wg=9U8yu&pd_rd_r=07283cbe-db0a-4158-8425-649926a27522","","","","","","","","","","","",""
"","https://aax-us-east-retail-direct.amazon.com/x/c/JLUnmqCQmh5YPEvmqku_3T4AAAGdYBmtqAEAAAH2AQBvbm9fdHhuX2JpZDcgICBvbm9fdHhuX2ltcDIgICBYNdwv/clv1c_ek-wwoHXFcbCzoHOEIvrJ16WHlXzGjt10daCx16Ch_dW_M6ccqZz_9R-C1llhaGEfVIb4jWaS2M5UAJYHYPkZomIysj9NtMbAFgqdXZXYUUvt-G7K6n0BGZ7E1CQqPFfv6x6TORwE5sentiybEZl8eTLrMeE8iWG4qiYn_NylezBdaGpdzEVrqlgih-wIDG4je3x4VJjqSJCX-DxJOEIWKEJYeOJ1NyC3rCYPCRg19_DxS2Syk8IRLiRh1EFfoizP3QZ28GXp0vceQgcDP3rYupjufga0X8Zw6KADmpkQLlvIx3posLUnD5W_jFz4tO-GAWmN7g8NPSailAI2f7HHe9pn7OLiaZrz8APvsls2LD7NlkqiDzSlnPWQcxrrPlumiqbZ8IF7QCEkou9a14MgvhSU8F1TCemsBurRvwRrK8BdRkjJlb9aIEAeGJy46r6Tytew-Qq2S12EB2pVltzYSjuk_oOfZzsHsyYuxbbGuAQ_jVdyPGJ1mqFElsK_5A-bJmhMfYwu9NaOgRnfErus4D3jBlnj7R8VUNrNTTM92vSd2rUSCyfCPOT8Nj1jw0wxqo-bfSbnU5x4ep0XG1ye_X96pXdCg08Ns05uonpk6ACKzkGlmAXJ3dJ1740OI7MX_FpV0_yjlwVr5uBipbt-xmG07k3YazmdPWZzCmOm-VIE4LtKLq7Q_Ldu_tBWLK0zE5kBk8_Np-87qdHXeZojfJdRS3FKNtCN9-W55v1HhTHSmYyptlvCdH_MgBrtkDoPEMJpJXQP8OZyp0jvNDMHewc7VgCPVAcjb8UIDclH3SEw_sRZKJj97uHBdIU2UT7YSJszSD8klWGFu3cAoH8twj1c3Y1YFDrtkFV2X9xA3XkgkC3gul6rimBplC80ZYWx426DKgk5zXct-cpxzOXbdR82x8Z_PUxwr7OOG_O9dxyRWnRrysjQeluTd467u8r7GiKSeXwldXZwmFzgoB6147-K5Eo9pfyZZNTC_RTlTR9bNt6FaNAZ-FIpN94vaXd6ZDJwoWmaxqt8s46LJcWEH9MCPOBdvtRv70ISMKQ-Q/https://www.amazon.com/stores/page/B60ED8F6-5084-4059-A24F-16A102600FA1/?_encoding=UTF8&store_ref=SB_A0247514EVWOO9UH0O2U-A03296811CSHCSN2QPJP&pd_rd_plhdr=t&aaxitk=433ee6cd43b9ee6bb67723df1b223791&hsa_cr_id=0&lp_asins=B0FQ5CR4F7%2CB0FCMF217J%2CB0FCFM4PDV&lp_query=gpu&lp_slot=auto-sparkle-hsa-tetris&ref_=sbx_s_sparkle_sbtcd_bkgd&pd_rd_w=Me2iH&content-id=amzn1.sym.cc961e39-6f5f-411e-8135-81c6c1187ac0%3Aamzn1.sym.cc961e39-6f5f-411e-8135-81c6c1187ac0&pf_rd_p=cc961e39-6f5f-411e-8135-81c6c1187ac0&pf_rd_r=J06S6Q13MHCX3QET8P6R&pd_rd_wg=5Gk5J&pd_rd_r=684d92b3-3ae5-46b6-9e13-3f62f5e34d70","","","","Typical:","|","$8.49","$8.99","","","","",""
"Only 18 left in stock (more on the way).","https://www.amazon.com/sspa/click?ie=UTF8&spc=MTo1Mzc2MDU5NDkzMzkzNzM1OjE3NzU0MzM3ODg6c3BfYXRmX25leHQ6MzAxMjI2NTcyNjM4ODAyOjowOjo&url=%2FiBUYPOWER-Desktop-Computer-5200MHz-Keyboard%2Fdp%2FB0GP3DWSB4%2Fref%3Dsr_1_65_sspa%3Fcrid%3D346W5D56T0W20%26dib%3DeyJ2IjoiMSJ9.u1Mbu4WIGZPsAgaaE8oFEqGblNslocIZm3OX2f0JvcXZXR6buSuLeIu5eOhUYvvR9e1B7w9K69thdje5l9LRMPD71kbl4MgN4zZRCdPlX2Frmor2DzmCPRyTFC3U6wR5bqGH4aUofFhMgJXo1GudPrLJkx17bIkolyN7VRz0TdY41_2gBBHEwtTzIm0etj2Ce5YKTQ_h_vh1NqfIwDOo2ZreCfYdArn03ie5V_KZUZc.qurG0tAbaaId11vx-fk01aQKt-usDfA2FHutbfC9u-4%26dib_tag%3Dse%26keywords%3Dgpu%26qid%3D1775433788%26sprefix%3Dgp%252Caps%252C387%26sr%3D8-65-spons%26xpid%3DkRTaaIQ0Ql4iY%26sp_csd%3Dd2lkZ2V0TmFtZT1zcF9hdGZfbmV4dA%26psc%3D1","https://m.media-amazon.com/images/I/71H-H+EIBkL._AC_UY218_.jpg","Sponsored","iBUYPOWER Slate Gaming PC Desktop Computer AMD Ryzen 7 9700F CPU, AMD Radeon RX 9060 8GB GPU, 16GB DDR5 RGB 5200MHz RAM, 1TB NVMe SSD, Windows 11 Home, Gamer Keyboard and Mouse - SBA7R9601","","","$1,499.99","","","Two-Day","FREE delivery","Tue, Apr 7",""
"(/count)","https://www.amazon.com/sspa/click?ie=UTF8&spc=MTo1Mzc2MDU5NDkzMzkzNzM1OjE3NzU0MzM3ODg6c3BfYXRmX25leHQ6MzAxMjAwNzU2NTcwOTAyOjowOjo&url=%2FPANPEO-3840x2160p-Uni-Directional-Converter-Compatible%2Fdp%2FB0F47838SR%2Fref%3Dsr_1_66_sspa%3Fcrid%3D346W5D56T0W20%26dib%3DeyJ2IjoiMSJ9.u1Mbu4WIGZPsAgaaE8oFEqGblNslocIZm3OX2f0JvcXZXR6buSuLeIu5eOhUYvvR9e1B7w9K69thdje5l9LRMPD71kbl4MgN4zZRCdPlX2Frmor2DzmCPRyTFC3U6wR5bqGH4aUofFhMgJXo1GudPrLJkx17bIkolyN7VRz0TdY41_2gBBHEwtTzIm0etj2Ce5YKTQ_h_vh1NqfIwDOo2ZreCfYdArn03ie5V_KZUZc.qurG0tAbaaId11vx-fk01aQKt-usDfA2FHutbfC9u-4%26dib_tag%3Dse%26keywords%3Dgpu%26qid%3D1775433788%26sprefix%3Dgp%252Caps%252C387%26sr%3D8-66-spons%26xpid%3DkRTaaIQ0Ql4iY%26sp_csd%3Dd2lkZ2V0TmFtZT1zcF9hdGZfbmV4dA%26psc%3D1","https://m.media-amazon.com/images/I/61KRiEiHOwL._AC_UY218_.jpg","Sponsored","PANPEO Display Port to HDMI Adapter, 24K Gold Plated 3840x2160p Uni-Directional Display Port DP to HDMI Male to Female Converter Compatible for HP, HDTV, AMD, NVIDIA,Dell, GPU,Projector, PC - 4 Pack","4.4","(59)","$7.99","List: $9.99","$2.00","Overnight","FREE delivery  on $25 of qualifying items","Overnight 7 AM - 11 AM",""
"","https://www.amazon.com/PNY-Epic-XTM-SFF-Ready-Blackwell-Architecture/dp/B0F8P9RD4S/ref=sr_1_67?crid=346W5D56T0W20&dib=eyJ2IjoiMSJ9.u1Mbu4WIGZPsAgaaE8oFEqGblNslocIZm3OX2f0JvcXZXR6buSuLeIu5eOhUYvvR9e1B7w9K69thdje5l9LRMPD71kbl4MgN4zZRCdPlX2Frmor2DzmCPRyTFC3U6wR5bqGH4aUofFhMgJXo1GudPrLJkx17bIkolyN7VRz0TdY41_2gBBHEwtTzIm0etj2Ce5YKTQ_h_vh1NqfIwDOo2ZreCfYdArn03ie5V_KZUZc.qurG0tAbaaId11vx-fk01aQKt-usDfA2FHutbfC9u-4&dib_tag=se&keywords=gpu&qid=1775433788&sprefix=gp%2Caps%2C387&sr=8-67&xpid=kRTaaIQ0Ql4iY","https://m.media-amazon.com/images/I/61LqHbtqArL._AC_UY218_.jpg","","PNY NVIDIA GeForce RTX™ 5060 Epic-X™ ARGB OC Triple Fan, Graphics Card (8GB GDDR7, 128-bit, SFF-Ready, PCIe® 5.0, HDMI®/DP 2.1, 2-Slot, NVIDIA Blackwell Architecture, DLSS 4)","4.6","(179)","$413.71","","","Two-Day","FREE delivery","Tue, Apr 7",""
"100+ bought in past month","https://www.amazon.com/ZOTAC-Graphics-IceStorm-Advanced-ZT-B50800J2-10P/dp/B0F59XVX51/ref=sr_1_68?crid=346W5D56T0W20&dib=eyJ2IjoiMSJ9.u1Mbu4WIGZPsAgaaE8oFEqGblNslocIZm3OX2f0JvcXZXR6buSuLeIu5eOhUYvvR9e1B7w9K69thdje5l9LRMPD71kbl4MgN4zZRCdPlX2Frmor2DzmCPRyTFC3U6wR5bqGH4aUofFhMgJXo1GudPrLJkx17bIkolyN7VRz0TdY41_2gBBHEwtTzIm0etj2Ce5YKTQ_h_vh1NqfIwDOo2ZreCfYdArn03ie5V_KZUZc.qurG0tAbaaId11vx-fk01aQKt-usDfA2FHutbfC9u-4&dib_tag=se&keywords=gpu&qid=1775433788&sprefix=gp%2Caps%2C387&sr=8-68&xpid=kRTaaIQ0Ql4iY","https://m.media-amazon.com/images/I/71DFQW5biAL._AC_UY218_.jpg","","ZOTAC Gaming GeForce RTX 5080 Solid CORE OC DLSS 4 16GB GDDR7 256-bit 30 Gbps PCIE 5.0 Gaming Graphics Card, IceStorm 3.0 Advanced Cooling, Spectra RGB Lighting, ZT-B50800J2-10P","4.3","(50)","$1,249.99","$1,399.99","$1,399.99","","FREE delivery  for Prime members","Apr 16 - 20",""
"","https://www.amazon.com/sspa/click?ie=UTF8&spc=MTo1Mzc2MDU5NDkzMzkzNzM1OjE3NzU0MzM3ODg6c3BfbXRmOjMwMTAwNTE1NzczMTUwMjo6MDo6&url=%2FGraphics-Radeon-Computer-DirectX-Express%2Fdp%2FB0CH5R6RZL%2Fref%3Dsr_1_69_sspa%3Fcrid%3D346W5D56T0W20%26dib%3DeyJ2IjoiMSJ9.u1Mbu4WIGZPsAgaaE8oFEqGblNslocIZm3OX2f0JvcXZXR6buSuLeIu5eOhUYvvR9e1B7w9K69thdje5l9LRMPD71kbl4MgN4zZRCdPlX2Frmor2DzmCPRyTFC3U6wR5bqGH4aUofFhMgJXo1GudPrLJkx17bIkolyN7VRz0TdY41_2gBBHEwtTzIm0etj2Ce5YKTQ_h_vh1NqfIwDOo2ZreCfYdArn03ie5V_KZUZc.qurG0tAbaaId11vx-fk01aQKt-usDfA2FHutbfC9u-4%26dib_tag%3Dse%26keywords%3Dgpu%26qid%3D1775433788%26sprefix%3Dgp%252Caps%252C387%26sr%3D8-69-spons%26xpid%3DkRTaaIQ0Ql4iY%26sp_csd%3Dd2lkZ2V0TmFtZT1zcF9tdGY%26psc%3D1","https://m.media-amazon.com/images/I/61BZR44zz5L._AC_UY218_.jpg","Sponsored","Cuifati Graphics Card HD6770 4GB DDR5 Computer Graphics Card 128 bit 775MHz GPU for DirectX 11, with PCI Express 2.0, DVI, VGA, HDML, Video Card for PC (HD6770 4GB DDR5)","3.4","(3)","$52.54","","","","FREE delivery","Apr 15 - 24",""
"","https://www.amazon.com/sspa/click?ie=UTF8&spc=MTo1Mzc2MDU5NDkzMzkzNzM1OjE3NzU0MzM3ODg6c3BfbXRmOjMwMDg3MDA1MzUwMDUwMjo6MDo6&url=%2FSRhonyra-Graphics-Connector-Desktop-HDMIDisplay%2Fdp%2FB0FF9TJGMN%2Fref%3Dsr_1_70_sspa%3Fcrid%3D346W5D56T0W20%26dib%3DeyJ2IjoiMSJ9.u1Mbu4WIGZPsAgaaE8oFEqGblNslocIZm3OX2f0JvcXZXR6buSuLeIu5eOhUYvvR9e1B7w9K69thdje5l9LRMPD71kbl4MgN4zZRCdPlX2Frmor2DzmCPRyTFC3U6wR5bqGH4aUofFhMgJXo1GudPrLJkx17bIkolyN7VRz0TdY41_2gBBHEwtTzIm0etj2Ce5YKTQ_h_vh1NqfIwDOo2ZreCfYdArn03ie5V_KZUZc.qurG0tAbaaId11vx-fk01aQKt-usDfA2FHutbfC9u-4%26dib_tag%3Dse%26keywords%3Dgpu%26qid%3D1775433788%26sprefix%3Dgp%252Caps%252C387%26sr%3D8-70-spons%26xpid%3DkRTaaIQ0Ql4iY%26sp_csd%3Dd2lkZ2V0TmFtZT1zcF9tdGY%26psc%3D1","https://m.media-amazon.com/images/I/61U4hIalDnL._AC_UY218_.jpg","Sponsored","GTX 1060 3GB Graphics Card 192 Bits GDDR5 PCIe 3.0 x16 Slot 6-Pin PCIe Cable Connector for Gaming Desktop PC Dual Slot Width 2*DP, 1*HDMIDisplay Ports","4.5","(2)","$143.95","","","Overnight","FREE delivery","Overnight 7 AM - 11 AM",""
"| Based on star rating and number of customer ratings","https://www.amazon.com/s?k=gpu&page=5&crid=346W5D56T0W20&qid=1775433784&sprefix=gp%2Caps%2C387&xpid=kRTaaIQ0Ql4iY&ref=sr_pg_4#","https://m.media-amazon.com/images/I/71pdA3+uFKL._AC_UL320_.jpg","","","4.4","(1.6K)","$109.99","$65.99","","Overnight","FREE delivery","Overnight 7 AM - 11 AM","Overnight 7 AM - 11 AM"
"","https://aax-us-east-retail-direct.amazon.com/x/c/JOVGY8f5NhpqzNcdVk_zQNkAAAGdYBmtmwEAAAH2AQBvbm9fdHhuX2JpZDYgICBvbm9fdHhuX2ltcDEgICClkpNk/clv1c_ek-wwoXXbdbWTdXQn5ooHgAJ7TBWjoOPvYyerWemxc7h_-MgzmgyAvHQ-2dM945E7qzQH8B8eYP7OU47DQRFy_kl0NnDjMY4PwBb5zVknJDqCTzjtxHH40OAinn1L3Aklfiwqibhv0dPpMCeP7s7Oo-LId-e5rVrNuVwjDI8xbIMY78zbpQjbz4x90RAUcYuZX51pEjMlQV7VObhJIwzYGq5gHG2AN2XzDQqyzzeV7TVMh-0GWAmHtO3D_Ocfoxg3-yW61lhrVOaW1DNDBRcNZjw-WqD9TDyL1b1jAag_Pr0-h253_WhZkldrO2pUQ-oARHtye4DiECBKH8hzjNf3bgpYqx8SfaIZElHAAd2GmGoEyIuNDR4bwK0RmZTvBK3r7fyfLiJYAKYYXj8Jl5jfZh5c_siW4a2AxJ68hR8mymx7QbMPfsmJ4p1Y25C4bFPgspgZfCXsOEKaMh8HBioXxWlOfPp1KdUIVzBpivUgYoDXNLVxJbMX8OjODg0Cy-7SyyEMdsbjM8MDBzhFiT3LNridP0ZUZ7vlwiJWdPdaxbbYRuh3hxZ1poVuwKKashag7w4YXkN9zH3H8CCHkN1beseg-GWc7NQpx9z-pli7O2Tv0Sx0yTCqgok7MLX2rZiYD0RNXnAvCnDRLx563nG6dGrTulbIdVblZIoZMdWnrkDJLRgN5P60EZsT-t9eGSHt47eUsB7soqJt5SxYqz0lgtHXv2GeUUlmnKMB9mxBOAfEETo86yGC3c2fHk_PwC5gHlHndnz00P3ciiIbHHNbzHAgBcp6AYtBiil8SaJB91X8vOe_6Btcjo49qtUiR4xD0Tit-8S7bB_HoRuUbLcD3chleO8cN5SSV0Qv4vCof_Xr4dItl_GDZj9oIqSWSoXa-npgyxhBpa0wIpsfsvaNZPA3EdUj1h3SF4eJ7RnGLTMDQLGk2qNjHr19-nrSg1T47HuFcOunQHm02nvubiOoVzP8h6z_CNNCXkkgZ5kbsrQPMZcb5hy7zf3mhVKpCPGV_WgTfj2Nt2uTey-GtEHI9Zs4L9TcWlJtM3hSDmSBJ3V8dTU2lKLyU5TRALAcO-okOW9q99jPH0/https://www.amazon.com/stores/page/B916E14A-6EA6-40A0-B386-1C60ECE20F5C/?_encoding=UTF8&pd_rd_plhdr=t&pd_rd_i=B0FBX5HTST&ref_=sbx_be_s_sparkle_ssd_bkg&store_ref=SBV_A024825426U949LTX67Z6-A076059110HY5ZZZO7GSH&lp_asins=B0FBX5HTST&pd_rd_w=mgIA6&content-id=amzn1.sym.a55e4c23-ba6c-4408-a37e-65ef6d7a1c73%3Aamzn1.sym.a55e4c23-ba6c-4408-a37e-65ef6d7a1c73&pf_rd_p=a55e4c23-ba6c-4408-a37e-65ef6d7a1c73&pf_rd_r=J06S6Q13MHCX3QET8P6R&pd_rd_wg=uhaG7&pd_rd_r=28182a7e-3852-4a41-b04d-07ee8273fbc1","","","","3.7","Shop","","","","","","",""
"","https://aax-us-east-retail-direct.amazon.com/x/c/JLj6_LCNhpgvj8AZMmb0FQMAAAGdYBmtmwEAAAH2AQBvbm9fdHhuX2JpZDcgICBvbm9fdHhuX2ltcDEgICC9jUe_/clv1c_ek-wwgHWFcbWDoHOHovrp12WPjERPZsatbcmdjHivGtGBJoXss8sBx0FF9lWhaHUpon3HgCjZzldmBnNQfzQMl5JtQnieak_Q-lYNvZ07fa0RYzo8eUR3Wz59_A-6x1f9nYeaPx5kXCVLR6gRdFC29HYtLVcz12KAkUSzfYvwoMYdkhVV1tHq8WnDwQAx9QQpTRLxmiKsyZLMPa45tlAkdmOROoHlgNgiAJiXavyZVAubIKEqO9LVdMU4dmos5fPKnkSqHf-bv1f6WjOeUItmclxtJXANBoOswiE7ifJ3pjqPOMH23NzyLh1mJ5r7tNboMNiYaxRghFYGbL4V1gRyEjDBHB4F8daqtPe6O2KJBAdvjZdyrJuKf8aik-u-YtkGVD_HQ96NZVJrZM4bv-xR8wXgJ2VUn-nxtxxHqZh1S7WTTRcx_iKNsRbuEmTfNmpon5oF7ln3S9MkE2uey1nXPar85bsS6_6ycoD9aauC3MMfUnoaRIudAGk6X_0ggwBRHHec5e3mZ2IvBql4zhYwv4ZaUmYOv5VnzancQ3C1F37jXhUkSSLfgae1_2WH1ZAWsrOdQCRJn0_58zRbFi7Yy19m32lwhpIQsw-p2-pSHkGeS3GnJ-kOOpJELgrjZEbmuuZs7HWstV6a5QpKSd7FhfEw3ixtXSAtc0-_nLypAefTSA5I4JCHC23VaFilYtwATHOBJKDZwl0jZbhNXHaOza8ULmtUFtqCnM9Ybes8kdnZiH9siqAG6y5HbNb7jFNveTVpABGQm5nL32q1nRqWH7Tfh0ZvDKX0DBiUdcS6FeCeMkctZzALSXHZhCIuIBTnwdwDSXCJquTZ7mI88DKrn3_C-hCMm7xy93hY-AHJm1Nn5HJ_tkpOLO2HJECrD3gR0-o8Wiqc7PNyFI3I-EzGtMDeOiHisvwVR0W4VuAXI_p-zpjaOFSU_6-IUEAj6NzKYhUFLdFINZAzG1RU2Sw4JR7K9SE1ixVKjYW5OsuPyAMvuvXEO6wBI7h4l0cEwLD1m9RZKRt9YlPipFybfJ3w7Zl2KZZcGkLzodEg89YSDYoA9XuhRE6hGBXO7n7DE349IMjUMkn0tCy6Qeeew/https://www.amazon.com/stores/page/3AE2EDDA-7CFB-442E-80B2-6AD9D9F36AA3/?_encoding=UTF8&store_ref=SB_A0518627ZQMNUJV450QY-A0563921292RFWOZMAJII&pd_rd_plhdr=t&aaxitk=272a79a595384f5701a71c719329e6ec&hsa_cr_id=0&lp_asins=B0BZC16C8J%2CB0C8CYVVC9%2CB0CLP57WF7&lp_query=gpu&lp_slot=desktop-inline&ref_=sbx__sbtcd2_bkgd&pd_rd_w=p8qKt&content-id=amzn1.sym.8a47ec59-c206-4272-83cb-e2017cc774b4%3Aamzn1.sym.8a47ec59-c206-4272-83cb-e2017cc774b4&pf_rd_p=8a47ec59-c206-4272-83cb-e2017cc774b4&pf_rd_r=J06S6Q13MHCX3QET8P6R&pd_rd_wg=uhaG7&pd_rd_r=28182a7e-3852-4a41-b04d-07ee8273fbc1","","","","4.4","|","$9.99","$14.99","","Overnight","FREE delivery  on $25 of qualifying items","Overnight 7 AM - 11 AM","Overnight 7 AM - 11 AM"
"100+ bought in past month","https://www.amazon.com/XFX-Speedster-SWFT210-Graphics-RX-76PSWFTFY/dp/B0C59RVD98/ref=sr_1_71?crid=346W5D56T0W20&dib=eyJ2IjoiMSJ9.u1Mbu4WIGZPsAgaaE8oFEqGblNslocIZm3OX2f0JvcXZXR6buSuLeIu5eOhUYvvR9e1B7w9K69thdje5l9LRMPD71kbl4MgN4zZRCdPlX2Frmor2DzmCPRyTFC3U6wR5bqGH4aUofFhMgJXo1GudPrLJkx17bIkolyN7VRz0TdY41_2gBBHEwtTzIm0etj2Ce5YKTQ_h_vh1NqfIwDOo2ZreCfYdArn03ie5V_KZUZc.qurG0tAbaaId11vx-fk01aQKt-usDfA2FHutbfC9u-4&dib_tag=se&keywords=gpu&qid=1775433788&sprefix=gp%2Caps%2C387&sr=8-71&xpid=kRTaaIQ0Ql4iY","https://m.media-amazon.com/images/I/611CmYuyJdL._AC_UY218_.jpg","","XFX Speedster SWFT210 Radeon RX 7600 Graphics Card with 8GB GDDR6 HDMI 3xDP, AMD RDNA 3 RX-76PSWFTFY","4.3","(446)","$319.99","","","Tomorrow","FREE delivery","Tomorrow, Apr 6",""
"1K+ bought in past month","https://www.amazon.com/AMD-RyzenTM-9900X-24-Thread-Processor/dp/B0D6NN87T8/ref=sr_1_72?crid=346W5D56T0W20&dib=eyJ2IjoiMSJ9.u1Mbu4WIGZPsAgaaE8oFEqGblNslocIZm3OX2f0JvcXZXR6buSuLeIu5eOhUYvvR9e1B7w9K69thdje5l9LRMPD71kbl4MgN4zZRCdPlX2Frmor2DzmCPRyTFC3U6wR5bqGH4aUofFhMgJXo1GudPrLJkx17bIkolyN7VRz0TdY41_2gBBHEwtTzIm0etj2Ce5YKTQ_h_vh1NqfIwDOo2ZreCfYdArn03ie5V_KZUZc.qurG0tAbaaId11vx-fk01aQKt-usDfA2FHutbfC9u-4&dib_tag=se&keywords=gpu&qid=1775433788&sprefix=gp%2Caps%2C387&sr=8-72&xpid=kRTaaIQ0Ql4iY","https://m.media-amazon.com/images/I/61dukbEGziL._AC_UY218_.jpg","","AMD Ryzen™ 9 9900X 12-Core, 24-Thread Unlocked Desktop Processor","4.8","(1.4K)","$435.28","$499.00","$499.00","Overnight","FREE delivery","Overnight 7 AM - 11 AM","in 3 hours"
"Only 12 left in stock - order soon.","https://www.amazon.com/sspa/click?ie=UTF8&spc=MTo1Mzc2MDU5NDkzMzkzNzM1OjE3NzU0MzM3ODg6c3BfbXRmOjMwMTIxMDM0OTUwNDcwMjo6MDo6&url=%2FQTHREE-GeForce-Graphics-Working-Express%2Fdp%2FB0F1THP9FF%2Fref%3Dsr_1_73_sspa%3Fcrid%3D346W5D56T0W20%26dib%3DeyJ2IjoiMSJ9.u1Mbu4WIGZPsAgaaE8oFEqGblNslocIZm3OX2f0JvcXZXR6buSuLeIu5eOhUYvvR9e1B7w9K69thdje5l9LRMPD71kbl4MgN4zZRCdPlX2Frmor2DzmCPRyTFC3U6wR5bqGH4aUofFhMgJXo1GudPrLJkx17bIkolyN7VRz0TdY41_2gBBHEwtTzIm0etj2Ce5YKTQ_h_vh1NqfIwDOo2ZreCfYdArn03ie5V_KZUZc.qurG0tAbaaId11vx-fk01aQKt-usDfA2FHutbfC9u-4%26dib_tag%3Dse%26keywords%3Dgpu%26qid%3D1775433788%26sprefix%3Dgp%252Caps%252C387%26sr%3D8-73-spons%26xpid%3DkRTaaIQ0Ql4iY%26sp_csd%3Dd2lkZ2V0TmFtZT1zcF9tdGY%26psc%3D1","https://m.media-amazon.com/images/I/61uNNFneduL._AC_UY218_.jpg","Sponsored","QTHREE GeForce GTX 750 Graphics Card,4GB,GDDR5,128Bit,HDMI, DVI, VGA,PC Video Card for Working,GPU,PCI Express x16,DirectX 12","4.8","(9)","$86.99","","","Two-Day","FREE delivery","Tue, Apr 7",""
"","https://www.amazon.com/sspa/click?ie=UTF8&spc=MTo1Mzc2MDU5NDkzMzkzNzM1OjE3NzU0MzM3ODg6c3BfbXRmOjMwMDUwMzE1ODgwNjcwMjo6MDo6&url=%2Fmaxsun-R5-230-Computer-Graphics%2Fdp%2FB0DGCX12YB%2Fref%3Dsr_1_74_sspa%3Fcrid%3D346W5D56T0W20%26dib%3DeyJ2IjoiMSJ9.u1Mbu4WIGZPsAgaaE8oFEqGblNslocIZm3OX2f0JvcXZXR6buSuLeIu5eOhUYvvR9e1B7w9K69thdje5l9LRMPD71kbl4MgN4zZRCdPlX2Frmor2DzmCPRyTFC3U6wR5bqGH4aUofFhMgJXo1GudPrLJkx17bIkolyN7VRz0TdY41_2gBBHEwtTzIm0etj2Ce5YKTQ_h_vh1NqfIwDOo2ZreCfYdArn03ie5V_KZUZc.qurG0tAbaaId11vx-fk01aQKt-usDfA2FHutbfC9u-4%26dib_tag%3Dse%26keywords%3Dgpu%26qid%3D1775433788%26sprefix%3Dgp%252Caps%252C387%26sr%3D8-74-spons%26xpid%3DkRTaaIQ0Ql4iY%26sp_csd%3Dd2lkZ2V0TmFtZT1zcF9tdGY%26psc%3D1","https://m.media-amazon.com/images/I/61nA7lnNXqL._AC_UY218_.jpg","Sponsored","maxsun AMD R5 230 Computer Graphics Card, 2G GDDR3, HDMI VGA DVI Video Card ITX SFF Low Profile Ready GPU","4.0","(38)","$39.99","","","Tomorrow","FREE delivery","Tomorrow, Apr 6",""
"50+ bought in past month","https://www.amazon.com/MSI-GeForce-RTX-3060-12G/dp/B08WPRMVWB/ref=sr_1_75?crid=346W5D56T0W20&dib=eyJ2IjoiMSJ9.u1Mbu4WIGZPsAgaaE8oFEqGblNslocIZm3OX2f0JvcXZXR6buSuLeIu5eOhUYvvR9e1B7w9K69thdje5l9LRMPD71kbl4MgN4zZRCdPlX2Frmor2DzmCPRyTFC3U6wR5bqGH4aUofFhMgJXo1GudPrLJkx17bIkolyN7VRz0TdY41_2gBBHEwtTzIm0etj2Ce5YKTQ_h_vh1NqfIwDOo2ZreCfYdArn03ie5V_KZUZc.qurG0tAbaaId11vx-fk01aQKt-usDfA2FHutbfC9u-4&dib_tag=se&keywords=gpu&qid=1775433788&sprefix=gp%2Caps%2C387&sr=8-75&xpid=kRTaaIQ0Ql4iY","https://m.media-amazon.com/images/I/71tduSp8ooL._AC_UY218_.jpg","","MSI Gaming GeForce RTX 3060 12GB 15 Gbps GDRR6 192-Bit HDMI/DP PCIe 4 Torx Twin Fan Ampere OC Graphics Card","4.7","(5K)","","","","","","",""
"Only 2 left in stock - order soon.","https://www.amazon.com/EVGA-GeForce-08G-P5-3785-KL-Cooling-Backplate/dp/B097Z8YWW1/ref=sr_1_76?crid=346W5D56T0W20&dib=eyJ2IjoiMSJ9.u1Mbu4WIGZPsAgaaE8oFEqGblNslocIZm3OX2f0JvcXZXR6buSuLeIu5eOhUYvvR9e1B7w9K69thdje5l9LRMPD71kbl4MgN4zZRCdPlX2Frmor2DzmCPRyTFC3U6wR5bqGH4aUofFhMgJXo1GudPrLJkx17bIkolyN7VRz0TdY41_2gBBHEwtTzIm0etj2Ce5YKTQ_h_vh1NqfIwDOo2ZreCfYdArn03ie5V_KZUZc.qurG0tAbaaId11vx-fk01aQKt-usDfA2FHutbfC9u-4&dib_tag=se&keywords=gpu&qid=1775433788&sprefix=gp%2Caps%2C387&sr=8-76&xpid=kRTaaIQ0Ql4iY","https://m.media-amazon.com/images/I/615CYrZfwkS._AC_UY218_.jpg","","EVGA GeForce RTX 3070 Ti XC3 Ultra Gaming, 08G-P5-3785-KL, 8GB GDDR6X, iCX3 Cooling, ARGB LED, Metal Backplate","4.6","(263)","$765.00","","","","FREE delivery","Mon, Apr 13","Tue, Apr 7"
"100+ bought in past month","https://www.amazon.com/MSI-RTX-3050-OC-Ventus/dp/B0CBL4YJT5/ref=sr_1_77?crid=346W5D56T0W20&dib=eyJ2IjoiMSJ9.u1Mbu4WIGZPsAgaaE8oFEqGblNslocIZm3OX2f0JvcXZXR6buSuLeIu5eOhUYvvR9e1B7w9K69thdje5l9LRMPD71kbl4MgN4zZRCdPlX2Frmor2DzmCPRyTFC3U6wR5bqGH4aUofFhMgJXo1GudPrLJkx17bIkolyN7VRz0TdY41_2gBBHEwtTzIm0etj2Ce5YKTQ_h_vh1NqfIwDOo2ZreCfYdArn03ie5V_KZUZc.qurG0tAbaaId11vx-fk01aQKt-usDfA2FHutbfC9u-4&dib_tag=se&keywords=gpu&qid=1775433788&sprefix=gp%2Caps%2C387&sr=8-77&xpid=kRTaaIQ0Ql4iY","https://m.media-amazon.com/images/I/714J6o2Ug7L._AC_UY218_.jpg","","msi Gaming GeForce RTX 3050 8GB GDRR6 Boost Clock: 1807 MHz 128-Bit HDMI/DP PCIe 4 Torx Twin Fans Ampere OC Graphics Card (RTX 3050 Ventus 2X XS 8G OC)","4.6","(424)","$249.95","","","","FREE delivery  for Prime members","Sat, Apr 11",""
"400+ bought in past month","https://www.amazon.com/MSI-Graphics-192-bit-Extreme-Performance/dp/B0DYFXGDJF/ref=sr_1_78?crid=346W5D56T0W20&dib=eyJ2IjoiMSJ9.u1Mbu4WIGZPsAgaaE8oFEqGblNslocIZm3OX2f0JvcXZXR6buSuLeIu5eOhUYvvR9e1B7w9K69thdje5l9LRMPD71kbl4MgN4zZRCdPlX2Frmor2DzmCPRyTFC3U6wR5bqGH4aUofFhMgJXo1GudPrLJkx17bIkolyN7VRz0TdY41_2gBBHEwtTzIm0etj2Ce5YKTQ_h_vh1NqfIwDOo2ZreCfYdArn03ie5V_KZUZc.qurG0tAbaaId11vx-fk01aQKt-usDfA2FHutbfC9u-4&dib_tag=se&keywords=gpu&qid=1775433788&sprefix=gp%2Caps%2C387&sr=8-78&xpid=kRTaaIQ0Ql4iY","https://m.media-amazon.com/images/I/71vOVP+iFnL._AC_UY218_.jpg","","msi RTX 5070 12G Gaming Trio OC Graphics Card (12GB GDDR7, 192-bit, Extreme Performance: 2625 MHz, DisplayPort x3 2.1a, HDMI 2.1b, NVIDIA Blackwell Architecture)","4.7","(166)","$679.99","","","","FREE delivery  for Prime members","Apr 16 - 17",""
"Only 1 left in stock - order soon.","https://www.amazon.com/ASRock-6600-8GB-Challenger-gddr6/dp/B09J8VCFWN/ref=sr_1_79?crid=346W5D56T0W20&dib=eyJ2IjoiMSJ9.u1Mbu4WIGZPsAgaaE8oFEqGblNslocIZm3OX2f0JvcXZXR6buSuLeIu5eOhUYvvR9e1B7w9K69thdje5l9LRMPD71kbl4MgN4zZRCdPlX2Frmor2DzmCPRyTFC3U6wR5bqGH4aUofFhMgJXo1GudPrLJkx17bIkolyN7VRz0TdY41_2gBBHEwtTzIm0etj2Ce5YKTQ_h_vh1NqfIwDOo2ZreCfYdArn03ie5V_KZUZc.qurG0tAbaaId11vx-fk01aQKt-usDfA2FHutbfC9u-4&dib_tag=se&keywords=gpu&qid=1775433788&sprefix=gp%2Caps%2C387&sr=8-79&xpid=kRTaaIQ0Ql4iY","https://m.media-amazon.com/images/I/61n6JjRZBGL._AC_UY218_.jpg","","ASRock AMD Radeon RX 6600 Challenger D 8GB GDDR6 DisplayPort 14Gbps HDMI 0dB Silent Cooling 128-bit 7680 x 4320 Dual Fan Graphics Card PCI Express 4.0 x8 8-pin","4.7","(957)","$450.00","","","","FREE delivery","Mon, Apr 13","Tue, Apr 7"
"500+ bought in past month","https://www.amazon.com/ASUS-ROG-Motherboard-Q-Release-Networking/dp/B0DDZNZF76/ref=sr_1_80?crid=346W5D56T0W20&dib=eyJ2IjoiMSJ9.u1Mbu4WIGZPsAgaaE8oFEqGblNslocIZm3OX2f0JvcXZXR6buSuLeIu5eOhUYvvR9e1B7w9K69thdje5l9LRMPD71kbl4MgN4zZRCdPlX2Frmor2DzmCPRyTFC3U6wR5bqGH4aUofFhMgJXo1GudPrLJkx17bIkolyN7VRz0TdY41_2gBBHEwtTzIm0etj2Ce5YKTQ_h_vh1NqfIwDOo2ZreCfYdArn03ie5V_KZUZc.qurG0tAbaaId11vx-fk01aQKt-usDfA2FHutbfC9u-4&dib_tag=se&keywords=gpu&qid=1775433788&sprefix=gp%2Caps%2C387&sr=8-80&xpid=kRTaaIQ0Ql4iY","https://m.media-amazon.com/images/I/81MDzB7gqwL._AC_UY218_.jpg","","ASUS ROG Strix X870E-E Gaming WiFi AMD AM5 X870 ATX Motherboard 18+2+2 Power Stages, Dynamic OC Switcher, Core Flex, DDR5 AEMP, WiFi 7, 5X M.2, PCIe® 5.0, Q-Release Slim, USB4®, AI OCing & Networking","4.3","(433)","$394.99","$479.99","$479.99","Overnight","FREE delivery","Overnight 7 AM - 11 AM",""
"50+ bought in past month","https://www.amazon.com/msi-RTX-5060-8G-Performance/dp/B0G2B2VTG3/ref=sr_1_81?crid=346W5D56T0W20&dib=eyJ2IjoiMSJ9.u1Mbu4WIGZPsAgaaE8oFEqGblNslocIZm3OX2f0JvcXZXR6buSuLeIu5eOhUYvvR9e1B7w9K69thdje5l9LRMPD71kbl4MgN4zZRCdPlX2Frmor2DzmCPRyTFC3U6wR5bqGH4aUofFhMgJXo1GudPrLJkx17bIkolyN7VRz0TdY41_2gBBHEwtTzIm0etj2Ce5YKTQ_h_vh1NqfIwDOo2ZreCfYdArn03ie5V_KZUZc.qurG0tAbaaId11vx-fk01aQKt-usDfA2FHutbfC9u-4&dib_tag=se&keywords=gpu&qid=1775433788&sprefix=gp%2Caps%2C387&sr=8-81&ufe=app_do%3Aamzn1.fos.5998aa40-ec6f-4947-a68f-cd087fee0848&xpid=kRTaaIQ0Ql4iY","https://m.media-amazon.com/images/I/71YneRF-W9L._AC_UY218_.jpg","","msi Gaming RTX 5060 Ti 8G Ventus 3X OC Graphics Card (8GB GDDR7,128-bit, Extreme Performance: 2602 MHz, DisplayPort x3 2.1a, HDMI 2.1b, NVIDIA Blackwell Architecture)","5.0","(15)","$429.99","","$86.00","Overnight","FREE delivery","Overnight 7 AM - 11 AM",""
"300+ bought in past month","https://www.amazon.com/Sapphire-11348-01-20G-RadeonTM-Gaming-Graphics/dp/B0DTHP39JF/ref=sr_1_82?crid=346W5D56T0W20&dib=eyJ2IjoiMSJ9.u1Mbu4WIGZPsAgaaE8oFEqGblNslocIZm3OX2f0JvcXZXR6buSuLeIu5eOhUYvvR9e1B7w9K69thdje5l9LRMPD71kbl4MgN4zZRCdPlX2Frmor2DzmCPRyTFC3U6wR5bqGH4aUofFhMgJXo1GudPrLJkx17bIkolyN7VRz0TdY41_2gBBHEwtTzIm0etj2Ce5YKTQ_h_vh1NqfIwDOo2ZreCfYdArn03ie5V_KZUZc.qurG0tAbaaId11vx-fk01aQKt-usDfA2FHutbfC9u-4&dib_tag=se&keywords=gpu&qid=1775433788&sprefix=gp%2Caps%2C387&sr=8-82&xpid=kRTaaIQ0Ql4iY","https://m.media-amazon.com/images/I/81anmp7jb6L._AC_UY218_.jpg","","Sapphire 11348-01-20G Nitro+ AMD Radeon™ RX 9070 XT Gaming OC Graphics Card with 16GB GDDR6, AMD RDNA 4","4.6","(242)","$799.99","","","Two-Day","FREE delivery","Tue, Apr 7",""
"200+ bought in past month","https://www.amazon.com/Sapphire-11348-03-20G-RadeonTM-Gaming-Graphics/dp/B0DTHMPWFR/ref=sr_1_83?crid=346W5D56T0W20&dib=eyJ2IjoiMSJ9.u1Mbu4WIGZPsAgaaE8oFEqGblNslocIZm3OX2f0JvcXZXR6buSuLeIu5eOhUYvvR9e1B7w9K69thdje5l9LRMPD71kbl4MgN4zZRCdPlX2Frmor2DzmCPRyTFC3U6wR5bqGH4aUofFhMgJXo1GudPrLJkx17bIkolyN7VRz0TdY41_2gBBHEwtTzIm0etj2Ce5YKTQ_h_vh1NqfIwDOo2ZreCfYdArn03ie5V_KZUZc.qurG0tAbaaId11vx-fk01aQKt-usDfA2FHutbfC9u-4&dib_tag=se&keywords=gpu&qid=1775433788&sprefix=gp%2Caps%2C387&sr=8-83&xpid=kRTaaIQ0Ql4iY","https://m.media-amazon.com/images/I/71CC7BfXjGL._AC_UY218_.jpg","","Sapphire 11348-03-20G Pulse AMD Radeon™ RX 9070 XT Gaming Graphics Card with 16GB GDDR6, AMD RDNA 4","4.7","(227)","$769.99","","","Overnight","FREE delivery","Overnight 7 AM - 11 AM",""
"100+ bought in past month","https://www.amazon.com/ASUS-GeForce-DisplayPort-Axial-tech-Technology/dp/B0DHJDQPC9/ref=sr_1_84?crid=346W5D56T0W20&dib=eyJ2IjoiMSJ9.u1Mbu4WIGZPsAgaaE8oFEqGblNslocIZm3OX2f0JvcXZXR6buSuLeIu5eOhUYvvR9e1B7w9K69thdje5l9LRMPD71kbl4MgN4zZRCdPlX2Frmor2DzmCPRyTFC3U6wR5bqGH4aUofFhMgJXo1GudPrLJkx17bIkolyN7VRz0TdY41_2gBBHEwtTzIm0etj2Ce5YKTQ_h_vh1NqfIwDOo2ZreCfYdArn03ie5V_KZUZc.qurG0tAbaaId11vx-fk01aQKt-usDfA2FHutbfC9u-4&dib_tag=se&keywords=gpu&qid=1775433788&sprefix=gp%2Caps%2C387&sr=8-84&xpid=kRTaaIQ0Ql4iY","https://m.media-amazon.com/images/I/71BcCMtDUSL._AC_UY218_.jpg","","ASUS Dual GeForce RTX™ 4060 V2 OC Edition (PCIe 4.0, 8GB GDDR6, DLSS 3, HDMI 2.1a, DisplayPort 1.4a, 2-Slot Design, Axial-tech Fan Design, 0dB Technology, and More) (Renewed)","4.6","(13)","$319.99","","","Two-Day","FREE delivery","Tue, Apr 7",""
"","https://www.amazon.com/msi-Graphics-DisplayPort-Blackwell-Architecture/dp/B0GP6Z5GNW/ref=sr_1_85?crid=346W5D56T0W20&dib=eyJ2IjoiMSJ9.u1Mbu4WIGZPsAgaaE8oFEqGblNslocIZm3OX2f0JvcXZXR6buSuLeIu5eOhUYvvR9e1B7w9K69thdje5l9LRMPD71kbl4MgN4zZRCdPlX2Frmor2DzmCPRyTFC3U6wR5bqGH4aUofFhMgJXo1GudPrLJkx17bIkolyN7VRz0TdY41_2gBBHEwtTzIm0etj2Ce5YKTQ_h_vh1NqfIwDOo2ZreCfYdArn03ie5V_KZUZc.qurG0tAbaaId11vx-fk01aQKt-usDfA2FHutbfC9u-4&dib_tag=se&keywords=gpu&qid=1775433788&sprefix=gp%2Caps%2C387&sr=8-85&xpid=kRTaaIQ0Ql4iY","https://m.media-amazon.com/images/I/71Wlmo17E7L._AC_UY218_.jpg","","msi Gaming RTX 5080 16G Inspire 3X OC Black Graphics Card (16GB GDDR7, 256-bit, Extreme Clock 2655 MHz, DisplayPort x 3 2.1a, HDMI 2.1b, NVIDIA Blackwell Architecture)","5.0","(1)","$1,429.99","","","Tomorrow","FREE delivery","Tomorrow, Apr 6",""
"100+ bought in past month","https://www.amazon.com/Gigabyte-Video-Graphics-GV-N710D3-2GL-REV2-0/dp/B01IEO05NU/ref=sr_1_86?crid=346W5D56T0W20&dib=eyJ2IjoiMSJ9.u1Mbu4WIGZPsAgaaE8oFEqGblNslocIZm3OX2f0JvcXZXR6buSuLeIu5eOhUYvvR9e1B7w9K69thdje5l9LRMPD71kbl4MgN4zZRCdPlX2Frmor2DzmCPRyTFC3U6wR5bqGH4aUofFhMgJXo1GudPrLJkx17bIkolyN7VRz0TdY41_2gBBHEwtTzIm0etj2Ce5YKTQ_h_vh1NqfIwDOo2ZreCfYdArn03ie5V_KZUZc.qurG0tAbaaId11vx-fk01aQKt-usDfA2FHutbfC9u-4&dib_tag=se&keywords=gpu&qid=1775433788&sprefix=gp%2Caps%2C387&sr=8-86&ufe=app_do%3Aamzn1.fos.9fe8cbfa-bf43-43d1-a707-3f4e65a4b666&xpid=kRTaaIQ0Ql4iY","https://m.media-amazon.com/images/I/71xuepwxseL._AC_UY218_.jpg","","GIGABYTE 2GB RAM DDR3 SDRAM Video Graphics Cards GV-N710D3-2GL REV2.0 for Desktop","4.5","(1.4K)","$68.49","","$22.83","Overnight","FREE delivery","Overnight 7 AM - 11 AM",""
"200+ bought in past month","https://aax-us-east-retail-direct.amazon.com/x/c/JMTleH7U8ImTzD2jRCVNi28AAAGdYBmtmQEAAAH2AQBvbm9fdHhuX2JpZDQgICBvbm9fdHhuX2ltcDEgICCrnDE_/clv1c_ek-wwgXWLcTaDBVIul8QjMCTfgz7KqYTumOX69eW3XWGeET95S73G2lEKioLhWVqXDE_1lvX4OeB9-SIq4tlP_BXmA5ZOBlH-m2UnfdOnNSkagdp7Dfi9kr6trm14vMzwNlol9_JkWIh35v4W70hT_7z4N-SjiWq4lQwbDVpyxwQVOFV7RhJIKnc44XW0KN7L0XQ_uOrTlZognR8Ulu7NSG7beZHmCJEsAXqcCH2Kb0DjfHzQeCBFfPDtFN6V9mcJadkbiJtbxAk46Le_uqhTzgS5aePLtBqm5bd1hIcAZrmYOgctVyf7kVii1uTeYLHxxY5snqEval1u0LNKGu8hyF4dpL5yHnjSOOrGMKy3EHEEovh78h8zqvAMcmE4OPG1o90riWOasKEYXD_rr_j4L6FU4wonSjZoEJqNrpznQMkwm7MN0DusjysW3y8j2dSgJqJf7w8IqOiykJyFXsvoPfo-yuUt0xYcy5D-kUVpBuex_r5oS83syJxdGmqE0y6jKxOB9tZfqnBcK1TUuchrFQd5NZHwjfGAZvF_uRXPBdKFkIPp2n7_vVmCFAQ9PggfqnFvQtaTlCeCmxImrizkrbj5vM3fN3d_zL7fYCDa9sLnFwOokuYbd05tj93r8qfGsMIZa7FST0FvbmGHcvcBMAZSf5FQiTSdwi02rVi9IVgoBVX6hlylm6VSX8sCqOR9nAdrftU4Ef887ejys5Cycj9wtw4SSAMYQzO99cXg3tsWYB_U68hDz2izRlO7cFuG45kem1L56QtGDOXSCWiNGNsG7q1uDqBeXoGGL5ljcJ80VhufCi72R5E-ESfANzk7UFrAyAQeEbyiKJhDQBjlLbt_mwAhT1XIFUfRa9Vnnniz16YWt6BxZslJkF0N5xYLd-P7o20FsUvJ77NJtko0KjHdFTp4BPpn7nbnvj_1US95hCi9GFlShsd1DKQl7kFfyoUswzlH0gSSSh2ommmEV24Lq2cX7-CrLiqofNV2MLifqui3Sy8HOdM4qGdwkL4O2F9HyXf933znpyhdjQ6U_GjwDn8arW4jcESLcMYEsYMTo5ONu3QS9Gx/https://www.amazon.com/dp/B0F4M5DZK9?pd_rd_i=B0F4M5DZK9&pf_rd_p=2c8e5d59-6279-4999-832d-be45d1ca8e79&pf_rd_r=J06S6Q13MHCX3QET8P6R&pd_rd_wg=STuIp&pd_rd_w=lRNjN&pd_rd_r=3a5baba3-b077-4316-bd16-0459dbc5c732","https://m.media-amazon.com/images/I/61N0I1UIyJL._AC_UL640_QL65_.jpg","","Thermal Paste for Computer CPU GPU Laptop 12.8W/mk Made in USA 4 Gram High Thermal Conductivity - Non Corrosive/Non-Conductive All Processor","4.7","Sponsored","$5.49","","","Overnight","FREE delivery  on $25 of qualifying items","Overnight 7 AM - 11 AM",""
"cpu","https://www.amazon.com/s?k=cpu&ref=rsl_sug_0_0&pd_rd_w=7732w&content-id=amzn1.sym.3be64970-3b95-4a6d-a45d-78077a3ff871:amzn1.sym.3be64970-3b95-4a6d-a45d-78077a3ff871&pf_rd_p=3be64970-3b95-4a6d-a45d-78077a3ff871&pf_rd_r=J06S6Q13MHCX3QET8P6R&pd_rd_wg=STuIp&pd_rd_r=3a5baba3-b077-4316-bd16-0459dbc5c732&qid=1775433788","","","","","","","","","","","",""
"","","","","","","","","","","","","",""
"","https://aax-us-east-retail-direct.amazon.com/x/c/JBWoHWfPO5FF9hrNbHs4PTsAAAGdYBmunQEAAAH2AQBvbm9fdHhuX2JpZDQgICBvbm9fdHhuX2ltcDIgICC-v4Tg/clv1c_ek-wwoH3bdbWy1X0KKTfwd7aooM1oPq0bMYP7xlGzk_-IFJAF5Esi2kEAvOszdm5H8P5TXRJst2J_K7i28qcW301fjwd5coRE0Is9ZiznoaWubxu077lJex4bPnNsW0dK7w9gy59ZOohf0iLX7P2etDX8C0cmQFaGoTDTlPoSdol49K0SrhItqkJ2skeUzWwmeGnxEm_CRX4mWkaRkqwhlCFOsUzxcgjiDpmZLuy6HqEetcyEOh5BVIuqFqOaenQND52tqhAcgjciS8F3yuD4QHzX7CYEPqqocFop6YgOUHrO9EHGpEGIVqBBgTcwM1dmayIFeOs9vArt4vZeSAUirZMWA3OCTL9Vxq_kwY-vc4OJw34NC_CkEOXHEFdtilAXlaaUqOWu7QKP7Gd0RGWkJO4v9XpxvukeDAkWY2t15K2Zy0iYcAJdFgjOwm9pgCNFXo-UBWMv7K-p605rm4t92OJNAy3aYONeIK7zXlLkKpc2VSU474aP9aJsQYkb2aYUxJFDgNstQyn8tAnuI593BYGNXa-CrQcoyi-QGK8FuwyLoZIp1am15ZAIv1cKzLXU7W2o_950-OFqldks5AhuiSDOCMvi8bGJ-lmlonbH1ghujdKMnLrK-nims54rMRIE-jKY1otMwPTpupFUtONbse2nvaLnZbBo-Vh5-AHQIzYmWWeHi8ZxUS102-85axYSZ6R7_A8pS1ojkVtUPDzqdcFjARS-dW-3FzBS8B0ygmfXyabR2y4moLFuxmBZvJ5YcifHxg7gYYqEGT74r0mKkz1mPiNKrS97erufU_W4FB9WqDKZFHZb7Sj44y2DeRljaRmLvh04DHuX9JihOiQjr6JAjKzlhGczYw2-7UIfsYkKF3yiDZQlHC2AogEha95ocTLiT2Mj6TIyZ0R0J6rPeSESHwBto2X5j3mLGBd-7PFsiTpEHAtC-hwPbKNSgQGicGk7xmxf4XEFXTlaaQJ1StXI-ltprNxDVxuXCmomzEmDfHsoyFen0EadRg8R6Jg80QDX0IjoU5B8lvp2kp1fG-zA7DZrAlBchRNWMM0hQ1xRV12nNOXA9fVkU_xSBkWDA/https://www.amazon.com/stores/page/ACB5F6B0-CD2A-4CD9-B965-C9D35F036168/?_encoding=UTF8&store_ref=SB_A0876420QSEBYHBF69N-A0592309353D2H55MQ7QV&pd_rd_plhdr=t&aaxitk=f23219485f2b8f58824b415228409395&hsa_cr_id=0&lp_asins=B0GLF2KYKN%2CB0DRP316J1%2CB0F8QKDY2S&lp_query=gpu&lp_slot=desktop-hsa-3psl&ref_=sbx_be_s_3psl_mbd_mb0_bkgd&pd_rd_w=4AvdV&content-id=amzn1.sym.7d5eb573-01e8-49db-b262-65baa247c724%3Aamzn1.sym.7d5eb573-01e8-49db-b262-65baa247c724&pf_rd_p=7d5eb573-01e8-49db-b262-65baa247c724&pf_rd_r=J06S6Q13MHCX3QET8P6R&pd_rd_wg=0ghHS&pd_rd_r=28f06378-ea0b-4f28-b566-595416f33fa7","","","","","","","","","","","",""
"","https://aax-us-east-retail-direct.amazon.com/x/c/JPgXHu24XbR60fCrjdc7pXUAAAGdYBm7hgEAAAH2AQBvbm9fdHhuX2JpZDcgICBvbm9fdHhuX2ltcDIgICDKvxfj/clv1c_ek-Iw4HXFcbWDYHOHovrJ16WHlXzGjt10Vb6y16CmzcRGbtMzwWRrY1QQKlhVp096uLmlqXQ1uWi9hYvDJ8ABv3uVksuvwxGnil6fifnjAkxq2J2JHPZffw4YnV2Nzr6v5RSnOaqwToBJmH9ah1zC1BZocXU1g2eImxwvLZKjgDHz-WY-lobSkL10gyyy0PyI-uvVuNjTyzA1aXMkgFRcwwoCPNVdyohPPcu8Vfa1BBPezzh0b2mITSyvPL_a7ccdKrtBE4rlxQee3FDpnavSjkGIrvAE0db5YeozlhOIhxogF0bGj9ninWdyXa-OMIOBmNtJeph-sHjBRO3042F5fVxhbUkfA5Ye5HMmGQHbLaJvMOGv6aGoTr0jk3yGVGU3UV0n5PbLmU08xgbueqw8lOEunYFiAoDRASb1CHzh9VAHv4PvuqqDYo0OgPVZPNM3O_N1R4E3DeSAOQ_PrBT_RxagyLWHx-lf_oGNglLCKAuvWTRT-ERHE0ucTeehe7YU0CkMj6iZC978K3EXJf_HIENZ30D1vG7jynUAo_TCo6MCgnr1p5v0vgO8RzecI3TJ4kAZzu8sYSKQGBg-NXngXjQtN4O35jB7yLXNUZYxQUJfD5T3L81SxsCUoDBkDzh7vA9bHqaKEujNYrKxgrR2E09o9AJXDlEe75rpAqzHvgnHAPweMbAZyLnmOOR07FzHqoS4mYOytETFdHoPzlBezSseorsw4MBK97w3n3RqO12giaT7sthSJ3ANfqnOw4TuWpFftO19BPTN5xOojzubWCQowR7JqVbo7XtYipERuYdn_T4OEKI4vkp7Ypl9s905Y3UieGr6pkwYH2Em1qqn1U5BmeGfwRRx2EvAZHHnjyckgQQu_WrXnoqzJBMd9JBlPAOYHSr57a0oWVP426cokQ5M_pAF9_qFL1DCl6_Z_KG2s1xHy8Oet5jKgjD-3aHvw2DSuEwh-fLLzZxWOVC4FxNeHQqX3q56SEqO-7bwVVCJ-VhYPIHHFr5F7SMukfht3aVYItIQov179HpKu1vPAQUpwChsZes7mV6oLsj5A/https://www.amazon.com/stores/page/39F35EF5-977D-4ED8-AF23-DCC058F5D3FE/?_encoding=UTF8&store_ref=SB_A08817451WUTLNLLY5D1W-A04836022D66X3IY2YS2Q&pd_rd_plhdr=t&aaxitk=b075b2158eccddebdc7b1fa8210bdb25&hsa_cr_id=0&lp_asins=B0CP3MZZ75%2CB082WVQP5T%2CB0CP3MTP68&lp_query=gpu&lp_slot=auto-sparkle-hsa-tetris&ref_=sbx_be_s_sparkle_ssd_bkgd&pd_rd_w=1B7dV&content-id=amzn1.sym.cc961e39-6f5f-411e-8135-81c6c1187ac0%3Aamzn1.sym.cc961e39-6f5f-411e-8135-81c6c1187ac0&pf_rd_p=cc961e39-6f5f-411e-8135-81c6c1187ac0&pf_rd_r=0JYF0Y1AR9WWBSP07SXG&pd_rd_wg=PnzdC&pd_rd_r=9defa5c5-d52b-422f-81a0-4344e05f2f0c","","","","","","","","","","","",""
"","https://www.amazon.com/sspa/click?ie=UTF8&spc=MTo3NDg0OTg4Nzk4Mzg1NzEwOjE3NzU0MzM3OTI6c3BfYXRmX25leHQ6MzAxMTQ0OTI5MjY5NTAyOjowOjo&url=%2FThzzhnno-DisplayPort-Extension-Extended-Monitor%2Fdp%2FB0F6LJ3FZZ%2Fref%3Dsr_1_81_sspa%3Fcrid%3D346W5D56T0W20%26dib%3DeyJ2IjoiMSJ9.jNlWytgU3zeFah-o0_DQ347l4U2kJKXuINfn6fk3rg6FuGS0ZuUSACxrADbwM2t_8K-7EufdupjqrGf2Qe9l1nuEDj3QHEz5WvI9GdQk6dyQwRmwyeMbxoM-TCd5U5_VSB65GrgYi4xc16X1FfCirJJZr8X_NVh4b_zGDny3Lo77Hp0CzvsQz_KmzT52c9_OZHDYmlnpI1OllXOI2x3baL5kn9PNYXbF21G8HLnQnoY.obLOR6r7AgPx7agPT8uD9Bp5UjzZFfs5QYtr6N7DwB0%26dib_tag%3Dse%26keywords%3Dgpu%26qid%3D1775433792%26sprefix%3Dgp%252Caps%252C387%26sr%3D8-81-spons%26xpid%3DkRTaaIQ0Ql4iY%26sp_csd%3Dd2lkZ2V0TmFtZT1zcF9hdGZfbmV4dA%26psc%3D1","https://m.media-amazon.com/images/I/61Y0WyULMUL._AC_UY218_.jpg","Sponsored","DisplayPort Extension Cable 10FT, DisplayPort 1.2 Male to Female Cable, DP to DP Extended Cord for PC/Monitor/GPU, NVIDIA, More Passive","4.5","(69)","$13.99","","","Overnight","FREE delivery  on $25 of qualifying items","Overnight 7 AM - 11 AM",""
"500+ bought in past month","https://www.amazon.com/sspa/click?ie=UTF8&spc=MTo3NDg0OTg4Nzk4Mzg1NzEwOjE3NzU0MzM3OTI6c3BfYXRmX25leHQ6MzAwNzA0MTEwNzYzMDAyOjowOjo&url=%2FAsiaHorse-Extension-Sleeved-Custom-Braided%2Fdp%2FB0BVQVYVGW%2Fref%3Dsr_1_82_sspa%3Fcrid%3D346W5D56T0W20%26dib%3DeyJ2IjoiMSJ9.jNlWytgU3zeFah-o0_DQ347l4U2kJKXuINfn6fk3rg6FuGS0ZuUSACxrADbwM2t_8K-7EufdupjqrGf2Qe9l1nuEDj3QHEz5WvI9GdQk6dyQwRmwyeMbxoM-TCd5U5_VSB65GrgYi4xc16X1FfCirJJZr8X_NVh4b_zGDny3Lo77Hp0CzvsQz_KmzT52c9_OZHDYmlnpI1OllXOI2x3baL5kn9PNYXbF21G8HLnQnoY.obLOR6r7AgPx7agPT8uD9Bp5UjzZFfs5QYtr6N7DwB0%26dib_tag%3Dse%26keywords%3Dgpu%26qid%3D1775433792%26sprefix%3Dgp%252Caps%252C387%26sr%3D8-82-spons%26xpid%3DkRTaaIQ0Ql4iY%26sp_csd%3Dd2lkZ2V0TmFtZT1zcF9hdGZfbmV4dA%26psc%3D1","https://m.media-amazon.com/images/I/71eBT6MXYRL._AC_UY218_.jpg","Sponsored","AsiaHorse 16AWG PSU Cable Extension Sleeved Custom Mod GPU PC Audio Video Power Supply Soft Braided Cables with Two Color Comb Kit 24P/8P to 6+2P/ 8P to 4+4P 30CM","4.7","(2.4K)","$19.98","","","Overnight","FREE delivery  on $25 of qualifying items","Overnight 7 AM - 11 AM",""
"400+ bought in past month","https://www.amazon.com/Gaming-Processor-GeForce-Display-ANV16S-41-R2AJ/dp/B0F195W823/ref=sr_1_83?crid=346W5D56T0W20&dib=eyJ2IjoiMSJ9.jNlWytgU3zeFah-o0_DQ347l4U2kJKXuINfn6fk3rg6FuGS0ZuUSACxrADbwM2t_8K-7EufdupjqrGf2Qe9l1nuEDj3QHEz5WvI9GdQk6dyQwRmwyeMbxoM-TCd5U5_VSB65GrgYi4xc16X1FfCirJJZr8X_NVh4b_zGDny3Lo77Hp0CzvsQz_KmzT52c9_OZHDYmlnpI1OllXOI2x3baL5kn9PNYXbF21G8HLnQnoY.obLOR6r7AgPx7agPT8uD9Bp5UjzZFfs5QYtr6N7DwB0&dib_tag=se&keywords=gpu&qid=1775433792&sprefix=gp%2Caps%2C387&sr=8-83&ufe=app_do%3Aamzn1.fos.5998aa40-ec6f-4947-a68f-cd087fee0848&xpid=kRTaaIQ0Ql4iY","https://m.media-amazon.com/images/I/71HHF2jUnpL._AC_UY218_.jpg","","acer Nitro V 16S AI Gaming Laptop | NVIDIA GeForce RTX 5060 GPU | AMD Ryzen 7 260 Processor | 16"" WUXGA IPS 180Hz Display | 32GB DDR5 | 1TB Gen 4 SSD | Wi-Fi 6 | ANV16S-41-R2AJ","4.2","(149)","$1,359.99","","$272.00","Tomorrow","FREE delivery","Tomorrow, Apr 6",""
"Only 20 left in stock - order soon.","https://www.amazon.com/ASRock-Graphics-Cooling-Backplate-DisplayPort/dp/B0FBX5W78J/ref=sr_1_84?crid=346W5D56T0W20&dib=eyJ2IjoiMSJ9.jNlWytgU3zeFah-o0_DQ347l4U2kJKXuINfn6fk3rg6FuGS0ZuUSACxrADbwM2t_8K-7EufdupjqrGf2Qe9l1nuEDj3QHEz5WvI9GdQk6dyQwRmwyeMbxoM-TCd5U5_VSB65GrgYi4xc16X1FfCirJJZr8X_NVh4b_zGDny3Lo77Hp0CzvsQz_KmzT52c9_OZHDYmlnpI1OllXOI2x3baL5kn9PNYXbF21G8HLnQnoY.obLOR6r7AgPx7agPT8uD9Bp5UjzZFfs5QYtr6N7DwB0&dib_tag=se&keywords=gpu&qid=1775433792&sprefix=gp%2Caps%2C387&sr=8-84&xpid=kRTaaIQ0Ql4iY","https://m.media-amazon.com/images/I/61hGV7NblfL._AC_UY218_.jpg","","ASRock Radeon RX 9060 XT Steel Legend 16GB GDDR6 OC Graphics Card | 3275 MHz Boost | Triple Fan | 0dB Cooling | Metal Backplate | PCIe 5.0 | DisplayPort 2.1a, HDMI 2.1b","4.7","(110)","$666.17","","","","$17.11 delivery","Apr 9 - 13",""
"Only 3 left in stock - order soon.","https://www.amazon.com/sspa/click?ie=UTF8&spc=MTo3NDg0OTg4Nzk4Mzg1NzEwOjE3NzU0MzM3OTI6c3BfbXRmOjMwMTE2NDMyMDU4NjcwMjo6MDo6&url=%2FVBESTLIFE-1050Ti-Graphics-Desktop-Computer%2Fdp%2FB0G5YJ56RP%2Fref%3Dsr_1_85_sspa%3Fcrid%3D346W5D56T0W20%26dib%3DeyJ2IjoiMSJ9.jNlWytgU3zeFah-o0_DQ347l4U2kJKXuINfn6fk3rg6FuGS0ZuUSACxrADbwM2t_8K-7EufdupjqrGf2Qe9l1nuEDj3QHEz5WvI9GdQk6dyQwRmwyeMbxoM-TCd5U5_VSB65GrgYi4xc16X1FfCirJJZr8X_NVh4b_zGDny3Lo77Hp0CzvsQz_KmzT52c9_OZHDYmlnpI1OllXOI2x3baL5kn9PNYXbF21G8HLnQnoY.obLOR6r7AgPx7agPT8uD9Bp5UjzZFfs5QYtr6N7DwB0%26dib_tag%3Dse%26keywords%3Dgpu%26qid%3D1775433792%26sprefix%3Dgp%252Caps%252C387%26sr%3D8-85-spons%26xpid%3DkRTaaIQ0Ql4iY%26sp_csd%3Dd2lkZ2V0TmFtZT1zcF9tdGY%26psc%3D1","https://m.media-amazon.com/images/I/61XuaKY0sQL._AC_UY218_.jpg","Sponsored","VBESTLIFE 1050Ti 1GB Graphics Card, DDR5 128Bit GPU, 780MHz PCIE 3.0 Gaming Video Card, Desktop Computer Graphics Card","1.0","(1)","$54.99","","","Tomorrow","FREE delivery","Tomorrow, Apr 6",""
"Only 5 left in stock - order soon.","https://www.amazon.com/sspa/click?ie=UTF8&spc=MTo3NDg0OTg4Nzk4Mzg1NzEwOjE3NzU0MzM3OTI6c3BfbXRmOjMwMTE5NDA3MzM4MDYwMjo6MDo6&url=%2FDpofirs-Graphics-Supports-Multimedia-Interface%2Fdp%2FB0FMKKWZ7J%2Fref%3Dsr_1_86_sspa%3Fcrid%3D346W5D56T0W20%26dib%3DeyJ2IjoiMSJ9.jNlWytgU3zeFah-o0_DQ347l4U2kJKXuINfn6fk3rg6FuGS0ZuUSACxrADbwM2t_8K-7EufdupjqrGf2Qe9l1nuEDj3QHEz5WvI9GdQk6dyQwRmwyeMbxoM-TCd5U5_VSB65GrgYi4xc16X1FfCirJJZr8X_NVh4b_zGDny3Lo77Hp0CzvsQz_KmzT52c9_OZHDYmlnpI1OllXOI2x3baL5kn9PNYXbF21G8HLnQnoY.obLOR6r7AgPx7agPT8uD9Bp5UjzZFfs5QYtr6N7DwB0%26dib_tag%3Dse%26keywords%3Dgpu%26qid%3D1775433792%26sprefix%3Dgp%252Caps%252C387%26sr%3D8-86-spons%26xpid%3DkRTaaIQ0Ql4iY%26sp_csd%3Dd2lkZ2V0TmFtZT1zcF9tdGY%26psc%3D1","https://m.media-amazon.com/images/I/61Y6xJygQQL._AC_UY218_.jpg","Sponsored","Dpofirs 550TI 6GB Graphics Card, GDDR5 192BIT PCIE 2.0 16X Gaming Video Card with Dual Cooling Fan, Supports DVI VGA HD Multimedia Interface","5.0","(1)","$92.66","","","Two-Day","FREE delivery","Tue, Apr 7",""
"| Based on star rating and number of customer ratings","https://www.amazon.com/s?k=gpu&page=6&crid=346W5D56T0W20&qid=1775433788&sprefix=gp%2Caps%2C387&xpid=kRTaaIQ0Ql4iY&ref=sr_pg_5#","https://m.media-amazon.com/images/I/71ew6CmP1CL._AC_UL320_.jpg","","","4.1","(41)","$145.99","$54.99","","Two-Day","FREE delivery  for Prime members","Apr 22 - May 5","Tue, Apr 7"
"","https://aax-us-east-retail-direct.amazon.com/x/c/JOSPVgmMEJBUGuqi5leBkcIAAAGdYBm7qgEAAAH2AQBvbm9fdHhuX2JpZDcgICBvbm9fdHhuX2ltcDEgICBe-ZL9/clv1c_ek-IwoHXFcbWDYHOHovrJ16WPjERPZsaVVtBJliCmzeGEmcMcKbz3n09dO1ohRGtpop34QV8obPURlwBUtVj-Gd7QiEaXqMZ-DZdCdZuU7PWTMEyQcobCGP17lE89lNbQtau3qQ4jmB2lcqAHG7X-_LjkF3dlpKqkk_86yza-vK37d8QNZ_VtDR0jBQnfc9SnqDjhtrafzGYVYbu8xlRcg-pCEZYt2pxwNMHOn92cpVRUx6GLq_oUQ3cRHpKSmEeENdztKQrELqSou_rhOlCza5qg3SFnqBrJb1h_Ek7dAoDBEVhvST7N8D0FqfMTvYTs-DtHbRdgcFYN_IMo8SO-Nv7kUqPqGCGDggAqSblaj_lGa1Se7aPm_ugwbDPHtUuO5LPpwIZ3kMgQNeBfxR3voVXfbXgCloEr6BIlonFUCDI0MSKdC8XCu1X9liecj06lUX66WaCMdO0w4ZP7whKBhR_bKju55bbJXMOGxUS983WZHeMwoNfHvvYBXka_g91UqHmg4dtPsQLJ2qo785RznwBWaV4jmOnb9b_kCx8NYbCNp7QUVdAJsvokOhXrhtWw3E4CWbt4Jq_Mn-dqE6hAwXQbDtkZlR0_A03bVfgb-JFj2EcqZDXu5SP3QvrCtQX0W0ohEbNzphyu1_VPeW5N-GBA_yKxW3bXQXhgpiOXmHmojqtRlsxXU49YYTOVMJ4zbewdg7wOdy6yNO-zoA-7jLmHVdecJmaia0vBy-Gqr9yKV0zrVCHRGYyuXVnGTV0Osxas20OEnboj5mjBSTeUgJszTYz5naIttkdyqlQ-DLHO0sEWoN71JtTR8FtkwymvUSYFT6SMGf08rkHGC0LyuDEue0xAbqKqNBKLuX4zBDd1e7dSpMNOXHJcSKTNhvtfWyqb6MOzHj6S_nYXZazHYE_pi_iJM8HHJa9xnDJHf2l2hUSunnW3L_AQZyT9rsptKG4huHdF7GCHNubMaHtuGoSMEO-080Iskmr-T-G4RNVXBSuFkoKbqpDJklRnwdASP0IUUqf8AtpU7hAeDjIHbjkeIGYm7iLN1pgVzWmYkhw0mZ2p7kSnIO4MyHDoNt68gmMNQ/https://www.amazon.com/stores/page/B916E14A-6EA6-40A0-B386-1C60ECE20F5C/?_encoding=UTF8&pd_rd_plhdr=t&pd_rd_i=B0FF4R4HH5&ref_=sbx_be_s_sparkle_ssd_bkg&store_ref=SBV_A024825426U949LTX67Z6-A05369222ZTYTGHS430WR&lp_asins=B0FF4R4HH5&pd_rd_w=rxCsy&content-id=amzn1.sym.a55e4c23-ba6c-4408-a37e-65ef6d7a1c73%3Aamzn1.sym.a55e4c23-ba6c-4408-a37e-65ef6d7a1c73&pf_rd_p=a55e4c23-ba6c-4408-a37e-65ef6d7a1c73&pf_rd_r=0JYF0Y1AR9WWBSP07SXG&pd_rd_wg=kHkX1&pd_rd_r=ff33df8f-eb07-4019-8ba2-209d692bd3b9","","","","4.1","Shop","","","","","","",""
"","https://aax-us-east-retail-direct.amazon.com/x/c/JMtqBA7dGF5yqyRP4iJdXagAAAGdYBm7lQEAAAH2AQBvbm9fdHhuX2JpZDUgICBvbm9fdHhuX2ltcDEgICDHWCDZ/clv1c_ek-IwofXFcbWDoHOHovrJ16WHlXzGjt10dY-xFLSnXWWNBdfP1I8XAg9dN1ohaG_fVJ74YKjZzld-QpJvYPkZ44IMlWV70CbjMkZuRAO1PZBxv1bCuriAF76tv_yh9V1nVkptjQJxxn8AMeuD_qGW9Har_WXiFnIgpgwd-cLbv26ce7y5-rghMCmN8a_JOv-l2cD5vjKHZGDxeCks8INZE9e_9cJTTuGNrbMnvAvD0MYZ5B_9Nc3h5gIDBeea7_0Uw5D7OS7B8uaRFmuMID0PSXSQkcmLaGzBk46hCh6a7JculS1OlIWr2xmQFJJstnYE6SKx_IJWAhBNoo5cBe-u964ZafmPClhHmmmIzWuieaqKM0nLxj4z-X2_5KYdPlItSk4wCxzrgoAmLXdUo5UZs9IaETlzugWIVgjMzUkFbblPzM1_zVIm1DX_EV1AuKYlxh-QiMQaiApsj_pc9s-aYz8i5Khkfyi_GsC4sdIFnMMeYyBtFhsqvqrOBqzp35WgEj_SLkXoS-m5-jLwiJ48B7G69ZoPwergiVUBvfbWwLZXad9U70T4FnB0FLGf07K5UKEMEuvk2Odyv-7Ng0nYgOAZr3lOQLEoXoqV-9Mb6xOfZu-N6uooJJzvbnrNJj1quuZtfBWztW6aOXiiWidXbgAMWWnmG8xXSa93sW3tWCFWCSbIk8d4F7u4xSrnuPTX8VIaiHj9gSgFMBQ4JBiWgym5skxyoVzGqIRQCCDYUQnduLdvOqIea3qCZBjAECJD9HazTL8bueVNLHuOFaSquZVOioQG2ky-0wnxVDyKFFU7eTG34gVbeUmLKMNB9RFIeP4MaX4aQIMZL6o_MFuUHNgaPdC0BfhS9wuXQpJ4qVyC032kXgm9JAoYrsHugtKNSX8HgD-aOZbu1eDW6aA1k0GQPRTEs1IznwUMe251l6wxYMcjGKXf0z4vd1yOuM-drzXO09usKpm77BEImwdmdJP9hUK78hk0plNmOvysAe6Q7gPMpjqx6J5K65I__OMnHAm7xoD9XUJNi9TZK4VUWGQGhbOuUd_-0LJcimyDLu9nZG5oBXDCO7dWYL-e5hwTeL6b_yN0aFKt38/https://www.amazon.com/stores/page/3AE2EDDA-7CFB-442E-80B2-6AD9D9F36AA3/?_encoding=UTF8&store_ref=SB_A0518627ZQMNUJV450QY-A0563921292RFWOZMAJII&pd_rd_plhdr=t&aaxitk=272a79a595384f5701a71c719329e6ec&hsa_cr_id=0&lp_asins=B0BZC16C8J%2CB0C8CYVVC9%2CB0CLP57WF7&lp_query=gpu&lp_slot=desktop-inline&ref_=sbx__sbtcd2_bkgd&pd_rd_w=ukohi&content-id=amzn1.sym.8a47ec59-c206-4272-83cb-e2017cc774b4%3Aamzn1.sym.8a47ec59-c206-4272-83cb-e2017cc774b4&pf_rd_p=8a47ec59-c206-4272-83cb-e2017cc774b4&pf_rd_r=0JYF0Y1AR9WWBSP07SXG&pd_rd_wg=kHkX1&pd_rd_r=ff33df8f-eb07-4019-8ba2-209d692bd3b9","","","","4.4","|","$9.99","$14.99","","Overnight","FREE delivery  on $25 of qualifying items","Overnight 7 AM - 11 AM","Overnight 7 AM - 11 AM"
"More Buying Choices","https://www.amazon.com/AISURIX-Graphics-Express-Freeze-Gaming/dp/B0FPX7LHTR/ref=sr_1_87?crid=346W5D56T0W20&dib=eyJ2IjoiMSJ9.jNlWytgU3zeFah-o0_DQ347l4U2kJKXuINfn6fk3rg6FuGS0ZuUSACxrADbwM2t_8K-7EufdupjqrGf2Qe9l1nuEDj3QHEz5WvI9GdQk6dyQwRmwyeMbxoM-TCd5U5_VSB65GrgYi4xc16X1FfCirJJZr8X_NVh4b_zGDny3Lo77Hp0CzvsQz_KmzT52c9_OZHDYmlnpI1OllXOI2x3baL5kn9PNYXbF21G8HLnQnoY.obLOR6r7AgPx7agPT8uD9Bp5UjzZFfs5QYtr6N7DwB0&dib_tag=se&keywords=gpu&qid=1775433792&sprefix=gp%2Caps%2C387&sr=8-87&xpid=kRTaaIQ0Ql4iY","https://m.media-amazon.com/images/I/71HFDdxGmaL._AC_UY218_.jpg","","GTX 1050 Ti 4G Graphics Card, 128 Bit GDDR5 PCI Express 3.0 Graphics Card, DVI VGA HDMI Graphics Card with Twin Freeze Fans Gaming GPU (1050 TI)","4.4","(40)","$129.99","","","Overnight","FREE delivery","Overnight 7 AM - 11 AM",""
"100+ bought in past month","https://www.amazon.com/XFX-Speedster-SWFT210-Graphics-RX-76PSWFTFA/dp/B0DR25XD68/ref=sr_1_88?crid=346W5D56T0W20&dib=eyJ2IjoiMSJ9.jNlWytgU3zeFah-o0_DQ347l4U2kJKXuINfn6fk3rg6FuGS0ZuUSACxrADbwM2t_8K-7EufdupjqrGf2Qe9l1nuEDj3QHEz5WvI9GdQk6dyQwRmwyeMbxoM-TCd5U5_VSB65GrgYi4xc16X1FfCirJJZr8X_NVh4b_zGDny3Lo77Hp0CzvsQz_KmzT52c9_OZHDYmlnpI1OllXOI2x3baL5kn9PNYXbF21G8HLnQnoY.obLOR6r7AgPx7agPT8uD9Bp5UjzZFfs5QYtr6N7DwB0&dib_tag=se&keywords=gpu&qid=1775433792&sprefix=gp%2Caps%2C387&sr=8-88&ufe=app_do%3Aamzn1.fos.5998aa40-ec6f-4947-a68f-cd087fee0848&xpid=kRTaaIQ0Ql4iY","https://m.media-amazon.com/images/I/619fohQ4gKL._AC_UY218_.jpg","","XFX Speedster SWFT210 Radeon RX 7600 Graphics Card with 8GB GDDR6 HDMI 3xDP, AMD RDNA 3 RX-76PSWFTFA","4.5","(102)","$328.61","","$65.73","Overnight","FREE delivery","Overnight 7 AM - 11 AM",""
"New on Amazon in past month","https://www.amazon.com/sspa/click?ie=UTF8&spc=MTo3NDg0OTg4Nzk4Mzg1NzEwOjE3NzU0MzM3OTI6c3BfbXRmOjMwMTIwOTQ5MTM2MjIwMjo6MDo6&url=%2FEBTOOLS-Graphics-1206MHz-1500MHz-Computer%2Fdp%2FB0GSB96MWS%2Fref%3Dsr_1_89_sspa%3Fcrid%3D346W5D56T0W20%26dib%3DeyJ2IjoiMSJ9.jNlWytgU3zeFah-o0_DQ347l4U2kJKXuINfn6fk3rg6FuGS0ZuUSACxrADbwM2t_8K-7EufdupjqrGf2Qe9l1nuEDj3QHEz5WvI9GdQk6dyQwRmwyeMbxoM-TCd5U5_VSB65GrgYi4xc16X1FfCirJJZr8X_NVh4b_zGDny3Lo77Hp0CzvsQz_KmzT52c9_OZHDYmlnpI1OllXOI2x3baL5kn9PNYXbF21G8HLnQnoY.obLOR6r7AgPx7agPT8uD9Bp5UjzZFfs5QYtr6N7DwB0%26dib_tag%3Dse%26keywords%3Dgpu%26qid%3D1775433792%26sprefix%3Dgp%252Caps%252C387%26sr%3D8-89-spons%26xpid%3DkRTaaIQ0Ql4iY%26sp_csd%3Dd2lkZ2V0TmFtZT1zcF9tdGY%26psc%3D1","https://m.media-amazon.com/images/I/6171PLNwwTL._AC_UY218_.jpg","Sponsored","EBTOOLS 8GB 256BIT Gaming Graphics Card, 1206MHz Core 1500MHz Memory GDDR5 Video Card, with PCI Express 2.0 16X Slot and Freeze Fan Stop, for Desktop Computer Gaming GPU DirectX 11","","","$142.20","","","","FREE delivery","Apr 22 - May 1",""
"Only 1 left in stock - order soon.","https://www.amazon.com/sspa/click?ie=UTF8&spc=MTo3NDg0OTg4Nzk4Mzg1NzEwOjE3NzU0MzM3OTI6c3BfbXRmOjMwMTIxOTEzMjI4NDUwMjo6MDo6&url=%2FPOCREATION-Efficient-Cooling-Express-Editing%2Fdp%2FB0FS25GWZW%2Fref%3Dsr_1_90_sspa%3Fcrid%3D346W5D56T0W20%26dib%3DeyJ2IjoiMSJ9.jNlWytgU3zeFah-o0_DQ347l4U2kJKXuINfn6fk3rg6FuGS0ZuUSACxrADbwM2t_8K-7EufdupjqrGf2Qe9l1nuEDj3QHEz5WvI9GdQk6dyQwRmwyeMbxoM-TCd5U5_VSB65GrgYi4xc16X1FfCirJJZr8X_NVh4b_zGDny3Lo77Hp0CzvsQz_KmzT52c9_OZHDYmlnpI1OllXOI2x3baL5kn9PNYXbF21G8HLnQnoY.obLOR6r7AgPx7agPT8uD9Bp5UjzZFfs5QYtr6N7DwB0%26dib_tag%3Dse%26keywords%3Dgpu%26qid%3D1775433792%26sprefix%3Dgp%252Caps%252C387%26sr%3D8-90-spons%26xpid%3DkRTaaIQ0Ql4iY%26sp_csd%3Dd2lkZ2V0TmFtZT1zcF9tdGY%26psc%3D1","https://m.media-amazon.com/images/I/717uCYy0yVL._AC_UY218_.jpg","Sponsored","POCREATION Gaming GPU 6GB GDDR5 192-bit PCIe 2.0 Graphics Card for PC Gaming, Video Editing, Work, Supports DVI VGA DirectX 11, Quiet Efficient Cooling","","","$83.09","","","Two-Day","FREE delivery","Tue, Apr 7",""
"200+ bought in past month","https://www.amazon.com/msi-RTX-5050-8G-Performance/dp/B0FFVFD58L/ref=sr_1_91?crid=346W5D56T0W20&dib=eyJ2IjoiMSJ9.jNlWytgU3zeFah-o0_DQ347l4U2kJKXuINfn6fk3rg6FuGS0ZuUSACxrADbwM2t_8K-7EufdupjqrGf2Qe9l1nuEDj3QHEz5WvI9GdQk6dyQwRmwyeMbxoM-TCd5U5_VSB65GrgYi4xc16X1FfCirJJZr8X_NVh4b_zGDny3Lo77Hp0CzvsQz_KmzT52c9_OZHDYmlnpI1OllXOI2x3baL5kn9PNYXbF21G8HLnQnoY.obLOR6r7AgPx7agPT8uD9Bp5UjzZFfs5QYtr6N7DwB0&dib_tag=se&keywords=gpu&qid=1775433792&sprefix=gp%2Caps%2C387&sr=8-91&ufe=app_do%3Aamzn1.fos.5998aa40-ec6f-4947-a68f-cd087fee0848&xpid=kRTaaIQ0Ql4iY","https://m.media-amazon.com/images/I/71HQSXg4qVL._AC_UY218_.jpg","","msi Gaming RTX 5050 8G Shadow 2X OC Graphics Card (8GB GDDR6,128-bit, Extreme Performance: 2617 MHz, DisplayPort x3 2.1a, HDMI 2.1b, NVIDIA Blackwell Architecture)","4.8","(131)","$299.99","","$60.00","","FREE delivery for Prime members","",""
"50+ bought in past month","https://www.amazon.com/msi-Warcraft-Midnight-Graphics-Performance/dp/B0GNCD2VW6/ref=sr_1_92?crid=346W5D56T0W20&dib=eyJ2IjoiMSJ9.jNlWytgU3zeFah-o0_DQ347l4U2kJKXuINfn6fk3rg6FuGS0ZuUSACxrADbwM2t_8K-7EufdupjqrGf2Qe9l1nuEDj3QHEz5WvI9GdQk6dyQwRmwyeMbxoM-TCd5U5_VSB65GrgYi4xc16X1FfCirJJZr8X_NVh4b_zGDny3Lo77Hp0CzvsQz_KmzT52c9_OZHDYmlnpI1OllXOI2x3baL5kn9PNYXbF21G8HLnQnoY.obLOR6r7AgPx7agPT8uD9Bp5UjzZFfs5QYtr6N7DwB0&dib_tag=se&keywords=gpu&qid=1775433792&sprefix=gp%2Caps%2C387&sr=8-92&xpid=kRTaaIQ0Ql4iY","https://m.media-amazon.com/images/I/71Uz853qGHL._AC_UY218_.jpg","","msi Gaming RTX 5070 12G World of Warcraft Midnight Void Edition OC Graphics Card (12GB GDDR7, 192-bit, Extreme Performance: 2625 MHz, DisplayPort x 3 2.1a, HDMI 2.1b, NVIDIA Blackwell Architecture)","4.6","(3)","$769.99","","","Overnight","FREE delivery","Overnight 7 AM - 11 AM",""
"","https://www.amazon.com/PNY-Graphics-SFF-Ready-Blackwell-Architecture/dp/B0FRPFG6NW/ref=sr_1_93?crid=346W5D56T0W20&dib=eyJ2IjoiMSJ9.jNlWytgU3zeFah-o0_DQ347l4U2kJKXuINfn6fk3rg6FuGS0ZuUSACxrADbwM2t_8K-7EufdupjqrGf2Qe9l1nuEDj3QHEz5WvI9GdQk6dyQwRmwyeMbxoM-TCd5U5_VSB65GrgYi4xc16X1FfCirJJZr8X_NVh4b_zGDny3Lo77Hp0CzvsQz_KmzT52c9_OZHDYmlnpI1OllXOI2x3baL5kn9PNYXbF21G8HLnQnoY.obLOR6r7AgPx7agPT8uD9Bp5UjzZFfs5QYtr6N7DwB0&dib_tag=se&keywords=gpu&qid=1775433792&sprefix=gp%2Caps%2C387&sr=8-93&xpid=kRTaaIQ0Ql4iY","https://m.media-amazon.com/images/I/61wqxkRD8AL._AC_UY218_.jpg","","PNY NVIDIA GeForce RTX™ 5050 Dual Fan, Graphics Card (8GB GDDR6, 128-bit, SFF-Ready, PCIe® 5.0, HDMI®/DP 2.1, 2-Slot, NVIDIA Blackwell Architecture, DLSS 4)","4.4","(42)","$309.99","","","Two-Day","FREE delivery","Tue, Apr 7",""
"100+ bought in past month","https://www.amazon.com/ASUS-Personal-Supercomputer-Superchip-Stackable/dp/B0G1MQYHRD/ref=sr_1_94?crid=346W5D56T0W20&dib=eyJ2IjoiMSJ9.jNlWytgU3zeFah-o0_DQ347l4U2kJKXuINfn6fk3rg6FuGS0ZuUSACxrADbwM2t_8K-7EufdupjqrGf2Qe9l1nuEDj3QHEz5WvI9GdQk6dyQwRmwyeMbxoM-TCd5U5_VSB65GrgYi4xc16X1FfCirJJZr8X_NVh4b_zGDny3Lo77Hp0CzvsQz_KmzT52c9_OZHDYmlnpI1OllXOI2x3baL5kn9PNYXbF21G8HLnQnoY.obLOR6r7AgPx7agPT8uD9Bp5UjzZFfs5QYtr6N7DwB0&dib_tag=se&keywords=gpu&qid=1775433792&sprefix=gp%2Caps%2C387&sr=8-94&xpid=kRTaaIQ0Ql4iY","https://m.media-amazon.com/images/I/71bfnvxSRUL._AC_UY218_.jpg","","ASUS Ascent GX10 Personal AI Supercomputer with NVIDIA GB10 Superchip, 128GB LPDDR5x RAM, 1TB PCIe G4x4 NVMe SSD, Wi-Fi 7 & BT5.4, DGX OS, and Gray Anodized Metal Chassis with Stackable Magnetic Feet","3.9","(19)","$3,499.99","","","","FREE delivery","Wed, Apr 8",""
"100+ bought in past month","https://www.amazon.com/Glorto-GeForce-Profile-Graphics-Express/dp/B0CMX8XWHD/ref=sr_1_95?crid=346W5D56T0W20&dib=eyJ2IjoiMSJ9.jNlWytgU3zeFah-o0_DQ347l4U2kJKXuINfn6fk3rg6FuGS0ZuUSACxrADbwM2t_8K-7EufdupjqrGf2Qe9l1nuEDj3QHEz5WvI9GdQk6dyQwRmwyeMbxoM-TCd5U5_VSB65GrgYi4xc16X1FfCirJJZr8X_NVh4b_zGDny3Lo77Hp0CzvsQz_KmzT52c9_OZHDYmlnpI1OllXOI2x3baL5kn9PNYXbF21G8HLnQnoY.obLOR6r7AgPx7agPT8uD9Bp5UjzZFfs5QYtr6N7DwB0&dib_tag=se&keywords=gpu&qid=1775433792&sprefix=gp%2Caps%2C387&sr=8-95&xpid=kRTaaIQ0Ql4iY","https://m.media-amazon.com/images/I/71LK8YQkLeL._AC_UY218_.jpg","","GeForce GT 610 2G DDR3 Low Profile Graphics Card, PCI Express 1.1 x16, HDMI/VGA, Entry Level GPU for PC, SFF and HTPC, Compatible with Win11","4.4","(293)","$49.99","","","Overnight","FREE delivery","Overnight 7 AM - 11 AM",""
"50+ bought in past month","https://www.amazon.com/Powercolor-Karta-GRAF-550-GDDR5/dp/B09ZMR7VQJ/ref=sr_1_96?crid=346W5D56T0W20&dib=eyJ2IjoiMSJ9.jNlWytgU3zeFah-o0_DQ347l4U2kJKXuINfn6fk3rg6FuGS0ZuUSACxrADbwM2t_8K-7EufdupjqrGf2Qe9l1nuEDj3QHEz5WvI9GdQk6dyQwRmwyeMbxoM-TCd5U5_VSB65GrgYi4xc16X1FfCirJJZr8X_NVh4b_zGDny3Lo77Hp0CzvsQz_KmzT52c9_OZHDYmlnpI1OllXOI2x3baL5kn9PNYXbF21G8HLnQnoY.obLOR6r7AgPx7agPT8uD9Bp5UjzZFfs5QYtr6N7DwB0&dib_tag=se&keywords=gpu&qid=1775433792&sprefix=gp%2Caps%2C387&sr=8-96&xpid=kRTaaIQ0Ql4iY","https://m.media-amazon.com/images/I/61ZKunksG6L._AC_UY218_.jpg","","PowerColor AMD Radeon 550 2GB GDDR5 Graphics Card","4.1","(87)","$69.99","","","Two-Day","FREE delivery","Tue, Apr 7",""
"More Buying Choices","https://www.amazon.com/EVGA-GeForce-Gaming-Backplate-06G-P4-1068-KR/dp/B07ZHZL2JB/ref=sr_1_97?crid=346W5D56T0W20&dib=eyJ2IjoiMSJ9.jNlWytgU3zeFah-o0_DQ347l4U2kJKXuINfn6fk3rg6FuGS0ZuUSACxrADbwM2t_8K-7EufdupjqrGf2Qe9l1nuEDj3QHEz5WvI9GdQk6dyQwRmwyeMbxoM-TCd5U5_VSB65GrgYi4xc16X1FfCirJJZr8X_NVh4b_zGDny3Lo77Hp0CzvsQz_KmzT52c9_OZHDYmlnpI1OllXOI2x3baL5kn9PNYXbF21G8HLnQnoY.obLOR6r7AgPx7agPT8uD9Bp5UjzZFfs5QYtr6N7DwB0&dib_tag=se&keywords=gpu&qid=1775433792&sprefix=gp%2Caps%2C387&sr=8-97&xpid=kRTaaIQ0Ql4iY","https://m.media-amazon.com/images/I/81mhOOhB+bL._AC_UY218_.jpg","","EVGA 06G-P4-1068-KR GeForce GTX 1660 Super Sc Ultra Gaming, 6GB GDDR6, Dual Fan, Metal Backplate","4.7","(1.5K)","$279.99","","","Overnight","FREE delivery","Overnight 7 AM - 11 AM",""
"Only 3 left in stock - order soon.","https://www.amazon.com/MSI-NVIDIA-GeForce-Gaming-Graphics/dp/B0DV9GMDLR/ref=sr_1_98?crid=346W5D56T0W20&dib=eyJ2IjoiMSJ9.jNlWytgU3zeFah-o0_DQ347l4U2kJKXuINfn6fk3rg6FuGS0ZuUSACxrADbwM2t_8K-7EufdupjqrGf2Qe9l1nuEDj3QHEz5WvI9GdQk6dyQwRmwyeMbxoM-TCd5U5_VSB65GrgYi4xc16X1FfCirJJZr8X_NVh4b_zGDny3Lo77Hp0CzvsQz_KmzT52c9_OZHDYmlnpI1OllXOI2x3baL5kn9PNYXbF21G8HLnQnoY.obLOR6r7AgPx7agPT8uD9Bp5UjzZFfs5QYtr6N7DwB0&dib_tag=se&keywords=gpu&qid=1775433792&sprefix=gp%2Caps%2C387&sr=8-98&xpid=kRTaaIQ0Ql4iY","https://m.media-amazon.com/images/I/71qDAG4CFLL._AC_UY218_.jpg","","MSI NVIDIA GeForce RTX 5070 Ti 16G Gaming Trio OC Plus Graphics Card - 16 GB GDDR7 (28 GB/s, 256-bit), PCIe 5.0 - TRI FROZR 4 (3 x STORMFORCE Fans) - RGB - HDMI 2.1b, DisplayPort 2.1b","4.6","(475)","$1,289.99","","","","FREE delivery","Wed, Apr 8","Tue, Apr 7"
"50+ bought in past month","https://www.amazon.com/ASRock-Professional-Graphics-Accelerators-DisplayPort/dp/B0G1WZMKW6/ref=sr_1_99?crid=346W5D56T0W20&dib=eyJ2IjoiMSJ9.jNlWytgU3zeFah-o0_DQ347l4U2kJKXuINfn6fk3rg6FuGS0ZuUSACxrADbwM2t_8K-7EufdupjqrGf2Qe9l1nuEDj3QHEz5WvI9GdQk6dyQwRmwyeMbxoM-TCd5U5_VSB65GrgYi4xc16X1FfCirJJZr8X_NVh4b_zGDny3Lo77Hp0CzvsQz_KmzT52c9_OZHDYmlnpI1OllXOI2x3baL5kn9PNYXbF21G8HLnQnoY.obLOR6r7AgPx7agPT8uD9Bp5UjzZFfs5QYtr6N7DwB0&dib_tag=se&keywords=gpu&qid=1775433792&sprefix=gp%2Caps%2C387&sr=8-99&xpid=kRTaaIQ0Ql4iY","https://m.media-amazon.com/images/I/61qhjSs1zWL._AC_UY218_.jpg","","ASRock Radeon AI PRO R9700 Creator 32GB Professional Graphics Card, 2920 MHz Boost Clock, 32GB GDDR6, AMD RDNA 4, AI Accelerators, DisplayPort 2.1a, PCIe 5.0, Blower Cooler","4.2","(7)","$1,349.99","","","","FREE delivery  for Prime members","Sat, Apr 11",""
"100+ bought in past month","https://www.amazon.com/ASUS-DisplayPort-2-5-Slot-Axial-tech-Technology/dp/B0DHG3S1P7/ref=sr_1_100?crid=346W5D56T0W20&dib=eyJ2IjoiMSJ9.jNlWytgU3zeFah-o0_DQ347l4U2kJKXuINfn6fk3rg6FuGS0ZuUSACxrADbwM2t_8K-7EufdupjqrGf2Qe9l1nuEDj3QHEz5WvI9GdQk6dyQwRmwyeMbxoM-TCd5U5_VSB65GrgYi4xc16X1FfCirJJZr8X_NVh4b_zGDny3Lo77Hp0CzvsQz_KmzT52c9_OZHDYmlnpI1OllXOI2x3baL5kn9PNYXbF21G8HLnQnoY.obLOR6r7AgPx7agPT8uD9Bp5UjzZFfs5QYtr6N7DwB0&dib_tag=se&keywords=gpu&qid=1775433792&sprefix=gp%2Caps%2C387&sr=8-100&xpid=kRTaaIQ0Ql4iY","https://m.media-amazon.com/images/I/81PChIf5pwL._AC_UY218_.jpg","","ASUS Dual GeForce RTX™ 4070 Super EVO OC Edition 12GB GDDR6X (PCIe 4.0, 12GB GDDR6X, DLSS 3, HDMI 2.1a, DisplayPort 1.4a, 2.5-Slot Design, Axial-tech Fan Design, 0dB Technology, and More) (Renewed)","4.0","(14)","$599.99","","","","FREE delivery","Wed, Apr 8","Tue, Apr 7"
"1K+ bought in past month","https://www.amazon.com/NVIDIA-Jetson-Orin-Nano-Developer/dp/B0BZJTQ5YP/ref=sr_1_101?crid=346W5D56T0W20&dib=eyJ2IjoiMSJ9.jNlWytgU3zeFah-o0_DQ347l4U2kJKXuINfn6fk3rg6FuGS0ZuUSACxrADbwM2t_8K-7EufdupjqrGf2Qe9l1nuEDj3QHEz5WvI9GdQk6dyQwRmwyeMbxoM-TCd5U5_VSB65GrgYi4xc16X1FfCirJJZr8X_NVh4b_zGDny3Lo77Hp0CzvsQz_KmzT52c9_OZHDYmlnpI1OllXOI2x3baL5kn9PNYXbF21G8HLnQnoY.obLOR6r7AgPx7agPT8uD9Bp5UjzZFfs5QYtr6N7DwB0&dib_tag=se&keywords=gpu&qid=1775433792&sprefix=gp%2Caps%2C387&sr=8-101&xpid=kRTaaIQ0Ql4iY","https://m.media-amazon.com/images/I/71tZcfXMFQL._AC_UY218_.jpg","","NVIDIA Jetson Orin Nano Super Developer Kit","4.2","(331)","$249.00","","","Overnight","FREE delivery","Overnight 7 AM - 11 AM","in 3 hours"
"50+ bought in past month","https://www.amazon.com/MSI-Inspire-Graphics-192-bit-Performance/dp/B0DZZ3Z9FJ/ref=sr_1_102?crid=346W5D56T0W20&dib=eyJ2IjoiMSJ9.jNlWytgU3zeFah-o0_DQ347l4U2kJKXuINfn6fk3rg6FuGS0ZuUSACxrADbwM2t_8K-7EufdupjqrGf2Qe9l1nuEDj3QHEz5WvI9GdQk6dyQwRmwyeMbxoM-TCd5U5_VSB65GrgYi4xc16X1FfCirJJZr8X_NVh4b_zGDny3Lo77Hp0CzvsQz_KmzT52c9_OZHDYmlnpI1OllXOI2x3baL5kn9PNYXbF21G8HLnQnoY.obLOR6r7AgPx7agPT8uD9Bp5UjzZFfs5QYtr6N7DwB0&dib_tag=se&keywords=gpu&qid=1775433792&sprefix=gp%2Caps%2C387&sr=8-102&xpid=kRTaaIQ0Ql4iY","https://m.media-amazon.com/images/I/71fWutp8KIL._AC_UY218_.jpg","","msi Gaming RTX 5070 12G Inspire 3X OC Graphics Card (12GB GDDR7, 192-bit, Extreme Performance: 2557 MHz, DisplayPort x 3 2.1a, HDMI 2.1b, NVIDIA Blackwell Architecture)","4.6","(36)","$669.99","$719.99","$719.99","Tomorrow","FREE delivery","Tomorrow, Apr 6",""
"100+ bought in past month","https://aax-us-east-retail-direct.amazon.com/x/c/JJfaDyBgpOKGAiexuku8LQAAAAGdYBm7kAEAAAH2AQBvbm9fdHhuX2JpZDUgICBvbm9fdHhuX2ltcDEgICDEc33t/clv1c_ek-IwofXFcbWDoHOEIvrJ16WHlXzGjt10dYGyl6Ch3cKGX1jZfUId_oWgQFl4N54zQ4BIFYJsgmCetDJYJ8wBv3uThX-pHrSanV57neFzAXOTMFvWeAsie_y7I1Qji7HlTCt3jgOb6mXOZ3ZOjH3u9LHvH1clpOJEYP2hT8O3JyLmDl1b5JFkg8FhIx6d3x-Yk4J7FVSFn3NzIzcBj98_nYEkpgWkg4AXSTFPdzp9VGO76byVmzYSRLRNMHsQdddt2pDK81xW-RNI_GXd7yuzwQKIrtgLRxVvplM5sAgShRbT5KrPgV_ABMVetOJI_orexNfPKzYWkmxrAOUezd6xHTxIPe-T6leJ5B8WLm0u7kIxCrDgx3VpPzwdVf7g6ECoEPNI9Wv9H_qTmXPZJNk6Ika03AFgAAQZhnlL7TcwcTTllyXaOQYIsudxyLJjrYcjkNKW4QWqaKq7aN7uj-RU5Y-UMRO9Tw2Rpi-vSfIYKM_om43kk2MI6Ekh-MTqVJjSumRQxIoTYqkGkgvCxRxJL852VWi0fN988kchOOH6ivfEVviXGKqZ2tAvCjxw3vO7dNqV_jJkXG7ZWXCvII_zg7IK2igS5Pi1l9l5eKxolJDyuHAVIl-yBG9xLwydckw0IHUjttF1qZzpnsaZytat9dTRF-LwDETp6tETQbu7maJx_R_kLLr29TW8aIql6cRfFSbJReawr3AmfXeBcHr2k54Qe7AzImkNlDUxo8oD6fHpqStsh8uobV_xuJ_fYl4M1bIFZwn5gVD24KL0v6-2cR5Iid8CAWp6r6MvJUj4GDWP_NUyRxkLVICYr4wulqklEOdCj13rjmZeD3RgykseKLr26PcA_SMwFpGhldulJ-XTPhcB1o2qPF2L_uskNSPY-aGvCTcbc7LeYvMTe2OUaL620UlK4fdMbzbR2zpedRaw4sMkTbr_9BKVrmkZ7sSNS4BeHSatqyqk8SmaUD74Fkxj970daGAtfc1yO2tVDP9qtGFQqAyE7x6pQCIn-1XESZseEtyyIkj6W8gbgFCG3PblyPHIinItyJ65pXCFNUYIUhRWw/https://www.amazon.com/dp/B0DPPZ57PX?pd_rd_i=B0DPPZ57PX&pf_rd_p=2c8e5d59-6279-4999-832d-be45d1ca8e79&pf_rd_r=0JYF0Y1AR9WWBSP07SXG&pd_rd_wg=WBiyO&pd_rd_w=7Kh0v&pd_rd_r=abef2003-6662-4f84-a3fb-f1b0442f6442","https://m.media-amazon.com/images/I/51plMh3+7eL._AC_UL640_QL65_.jpg","","GPU Support Bracket, Graphics Card GPU Brace Support, Video Card Sag Holder Bracket with Magnet & Non-Slip Sheet,White, L(74mm-120mm)","4.6","Sponsored","$5.99","","","Tomorrow","FREE delivery","Tomorrow, Apr 6",""
"cpu","https://www.amazon.com/s?k=cpu&ref=rsl_sug_0_0&pd_rd_w=2CctN&content-id=amzn1.sym.3be64970-3b95-4a6d-a45d-78077a3ff871:amzn1.sym.3be64970-3b95-4a6d-a45d-78077a3ff871&pf_rd_p=3be64970-3b95-4a6d-a45d-78077a3ff871&pf_rd_r=0JYF0Y1AR9WWBSP07SXG&pd_rd_wg=WBiyO&pd_rd_r=abef2003-6662-4f84-a3fb-f1b0442f6442&qid=1775433792","","","","","","","","","","","",""
"","","","","","","","","","","","","",""
"","https://aax-us-east-retail-direct.amazon.com/x/c/JGAwoY-BsnD-gu3DwucQOjMAAAGdYBm8bQEAAAH2AQBvbm9fdHhuX2JpZDEgICBvbm9fdHhuX2ltcDIgICAWtDSl/clv1c_ek-IwofXFcbWDoHOEIvrJ16WPjERPZsaVbzmRwHiXGvS8HRr-rQ-oP3_x4-8FquDS4kJlqXsXHUErdJOQIY44DCvUx-_7oBefLXu_Xwem_yONZAWFIwJje504FR_MyAkj_0TTtmwUyP4oEBcDsFC21Bap0EZkk__vtPc2DEe_E0C0iIOYtKOiTxh3y3oKrA_mv6e4y1CChsfRMCoscINpH-W0s48PBJxXPxtr0kJoZ0-8yht2gdJ_ZMfYzihtG-YVflDH41glShKYHLGNrIpitoxmy2hqOyaf0wyKoyl9qGn7pdRj6ogqPiNOzLVZ9AQHqhEYQlu_0LoSMCBO_8h5l75oKUtEYOGFSc6iDQoRvcyqAQV0ElmidJhLwx0neq21gtXPAmUoqZK0gW45_7VKGLWWMXfnu7lnIzxZmvEyez4r_pe-3Cn7Rmin9h9U5qJOsSZK09dcJWyJyEgm1k1H_XhIQD8w7KbbDqmco8QzNtwCXPVy-4uaitSCez9TFbN0xmPgn8zffsY4WBeokcqBX1YxlLbmGioIIZSfqaXRb4N1e2LldvD-AryTICpCl_cNrwLyOp-dkmYljgp8kWRhET_KxWYP0K3wjIYn9s3BixHiW_g_p824hICU1ogL4LI_eNf77nz3I-P9SAvXActhEbGePA6MmZxy44wYlvmxjKAu5KcV-ZVIqZHkAEjS0lKKe6c62SbnPUkgP6RZDCykAHUcpB44a0kyah-SS-NfCwlmm-Xs-elDxWB9XREqzC0xyVkqfX917qqO1-399is_M6KKERqTRCvr2_CSEyMbDvlxDbHOluBMxnew87icIeVc_rE9yRRf7T-g4JLV-xSNwxac8lRxST6QRYVw7kVPX3Xcbxr5SO7HgFTW2rnxxqrAB-iTLgV65dGkvfKsPR5bBYcW9-avHL-zDx7rgCE8Bw4JxkFQsJ7p6wijYDHCaLEGwyOV1YdGWTvCerP8KbX25EH2C--NSBJ9kMjhFB-OMaQtm4AqIaswGKr7Ju8vuC9_WHgInWCSlrk6j-Ooh68mziGJZv3avJUBIispL43fP_7/https://www.amazon.com/stores/page/C5C2F7A1-A824-464D-9A57-796C998E6970/?_encoding=UTF8&store_ref=SB_A0915500OT8JCNAZFSO0-A0872516ZHWAQQQAVDXZ&pd_rd_plhdr=t&aaxitk=8a30c99615ce599d539c88559d41ea58&hsa_cr_id=0&lp_asins=B01MSSJ32J&lp_query=gpu&lp_slot=desktop-hsa-3psl&ref_=sbx_be_s_3psl_mbd_mb0_bkgd&pd_rd_w=aiqGx&content-id=amzn1.sym.7d5eb573-01e8-49db-b262-65baa247c724%3Aamzn1.sym.7d5eb573-01e8-49db-b262-65baa247c724&pf_rd_p=7d5eb573-01e8-49db-b262-65baa247c724&pf_rd_r=0JYF0Y1AR9WWBSP07SXG&pd_rd_wg=RUNHv&pd_rd_r=dba1bbb6-a5d2-4f13-942e-a549d84c691f","","","","","","","","","","","",""
"","https://aax-us-east-retail-direct.amazon.com/x/c/JF8JP5tiXfDEWRNmXSaRHrgAAAGdYBnJqgEAAAH2AQBvbm9fdHhuX2JpZDUgICBvbm9fdHhuX2ltcDEgICCm4gHm/clv1c_ek-wwoHXFcbCzoHOHovrJ16WPjERPZsaVfCmxFHSkzVKNBdPP1FArUMsj8GDZZFU-4X5xoIUbPdyunXvpOwilqPfnoO5fAaju5TdqZQ2BQIi8RbpHuihSOxS8YAYnzI_BtaI_rbNrkfX2c-gDcV0qyBbFy38hpRbU3VRjArCWQPwC3Aj53tFeFfiI40XBrr_0GRSpkrBco9q-eU-04KYNwzSM16I1NyC3qAHb2MRzYWFsAkfcSbzAIVFoo3ngX-rRAAqjiyYGM2Iyg05jPqJtrZ2YRzHoig35-O-9Hc6nm1OJHsD61NkfEcJv1V4AuV5aSspx_BH4Jmo1hXbyxjX7df32ztJ1UF5-dz02dAbW-czNg7iDcnFuq24MSNywKoFos3tR0y6syqbimid6x6MLW1DQoE5qoDdKTYCfpkr2CpSrZIHwtuzTRsP3yTVCSA-i1dYJ4feSPaf0a2ijU20R5g-elg5g927YEeyaAyeGWIg_nXNx3AZ2VQJJchj1zfh3ZxKP1HxUL-oF6H8_XXxvyRmLwQIQJfBu9sXyJfFJO7GMjxv2OtQKZKQNreNBYSGs3MtqA6XgdzR6hchF1s7gpLN4bWNIXLsPdif_cpnhsaXUdY0GLHk4gWOUti_wSeIaNhMKnJh-nPfV7JxIgHLhNFyfpP46wMzGqg72XekBOsdP_NvYoRp_VLqCLKVR-2SvfQAIEf91QoCFVziuEli_itPsPqvMn6bBSWgmR8W-WT9j2ILqbp2v9oEDb8PL4O7q8118IX5WbfGH_-3pI7Xo_t9SO6K0TEIxxpzEr4H77_kXypUuRD6k9jgvz9AbQHA2kmjDC26zgenWSv4ITbHvRA1n8VQHcG5COGFik-HWdA6XnQMkQe1rQu6gdtUlxQa6LcMR6zOnMk1uVdQLWAvs0pqSEYJNJoywF0ngUsp06V20NTZDHSh2fCRgIVhqBEXBItxOx2SW7pD9EkBVo_Aip_v-Dk6KDFWnrx0gtwjKUmcsD9YhU0GI7v5rpO0qd4YPOV8Qt3ziCuwrq-hkhKj5g4pJ79lAHwoTLt95DFJgR7i/https://www.amazon.com/stores/page/ACB5F6B0-CD2A-4CD9-B965-C9D35F036168/?_encoding=UTF8&store_ref=SB_A0876420QSEBYHBF69N-A0592309353D2H55MQ7QV&pd_rd_plhdr=t&aaxitk=f23219485f2b8f58824b415228409395&hsa_cr_id=0&lp_asins=B0GLF2KYKN%2CB0DRP316J1%2CB0F8QKDY2S&lp_query=gpu&lp_slot=auto-sparkle-hsa-tetris&ref_=sbx_s_sparkle_sbtcd_bkgd&pd_rd_w=S2rR1&content-id=amzn1.sym.cc961e39-6f5f-411e-8135-81c6c1187ac0%3Aamzn1.sym.cc961e39-6f5f-411e-8135-81c6c1187ac0&pf_rd_p=cc961e39-6f5f-411e-8135-81c6c1187ac0&pf_rd_r=D1W3GENVJQ83K8JVC2QT&pd_rd_wg=4zcrs&pd_rd_r=18e747f3-ecb0-4d2d-9981-4442c5bff751","","","","","|","$1,689.00","$1,499.00","","","","",""
"","https://www.amazon.com/sspa/click?ie=UTF8&spc=MToyNDQ0OTUwOTA1MTU3MjQ3OjE3NzU0MzM3OTU6c3BfYXRmX25leHQ6MzAxMjEwMDM2NzMyNzAyOjowOjo&url=%2FTREBLEET-Enclosure-Compatible-Thunderbolt-Controller%2Fdp%2FB0GLVGJ6XS%2Fref%3Dsr_1_97_sspa%3Fcrid%3D346W5D56T0W20%26dib%3DeyJ2IjoiMSJ9.4OLtW2LhzWd4CbaGX27A2luRrlzi4Pa4jU_8alFNWEuYnoZUNBEf8YAlbKfxSapFiRsoE97VlRE2NenWfknQG_jvcNXec_VtOTSGv2SzAfv8apVqTwlsHNhnvIUuK-SdFJG0bEBlleuzVJRHqVSRA-AsUoPu3Nsb3XsFUeWACYuIuE-a9ZHblePIG2ppYN4RXp23CVfwtoV_tMWxEKOVbauQ4zmEdvoqOqapTPcYpaY.veqzrCbdezxVVLvsg5eTsrWIWn54rBqP09iswOhwMI8%26dib_tag%3Dse%26keywords%3Dgpu%26qid%3D1775433795%26sprefix%3Dgp%252Caps%252C387%26sr%3D8-97-spons%26xpid%3DkRTaaIQ0Ql4iY%26sp_csd%3Dd2lkZ2V0TmFtZT1zcF9hdGZfbmV4dA%26psc%3D1","https://m.media-amazon.com/images/I/61m1dT9GzUL._AC_UY218_.jpg","Sponsored","TREBLEET 80Gbps eGPU Enclosure, Compatible with Thunderbolt 5 & USB4, External GPU Dock with JHL9480 Controller, Supports PD 140W Charging, Daisy Chain, DC/SFX/ATX Power Support, for Windows & Mac","","","$199.99","","","Two-Day","FREE delivery","Tue, Apr 7",""
"Only 15 left in stock - order soon.","https://www.amazon.com/sspa/click?ie=UTF8&spc=MToyNDQ0OTUwOTA1MTU3MjQ3OjE3NzU0MzM3OTU6c3BfYXRmX25leHQ6MjAwMTMxODgxNTI5MDk4OjowOjo&url=%2FQTHREE-Geforce-Graphics-Profile-Computer%2Fdp%2FB0BVFJHSMM%2Fref%3Dsr_1_98_sspa%3Fcrid%3D346W5D56T0W20%26dib%3DeyJ2IjoiMSJ9.4OLtW2LhzWd4CbaGX27A2luRrlzi4Pa4jU_8alFNWEuYnoZUNBEf8YAlbKfxSapFiRsoE97VlRE2NenWfknQG_jvcNXec_VtOTSGv2SzAfv8apVqTwlsHNhnvIUuK-SdFJG0bEBlleuzVJRHqVSRA-AsUoPu3Nsb3XsFUeWACYuIuE-a9ZHblePIG2ppYN4RXp23CVfwtoV_tMWxEKOVbauQ4zmEdvoqOqapTPcYpaY.veqzrCbdezxVVLvsg5eTsrWIWn54rBqP09iswOhwMI8%26dib_tag%3Dse%26keywords%3Dgpu%26qid%3D1775433795%26sprefix%3Dgp%252Caps%252C387%26sr%3D8-98-spons%26xpid%3DkRTaaIQ0Ql4iY%26sp_csd%3Dd2lkZ2V0TmFtZT1zcF9hdGZfbmV4dA%26psc%3D1","https://m.media-amazon.com/images/I/617GgME4eRL._AC_UY218_.jpg","Sponsored","QTHREE GEFORCE GT 710 Low Profile Video Graphics Card,VGA,HDMI,2GB DDR3 64Bits,Small Form Factor GPU Support DirectX12 OpenGL4.6, HDCP, Low Power","3.8","(18)","$51.99","","","Overnight","FREE delivery","Overnight 7 AM - 11 AM",""
"50+ bought in past month","https://www.amazon.com/XFX-Mercury-Radeon-Gaming-RX-97TRGBBB9/dp/B0DXW1R1YT/ref=sr_1_99?crid=346W5D56T0W20&dib=eyJ2IjoiMSJ9.4OLtW2LhzWd4CbaGX27A2luRrlzi4Pa4jU_8alFNWEuYnoZUNBEf8YAlbKfxSapFiRsoE97VlRE2NenWfknQG_jvcNXec_VtOTSGv2SzAfv8apVqTwlsHNhnvIUuK-SdFJG0bEBlleuzVJRHqVSRA-AsUoPu3Nsb3XsFUeWACYuIuE-a9ZHblePIG2ppYN4RXp23CVfwtoV_tMWxEKOVbauQ4zmEdvoqOqapTPcYpaY.veqzrCbdezxVVLvsg5eTsrWIWn54rBqP09iswOhwMI8&dib_tag=se&keywords=gpu&qid=1775433795&sprefix=gp%2Caps%2C387&sr=8-99&xpid=kRTaaIQ0Ql4iY","https://m.media-amazon.com/images/I/61eEQKC+6VL._AC_UY218_.jpg","","XFX Mercury AMD Radeon RX 9070 XT OC Gaming Edition with RGB 16GB GDDR6 HDMI 3xDP, AMD RDNA 4 RX-97TRGBBB9","4.6","(138)","$779.99","$839.99","$839.99","Two-Day","FREE delivery","Tue, Apr 7",""
"No featured offers available","https://www.amazon.com/GIGABYTE-GeForce-WINDFORCE-Graphics-GV-N3050WF2OCV2-6GD/dp/B0DQK4XSC7/ref=sr_1_100?crid=346W5D56T0W20&dib=eyJ2IjoiMSJ9.4OLtW2LhzWd4CbaGX27A2luRrlzi4Pa4jU_8alFNWEuYnoZUNBEf8YAlbKfxSapFiRsoE97VlRE2NenWfknQG_jvcNXec_VtOTSGv2SzAfv8apVqTwlsHNhnvIUuK-SdFJG0bEBlleuzVJRHqVSRA-AsUoPu3Nsb3XsFUeWACYuIuE-a9ZHblePIG2ppYN4RXp23CVfwtoV_tMWxEKOVbauQ4zmEdvoqOqapTPcYpaY.veqzrCbdezxVVLvsg5eTsrWIWn54rBqP09iswOhwMI8&dib_tag=se&keywords=gpu&qid=1775433795&sprefix=gp%2Caps%2C387&sr=8-100&xpid=kRTaaIQ0Ql4iY","https://m.media-amazon.com/images/I/713ZXD2ICaL._AC_UY218_.jpg","","GIGABYTE GeForce RTX 3050 WINDFORCE OC V2 6G Graphics Card, 2X WINDFORCE Fans, 6GB GDDR6 96-bit GDDR6, GV-N3050WF2OCV2-6GD Graphics Card","4.7","(226)","","","","","","",""
"","https://www.amazon.com/sspa/click?ie=UTF8&spc=MToyNDQ0OTUwOTA1MTU3MjQ3OjE3NzU0MzM3OTU6c3BfbXRmOjMwMDA4OTgwMDYyNzkwMjo6MDo6&url=%2F51RISC-GeForce-Graphics-Gaming-Display%2Fdp%2FB0CJFFZTJC%2Fref%3Dsr_1_101_sspa%3Fcrid%3D346W5D56T0W20%26dib%3DeyJ2IjoiMSJ9.4OLtW2LhzWd4CbaGX27A2luRrlzi4Pa4jU_8alFNWEuYnoZUNBEf8YAlbKfxSapFiRsoE97VlRE2NenWfknQG_jvcNXec_VtOTSGv2SzAfv8apVqTwlsHNhnvIUuK-SdFJG0bEBlleuzVJRHqVSRA-AsUoPu3Nsb3XsFUeWACYuIuE-a9ZHblePIG2ppYN4RXp23CVfwtoV_tMWxEKOVbauQ4zmEdvoqOqapTPcYpaY.veqzrCbdezxVVLvsg5eTsrWIWn54rBqP09iswOhwMI8%26dib_tag%3Dse%26keywords%3Dgpu%26qid%3D1775433795%26sprefix%3Dgp%252Caps%252C387%26sr%3D8-101-spons%26xpid%3DkRTaaIQ0Ql4iY%26sp_csd%3Dd2lkZ2V0TmFtZT1zcF9tdGY%26psc%3D1","https://m.media-amazon.com/images/I/71RyQ7WvVqL._AC_UY218_.jpg","Sponsored","GeForce GTX 1660 Super Graphics Card, 6GB GDDR6 Gaming PC GPU 192bit Video Card PCIe 3.0 x16 DP HDMI DVI Display 1660S Game Cards","4.2","(32)","$189.99","","","","FREE delivery  for Prime members","Apr 24 - May 20",""
"Only 3 left in stock - order soon.","https://www.amazon.com/sspa/click?ie=UTF8&spc=MToyNDQ0OTUwOTA1MTU3MjQ3OjE3NzU0MzM3OTU6c3BfbXRmOjMwMTIyNzk0MjU4NDEwMjo6MDo6&url=%2FVBESTLIFE-Graphics-7000MHz-Desktop-Computer%2Fdp%2FB0G64VJFHG%2Fref%3Dsr_1_102_sspa%3Fcrid%3D346W5D56T0W20%26dib%3DeyJ2IjoiMSJ9.4OLtW2LhzWd4CbaGX27A2luRrlzi4Pa4jU_8alFNWEuYnoZUNBEf8YAlbKfxSapFiRsoE97VlRE2NenWfknQG_jvcNXec_VtOTSGv2SzAfv8apVqTwlsHNhnvIUuK-SdFJG0bEBlleuzVJRHqVSRA-AsUoPu3Nsb3XsFUeWACYuIuE-a9ZHblePIG2ppYN4RXp23CVfwtoV_tMWxEKOVbauQ4zmEdvoqOqapTPcYpaY.veqzrCbdezxVVLvsg5eTsrWIWn54rBqP09iswOhwMI8%26dib_tag%3Dse%26keywords%3Dgpu%26qid%3D1775433795%26sprefix%3Dgp%252Caps%252C387%26sr%3D8-102-spons%26xpid%3DkRTaaIQ0Ql4iY%26sp_csd%3Dd2lkZ2V0TmFtZT1zcF9tdGY%26psc%3D1","https://m.media-amazon.com/images/I/61DVOG0CRkL._AC_UY218_.jpg","Sponsored","VBESTLIFE 8GB Graphics Card, GDDR5 256Bit GPU, 1286/7000MHz PCIE 3.0 X16 Gaming Video Card, Desktop Computer Graphics Card Support for DirectX 12","","","$149.99","","","Two-Day","FREE delivery","Tue, Apr 7",""
"| 4+ stars and rising in past 90 days","https://www.amazon.com/s?k=gpu&page=7&crid=346W5D56T0W20&qid=1775433792&sprefix=gp%2Caps%2C387&xpid=kRTaaIQ0Ql4iY&ref=sr_pg_6#","https://m.media-amazon.com/images/I/71zKqU8xrML._AC_UL320_.jpg","","","4.2","(188)","$89.99","$49.99","","Tomorrow","FREE delivery","Tomorrow, Apr 6","Tue, Apr 7"
"","https://aax-us-east-retail-direct.amazon.com/x/c/JBRUI2IvTx25tuQgwgWhPhgAAAGdYBnJzQEAAAH2AQBvbm9fdHhuX2JpZDYgICBvbm9fdHhuX2ltcDEgICCRqjCe/clv1c_ek-wwoXXbdbWTdXQ9wXz8e9gSowx4Pq0bP60rhdGSgFiN5qtjEM7Yjy66ogp-L9e9gBLDyZSKxDoTjkCtS3ITc2d9ptf8J5CU3gR-mD-y8jUaQeHG6QXlxBHAlh3oEg7410mkyWK-VehWSATmjUH2Xnaqa1s1hXqAEX42SKy-tZzQbvjYYTyodsIn2I5DfEU4m-6ievIWkJJDKT4ISXIcEaZ2jv1Fo_QHQDvEAHuX91P9Tc024LlwW28chsEi1l2KdxxVF91pWuPWw2vAJ-4iIZIs0z9MNtumr6e6798DZjsYY1q-DwrQqM5wpN5MO731cXJUPNe4ReZv-3Y1pO87L7axZ4zjQrPyd4f19u-cf9GDuF4xoscQrkAUe5SvDw8JModBkxSfk2aCkmNw7kt9XwWkdxZl9jh8TyyOUoLZmXK8senoyQkoqGABEO_e8n4HxJe7HUqPNje8-K8_dtco7ea9qBCBLanu5IE7svkPfr-oFKpbnw1709wrlOKtzMJ_SjiTCwVOBigpqetq4g2dNbLl9amv6BXVv5hAgS-kggh7XpjfdL9ppNotrFFMHZqNklbD1Xjbo4iGifYlnzPzwl9jhFuR0K3DFt-as3NZSRMXQA6ZgRbA38-Px2et4cStygEoZ-9friZ4ihjMe9I7DEyFcH3C0TSHgDr6W8W6xsczcpYh0e63JPQp-w_FZDkJ_Obtq3VETIVTRZHJ-sYZDj3i86V9Cg2aV_EzWKMYyB61KOjqsMWQvHTpUv05b5LK8WlUkej6EbwSJ0iaDx5bN0dj0Qmpbcdhrfcw0mjdSwTmdA9JNRrnFkMdn-4gEprhJQTe43cIaywPN-zZi_I3NkB0R5j8ku_3HFznG7nscbpr5mfAwFQUzP0S91Uj_E-vLrTBH2yys5kdiJBUngwE4ejqZ-zUjAKnIaKoWfBV9TKRBTrP_110l79f6_-g8NER4O03TpQYNJ6JDsiceh-EZrZAJlaTQqt-MUV1HpQCWskusWrK1fZmOZU3yvSpKlYsIH8qUlZeP8_V17t41IbmljQ7BWVvvtJhkWL2Dlkr73njZXWluuLgvvcvATGkCOfoLqBIPcelZk/https://www.amazon.com/stores/page/B916E14A-6EA6-40A0-B386-1C60ECE20F5C/?_encoding=UTF8&pd_rd_plhdr=t&pd_rd_i=B0FBX5HTST&ref_=sbx_be_s_sparkle_ssd_bkg&store_ref=SBV_A024825426U949LTX67Z6-A076059110HY5ZZZO7GSH&lp_asins=B0FBX5HTST&pd_rd_w=7eyji&content-id=amzn1.sym.a55e4c23-ba6c-4408-a37e-65ef6d7a1c73%3Aamzn1.sym.a55e4c23-ba6c-4408-a37e-65ef6d7a1c73&pf_rd_p=a55e4c23-ba6c-4408-a37e-65ef6d7a1c73&pf_rd_r=D1W3GENVJQ83K8JVC2QT&pd_rd_wg=dXPWn&pd_rd_r=8aab7daa-aa81-4338-beb6-f8e9fc332002","","","","3.7","Shop","","","","","","",""
"","https://aax-us-east-retail-direct.amazon.com/x/c/JNWYTyylg6dAGT8v036_LY0AAAGdYBnJsgEAAAH2AQBvbm9fdHhuX2JpZDEgICBvbm9fdHhuX2ltcDIgICAp6igO/clv1c_ek-wwoHXFcbWDYHOEIvrJ16WPjERPZsaVVs5F0Ail_PIMkmB5j5W7acRgQGlY7gZC2wXHjYGFwbyZb9iDSX9XegA-0ePnWLbddlm6e7gbcDW6AkHH5kMj2jl8inlBhe1VDOyh2-nb-8fzGVarvMNa9Dequ08lzK6U-XzBjEowYVFsvIZDCQdXnDyhXhSmnUamhnK4czHG7RO33qQOWnJMlgCj3fkKI93vaAcuEN-goEqxAqdZSmacmunlXefXxi1U3TcZ9iFLUuj8REBLmhMkYphtOnA0BrK8xjmzi_dXpaTYk-zu5ybil3wFM9jkCMrkSEnuhm0Fcynx18c3fUPwyDCkB5jcU9q--8fAbc2nOj5UZ56NDqbxXeP7S9Ghi6qXPv3oT8gF9r23f6udzhbSKsB-5aV5MKgPt_xIpM1EvSeXWKqtz2RfH8VRscM53FIYR68ED9uDQDWvTFgJxvmZs9wPsOBYG26Q6GrnUdHZVSpHZSW2aFrHGVydhgR3CtHfmaWW7jfVg_qN-V3wchQvD8h1SShDW-JYqlcU3uuXcfUFtP23AA56BtY8vwudEvFeaHAjNH9fl-yhwAeQkcs9vk28cODf8adbKwK2etL3WVlI-fBSZCo2ZiBOQBEZqWUgRWYoFSCUX_sPJJYna0DA-zBHVl88Bcw_nDf9vt9pnNpYOQqi45OEJK1uE_VnfP96W12dIc8xeId8SVuT6nmjotzUxTuYvx31RHSsMDNgymNL4hFzsp7HiChmn1e2zXikMDVvI7LN8-seeRB9e53yESwkTo8DsqVqdiwC7dIUUzodVFCPNvU2pVJ4DMwdMGhIRufNHd1NkAXpZnp0uZ55B8k4gfg-qxn2D0EH6DZhEfWY3LwjeT9KlmkZqXLWx1nH6naictikD2EG10b5WWLtwnb9JnjxVhnzwljtCC4MVE71OtsVUe1K41_khNx23by2eEoOtypxPI72Yrzr5RhBqGNYUC8jqbWVWBHtOW2FRYv8Xda_ygFRZ4qIKJ9QAoOasKVs7KTCTFKz6zV-5Q4eGt-Ys_nVBIA4Vx9dYGIMPMUxxovzRUku_Tr_ujE8O9ocy5upy068V_X66C1MAzy-w/https://www.amazon.com/stores/page/B60ED8F6-5084-4059-A24F-16A102600FA1/?_encoding=UTF8&store_ref=SB_A0247514EVWOO9UH0O2U-A03296811CSHCSN2QPJP&pd_rd_plhdr=t&aaxitk=433ee6cd43b9ee6bb67723df1b223791&hsa_cr_id=0&lp_asins=B0FQ5CR4F7%2CB0FCMF217J%2CB0FCFM4PDV&lp_query=gpu&lp_slot=desktop-inline&ref_=sbx__sbtcd2_bkgd&pd_rd_w=vRSdl&content-id=amzn1.sym.8a47ec59-c206-4272-83cb-e2017cc774b4%3Aamzn1.sym.8a47ec59-c206-4272-83cb-e2017cc774b4&pf_rd_p=8a47ec59-c206-4272-83cb-e2017cc774b4&pf_rd_r=D1W3GENVJQ83K8JVC2QT&pd_rd_wg=dXPWn&pd_rd_r=8aab7daa-aa81-4338-beb6-f8e9fc332002","","","","4.5","|","$8.49","$8.99","","Overnight","FREE delivery  on $25 of qualifying items","Overnight 7 AM - 11 AM","Overnight 7 AM - 11 AM"
"New Price:","https://www.amazon.com/EVGA-08G-P5-3751-KR-GeForce-Cooling-Renewed/dp/B093QJP733/ref=sr_1_103?crid=346W5D56T0W20&dib=eyJ2IjoiMSJ9.4OLtW2LhzWd4CbaGX27A2luRrlzi4Pa4jU_8alFNWEuYnoZUNBEf8YAlbKfxSapFiRsoE97VlRE2NenWfknQG_jvcNXec_VtOTSGv2SzAfv8apVqTwlsHNhnvIUuK-SdFJG0bEBlleuzVJRHqVSRA-AsUoPu3Nsb3XsFUeWACYuIuE-a9ZHblePIG2ppYN4RXp23CVfwtoV_tMWxEKOVbauQ4zmEdvoqOqapTPcYpaY.veqzrCbdezxVVLvsg5eTsrWIWn54rBqP09iswOhwMI8&dib_tag=se&keywords=gpu&qid=1775433795&sprefix=gp%2Caps%2C387&sr=8-103&xpid=kRTaaIQ0Ql4iY","https://m.media-amazon.com/images/I/615VDNnDWaS._AC_UY218_.jpg","","EVGA 08G-P5-3751-KR GeForce RTX 3070 XC3 Black Gaming, 8GB GDDR6, iCX3 Cooling, ARGB LED (Renewed)","3.0","(3)","$294.97","$469.99","$469.99","","FREE delivery","Tue, Apr 14","Apr 7 - 9"
"","https://www.amazon.com/MSI-Graphics-DisplayPort-Blackwell-Architecture/dp/B0DSWQNGYF/ref=sr_1_104?crid=346W5D56T0W20&dib=eyJ2IjoiMSJ9.4OLtW2LhzWd4CbaGX27A2luRrlzi4Pa4jU_8alFNWEuYnoZUNBEf8YAlbKfxSapFiRsoE97VlRE2NenWfknQG_jvcNXec_VtOTSGv2SzAfv8apVqTwlsHNhnvIUuK-SdFJG0bEBlleuzVJRHqVSRA-AsUoPu3Nsb3XsFUeWACYuIuE-a9ZHblePIG2ppYN4RXp23CVfwtoV_tMWxEKOVbauQ4zmEdvoqOqapTPcYpaY.veqzrCbdezxVVLvsg5eTsrWIWn54rBqP09iswOhwMI8&dib_tag=se&keywords=gpu&qid=1775433795&sprefix=gp%2Caps%2C387&sr=8-104&xpid=kRTaaIQ0Ql4iY","https://m.media-amazon.com/images/I/71s0L-D-LBL._AC_UY218_.jpg","","msi Gaming RTX 5080 16G Ventus 3X OC White Graphics Card (16GB GDDR7, 256-bit, Extreme Clock TBD MHz, DisplayPort x 3 2.1a, HDMI 2.1b, NVIDIA Blackwell Architecture)","4.6","(26)","$1,469.99","","","","FREE delivery  for Prime members","Apr 20 - 29",""
"","https://www.amazon.com/sspa/click?ie=UTF8&spc=MToyNDQ0OTUwOTA1MTU3MjQ3OjE3NzU0MzM3OTU6c3BfbXRmOjMwMTE5Mzg1MDQyNjgwMjo6MDo6&url=%2FVBESTLIFE-Graphics-Desktop-Computer-Cooling%2Fdp%2FB0G5YY7XM3%2Fref%3Dsr_1_105_sspa%3Fcrid%3D346W5D56T0W20%26dib%3DeyJ2IjoiMSJ9.4OLtW2LhzWd4CbaGX27A2luRrlzi4Pa4jU_8alFNWEuYnoZUNBEf8YAlbKfxSapFiRsoE97VlRE2NenWfknQG_jvcNXec_VtOTSGv2SzAfv8apVqTwlsHNhnvIUuK-SdFJG0bEBlleuzVJRHqVSRA-AsUoPu3Nsb3XsFUeWACYuIuE-a9ZHblePIG2ppYN4RXp23CVfwtoV_tMWxEKOVbauQ4zmEdvoqOqapTPcYpaY.veqzrCbdezxVVLvsg5eTsrWIWn54rBqP09iswOhwMI8%26dib_tag%3Dse%26keywords%3Dgpu%26qid%3D1775433795%26sprefix%3Dgp%252Caps%252C387%26sr%3D8-105-spons%26xpid%3DkRTaaIQ0Ql4iY%26sp_csd%3Dd2lkZ2V0TmFtZT1zcF9tdGY%26psc%3D1","https://m.media-amazon.com/images/I/61A34GH28LL._AC_UY218_.jpg","Sponsored","VBESTLIFE 1050Ti 4GB Graphics Card, DDR5 128Bit GPU, 700MHz PCIE 2.0 Gaming Video Card, Desktop Computer Graphics Card with Dual Cooling Fan","1.6","(4)","$58.99","","","","FREE delivery  for Prime members","Apr 16 - 18",""
"Only 1 left in stock - order soon.","https://www.amazon.com/sspa/click?ie=UTF8&spc=MToyNDQ0OTUwOTA1MTU3MjQ3OjE3NzU0MzM3OTU6c3BfbXRmOjMwMTIwMTgzMDM5MzMwMjo6MDo6&url=%2FGraphics-Discrete-Express-Cooling-Chassis%2Fdp%2FB0CGP4D3ZG%2Fref%3Dsr_1_106_sspa%3Fcrid%3D346W5D56T0W20%26dib%3DeyJ2IjoiMSJ9.4OLtW2LhzWd4CbaGX27A2luRrlzi4Pa4jU_8alFNWEuYnoZUNBEf8YAlbKfxSapFiRsoE97VlRE2NenWfknQG_jvcNXec_VtOTSGv2SzAfv8apVqTwlsHNhnvIUuK-SdFJG0bEBlleuzVJRHqVSRA-AsUoPu3Nsb3XsFUeWACYuIuE-a9ZHblePIG2ppYN4RXp23CVfwtoV_tMWxEKOVbauQ4zmEdvoqOqapTPcYpaY.veqzrCbdezxVVLvsg5eTsrWIWn54rBqP09iswOhwMI8%26dib_tag%3Dse%26keywords%3Dgpu%26qid%3D1775433795%26sprefix%3Dgp%252Caps%252C387%26sr%3D8-106-spons%26xpid%3DkRTaaIQ0Ql4iY%26sp_csd%3Dd2lkZ2V0TmFtZT1zcF9tdGY%26psc%3D1","https://m.media-amazon.com/images/I/61C3XgO1g+L._AC_UY218_.jpg","Sponsored","Sanpyl GT730 4GB Gaming Graphics Card, 4GB DDR3 128bit Discrete Graphics Card, 700MHz 500MHz, PCI Express 2.0 x 16, VGA DVI, with Quiet Cooling Fan, for ATX ITX Chassis","5.0","(1)","$65.24","","","","FREE delivery  for Prime members","Sat, Apr 11",""
"Only 2 left in stock - order soon.","https://www.amazon.com/GIGABYTE-GV-R76GAMING-OC-8GD-Graphics-WINDFORCE/dp/B0C5S9CHMG/ref=sr_1_107?crid=346W5D56T0W20&dib=eyJ2IjoiMSJ9.4OLtW2LhzWd4CbaGX27A2luRrlzi4Pa4jU_8alFNWEuYnoZUNBEf8YAlbKfxSapFiRsoE97VlRE2NenWfknQG_jvcNXec_VtOTSGv2SzAfv8apVqTwlsHNhnvIUuK-SdFJG0bEBlleuzVJRHqVSRA-AsUoPu3Nsb3XsFUeWACYuIuE-a9ZHblePIG2ppYN4RXp23CVfwtoV_tMWxEKOVbauQ4zmEdvoqOqapTPcYpaY.veqzrCbdezxVVLvsg5eTsrWIWn54rBqP09iswOhwMI8&dib_tag=se&keywords=gpu&qid=1775433795&sprefix=gp%2Caps%2C387&sr=8-107&xpid=kRTaaIQ0Ql4iY","https://m.media-amazon.com/images/I/71+Lh5QLfyL._AC_UY218_.jpg","","Gigabyte GV-R76GAMING OC-8GD Radeon RX 7600 Gaming OC 8G Graphics Card, 3X WINDFORCE Fans 8GB 128-bit GDDR6, Video Card","4.7","(631)","$354.23","","","Two-Day","FREE delivery","Tue, Apr 7",""
"50+ bought in past month","https://www.amazon.com/maxsun-RTX-3050-Graphics-DisplayPort/dp/B0F9P1BBLD/ref=sr_1_108?crid=346W5D56T0W20&dib=eyJ2IjoiMSJ9.4OLtW2LhzWd4CbaGX27A2luRrlzi4Pa4jU_8alFNWEuYnoZUNBEf8YAlbKfxSapFiRsoE97VlRE2NenWfknQG_jvcNXec_VtOTSGv2SzAfv8apVqTwlsHNhnvIUuK-SdFJG0bEBlleuzVJRHqVSRA-AsUoPu3Nsb3XsFUeWACYuIuE-a9ZHblePIG2ppYN4RXp23CVfwtoV_tMWxEKOVbauQ4zmEdvoqOqapTPcYpaY.veqzrCbdezxVVLvsg5eTsrWIWn54rBqP09iswOhwMI8&dib_tag=se&keywords=gpu&qid=1775433795&sprefix=gp%2Caps%2C387&sr=8-108&xpid=kRTaaIQ0Ql4iY","https://m.media-amazon.com/images/I/61mSM7b4AAL._AC_UY218_.jpg","","maxsun GeForce RTX 3050 6GB Graphics Cards GDDR6 Video Graphics Card GPU for Gaming PC Mini Small Form Factor SSF Slim Low Profile Design PCI Express 4.0, HDMI 2.1, DisplayPort 1.4a","4.6","(134)","$286.99","","","Overnight","FREE delivery","Overnight 7 AM - 11 AM",""
"List:","https://www.amazon.com/XFX-Quicksilver-Radeon-9070XT-RX-97TQICKW9/dp/B0DX16XMDN/ref=sr_1_109?crid=346W5D56T0W20&dib=eyJ2IjoiMSJ9.4OLtW2LhzWd4CbaGX27A2luRrlzi4Pa4jU_8alFNWEuYnoZUNBEf8YAlbKfxSapFiRsoE97VlRE2NenWfknQG_jvcNXec_VtOTSGv2SzAfv8apVqTwlsHNhnvIUuK-SdFJG0bEBlleuzVJRHqVSRA-AsUoPu3Nsb3XsFUeWACYuIuE-a9ZHblePIG2ppYN4RXp23CVfwtoV_tMWxEKOVbauQ4zmEdvoqOqapTPcYpaY.veqzrCbdezxVVLvsg5eTsrWIWn54rBqP09iswOhwMI8&dib_tag=se&keywords=gpu&qid=1775433795&sprefix=gp%2Caps%2C387&sr=8-109&xpid=kRTaaIQ0Ql4iY","https://m.media-amazon.com/images/I/61mXw+7jgAL._AC_UY218_.jpg","","XFX Quicksilver AMD Radeon RX 9070XT White Gaming Edition with 16GB GDDR6 HDMI 3xDP, AMD RDNA 4 RX-97TQICKW9","4.3","(69)","$759.99","$849.99","$849.99","Overnight","FREE delivery","Overnight 7 AM - 11 AM",""
"50+ bought in past month","https://www.amazon.com/XFX-Radeon-Triple-Gaming-RX-97SWFB3B9/dp/B0DXLBTL4B/ref=sr_1_110?crid=346W5D56T0W20&dib=eyJ2IjoiMSJ9.4OLtW2LhzWd4CbaGX27A2luRrlzi4Pa4jU_8alFNWEuYnoZUNBEf8YAlbKfxSapFiRsoE97VlRE2NenWfknQG_jvcNXec_VtOTSGv2SzAfv8apVqTwlsHNhnvIUuK-SdFJG0bEBlleuzVJRHqVSRA-AsUoPu3Nsb3XsFUeWACYuIuE-a9ZHblePIG2ppYN4RXp23CVfwtoV_tMWxEKOVbauQ4zmEdvoqOqapTPcYpaY.veqzrCbdezxVVLvsg5eTsrWIWn54rBqP09iswOhwMI8&dib_tag=se&keywords=gpu&qid=1775433795&sprefix=gp%2Caps%2C387&sr=8-110&xpid=kRTaaIQ0Ql4iY","https://m.media-amazon.com/images/I/61B7o95O18L._AC_UY218_.jpg","","XFX Swift AMD Radeon RX 9070 OC Triple Fan Gaming Edition with 16GB GDDR6 HDMI 3xDP, AMD RDNA 4 RX-97SWFB3B9","4.3","(8)","$639.99","$679.99","$679.99","Overnight","FREE delivery","Overnight 7 AM - 11 AM",""
"50+ bought in past month","https://www.amazon.com/Gaming-Graphics-128-bit-Extreme-Performance/dp/B0F4LZ5YG7/ref=sr_1_111?crid=346W5D56T0W20&dib=eyJ2IjoiMSJ9.4OLtW2LhzWd4CbaGX27A2luRrlzi4Pa4jU_8alFNWEuYnoZUNBEf8YAlbKfxSapFiRsoE97VlRE2NenWfknQG_jvcNXec_VtOTSGv2SzAfv8apVqTwlsHNhnvIUuK-SdFJG0bEBlleuzVJRHqVSRA-AsUoPu3Nsb3XsFUeWACYuIuE-a9ZHblePIG2ppYN4RXp23CVfwtoV_tMWxEKOVbauQ4zmEdvoqOqapTPcYpaY.veqzrCbdezxVVLvsg5eTsrWIWn54rBqP09iswOhwMI8&dib_tag=se&keywords=gpu&qid=1775433795&sprefix=gp%2Caps%2C387&sr=8-111&ufe=app_do%3Aamzn1.fos.5998aa40-ec6f-4947-a68f-cd087fee0848&xpid=kRTaaIQ0Ql4iY","https://m.media-amazon.com/images/I/719JKvFQciL._AC_UY218_.jpg","","msi Gaming RTX 5060 8G Gaming OC Graphics Card (8GB GDDR7,128-bit, Extreme Performance: 2640 MHz, DisplayPort x3 2.1a, HDMI 2.1b, NVIDIA Blackwell Architecture)","5.0","(15)","$399.99","","$80.00","Two-Day","FREE delivery","Tue, Apr 7",""
"Only 20 left in stock - order soon.","https://www.amazon.com/Gigabyte-RTX3060-12GB-Windforce-2-0/dp/B0BXH2DLZ6/ref=sr_1_112?crid=346W5D56T0W20&dib=eyJ2IjoiMSJ9.4OLtW2LhzWd4CbaGX27A2luRrlzi4Pa4jU_8alFNWEuYnoZUNBEf8YAlbKfxSapFiRsoE97VlRE2NenWfknQG_jvcNXec_VtOTSGv2SzAfv8apVqTwlsHNhnvIUuK-SdFJG0bEBlleuzVJRHqVSRA-AsUoPu3Nsb3XsFUeWACYuIuE-a9ZHblePIG2ppYN4RXp23CVfwtoV_tMWxEKOVbauQ4zmEdvoqOqapTPcYpaY.veqzrCbdezxVVLvsg5eTsrWIWn54rBqP09iswOhwMI8&dib_tag=se&keywords=gpu&qid=1775433795&sprefix=gp%2Caps%2C387&sr=8-112&xpid=kRTaaIQ0Ql4iY","https://m.media-amazon.com/images/I/61nUiCxIgoL._AC_UY218_.jpg","","Gigabyte VGA GBT RTX3060 12GB Windforce OC 2.0","4.7","(239)","$499.99","","","","FREE delivery","Thu, Apr 9","Tue, Apr 7"
"300+ bought in past month","https://www.amazon.com/GIGABYTE-B650-Warranty-EZ-Latch-Motherboard/dp/B0BH7GTY9C/ref=sr_1_113?crid=346W5D56T0W20&dib=eyJ2IjoiMSJ9.4OLtW2LhzWd4CbaGX27A2luRrlzi4Pa4jU_8alFNWEuYnoZUNBEf8YAlbKfxSapFiRsoE97VlRE2NenWfknQG_jvcNXec_VtOTSGv2SzAfv8apVqTwlsHNhnvIUuK-SdFJG0bEBlleuzVJRHqVSRA-AsUoPu3Nsb3XsFUeWACYuIuE-a9ZHblePIG2ppYN4RXp23CVfwtoV_tMWxEKOVbauQ4zmEdvoqOqapTPcYpaY.veqzrCbdezxVVLvsg5eTsrWIWn54rBqP09iswOhwMI8&dib_tag=se&keywords=gpu&qid=1775433795&sprefix=gp%2Caps%2C387&sr=8-113&ufe=app_do%3Aamzn1.fos.9fe8cbfa-bf43-43d1-a707-3f4e65a4b666&xpid=kRTaaIQ0Ql4iY","https://m.media-amazon.com/images/I/81JFKzNyl+L._AC_UY218_.jpg","","GIGABYTE B650 AORUS Elite AX AMD AM5 ATX Motherboard, Support Ryzen 9000/8000/7000 Series, DDR5, 14+2+1 Power Phase, PCIe 5.0 M.2, USB-C 3.2 Gen 2, WIFI6E, 2.5GbE, EZ-Latch, Q-Flash, RGB Fusion","4.3","(1.4K)","$149.99","$219.99","$219.99","Tomorrow","FREE delivery","Tomorrow, Apr 6",""
"Only 2 left in stock - order soon.","https://www.amazon.com/ASUS-GeForce-512-bit-Creation-Inference/dp/B0GK6QZJDT/ref=sr_1_114?crid=346W5D56T0W20&dib=eyJ2IjoiMSJ9.4OLtW2LhzWd4CbaGX27A2luRrlzi4Pa4jU_8alFNWEuYnoZUNBEf8YAlbKfxSapFiRsoE97VlRE2NenWfknQG_jvcNXec_VtOTSGv2SzAfv8apVqTwlsHNhnvIUuK-SdFJG0bEBlleuzVJRHqVSRA-AsUoPu3Nsb3XsFUeWACYuIuE-a9ZHblePIG2ppYN4RXp23CVfwtoV_tMWxEKOVbauQ4zmEdvoqOqapTPcYpaY.veqzrCbdezxVVLvsg5eTsrWIWn54rBqP09iswOhwMI8&dib_tag=se&keywords=gpu&qid=1775433795&sprefix=gp%2Caps%2C387&sr=8-114&xpid=kRTaaIQ0Ql4iY","https://m.media-amazon.com/images/I/51sVTuheygL._AC_UY218_.jpg","","ASUS ROG Astral GeForce RTX 5090 White OC Edition GPU, 32GB GDDR7, 3352 AI Tops, DLSS 4, 512-bit, DP 2.1b x3, HDMI 2.1b x2, AI Content Creation, LLM Inference, with GPU Holder","","","$4,499.00","","","","FREE delivery","Fri, Apr 10","Tue, Apr 7"
"Typical:","https://www.amazon.com/MSI-GeForce-5080-Gaming-Graphics/dp/B0BX6LGM2X/ref=sr_1_115?crid=346W5D56T0W20&dib=eyJ2IjoiMSJ9.4OLtW2LhzWd4CbaGX27A2luRrlzi4Pa4jU_8alFNWEuYnoZUNBEf8YAlbKfxSapFiRsoE97VlRE2NenWfknQG_jvcNXec_VtOTSGv2SzAfv8apVqTwlsHNhnvIUuK-SdFJG0bEBlleuzVJRHqVSRA-AsUoPu3Nsb3XsFUeWACYuIuE-a9ZHblePIG2ppYN4RXp23CVfwtoV_tMWxEKOVbauQ4zmEdvoqOqapTPcYpaY.veqzrCbdezxVVLvsg5eTsrWIWn54rBqP09iswOhwMI8&dib_tag=se&keywords=gpu&qid=1775433795&sprefix=gp%2Caps%2C387&sr=8-115&xpid=kRTaaIQ0Ql4iY","https://m.media-amazon.com/images/I/71n9sxFO9dL._AC_UY218_.jpg","","MSI GeForce RTX 5080 16G Gaming Trio OC Graphics Card - RTX 5080 GPU, 16GB GDDR7 (30Gbps/256-bit), PCIe 5.0 - TRI FROZR 4 (3 x STORMFORCE Fan), Gaming & Silent Mode, RGB - HDMI 2.1b, DisplayPort 2.1b","4.5","(157)","$1,684.94","$1,799.99","$1,799.99","","$29.99 delivery","Apr 10 - 13",""
"Only 11 left in stock - order soon.","https://www.amazon.com/Kelinx-Graphics-Independent-Multi-Monitor-Computer/dp/B0GMWM9ZSD/ref=sr_1_116?crid=346W5D56T0W20&dib=eyJ2IjoiMSJ9.4OLtW2LhzWd4CbaGX27A2luRrlzi4Pa4jU_8alFNWEuYnoZUNBEf8YAlbKfxSapFiRsoE97VlRE2NenWfknQG_jvcNXec_VtOTSGv2SzAfv8apVqTwlsHNhnvIUuK-SdFJG0bEBlleuzVJRHqVSRA-AsUoPu3Nsb3XsFUeWACYuIuE-a9ZHblePIG2ppYN4RXp23CVfwtoV_tMWxEKOVbauQ4zmEdvoqOqapTPcYpaY.veqzrCbdezxVVLvsg5eTsrWIWn54rBqP09iswOhwMI8&dib_tag=se&keywords=gpu&qid=1775433795&sprefix=gp%2Caps%2C387&sr=8-116&xpid=kRTaaIQ0Ql4iY","https://m.media-amazon.com/images/I/71TI0IP62ML._AC_UY218_.jpg","","Aisurix RX 580 8GB GDDR5 GPU 6X HDMI Graphics Card, 6 Independent Display Multi-Monitor Setup, 256-bit DDR5 Video Card for Computer PC ITX Single Slot PCI Express","5.0","(3)","$169.99","","","Tomorrow","FREE delivery","Tomorrow, Apr 6",""
"50+ bought in past month","https://www.amazon.com/ZER-LON-GeForce-GTX-1660-Super/dp/B0BWMCF6GN/ref=sr_1_117?crid=346W5D56T0W20&dib=eyJ2IjoiMSJ9.4OLtW2LhzWd4CbaGX27A2luRrlzi4Pa4jU_8alFNWEuYnoZUNBEf8YAlbKfxSapFiRsoE97VlRE2NenWfknQG_jvcNXec_VtOTSGv2SzAfv8apVqTwlsHNhnvIUuK-SdFJG0bEBlleuzVJRHqVSRA-AsUoPu3Nsb3XsFUeWACYuIuE-a9ZHblePIG2ppYN4RXp23CVfwtoV_tMWxEKOVbauQ4zmEdvoqOqapTPcYpaY.veqzrCbdezxVVLvsg5eTsrWIWn54rBqP09iswOhwMI8&dib_tag=se&keywords=gpu&qid=1775433795&sprefix=gp%2Caps%2C387&sr=8-117&xpid=kRTaaIQ0Ql4iY","https://m.media-amazon.com/images/I/71D2plAvGnL._AC_UY218_.jpg","","GeForce GTX 1660 Super 6GB Graphics Cards, GDRR6 192Bit PCIE 3.0X16 Computer Gaming Gpu, Dual Freeze Fans Video Card with HDMI/DP/DVI Ports Support 4K and 8K HD","4.4","(215)","$194.99","","","Two-Day","FREE delivery","Tue, Apr 7",""
"50+ bought in past month","https://www.amazon.com/Gaming-Graphics-128-bit-Extreme-Performance/dp/B0F45KGZPY/ref=sr_1_118?crid=346W5D56T0W20&dib=eyJ2IjoiMSJ9.4OLtW2LhzWd4CbaGX27A2luRrlzi4Pa4jU_8alFNWEuYnoZUNBEf8YAlbKfxSapFiRsoE97VlRE2NenWfknQG_jvcNXec_VtOTSGv2SzAfv8apVqTwlsHNhnvIUuK-SdFJG0bEBlleuzVJRHqVSRA-AsUoPu3Nsb3XsFUeWACYuIuE-a9ZHblePIG2ppYN4RXp23CVfwtoV_tMWxEKOVbauQ4zmEdvoqOqapTPcYpaY.veqzrCbdezxVVLvsg5eTsrWIWn54rBqP09iswOhwMI8&dib_tag=se&keywords=gpu&qid=1775433795&sprefix=gp%2Caps%2C387&sr=8-118&xpid=kRTaaIQ0Ql4iY","https://m.media-amazon.com/images/I/71rfm5iZ40L._AC_UY218_.jpg","","msi Gaming RTX 5060 Ti 16G Shadow 2X OC Graphics Card (16GB GDDR7, 128-bit, Extreme Performance: TBA MHz, DisplayPort x 3 2.1a, HDMI 2.1b, NVIDIA Blackwell Architecture)","4.9","(10)","$569.99","","","","FREE delivery","Apr 9 - 13","Tue, Apr 7"
"50+ bought in past month","https://www.amazon.com/s?k=gpu&page=7&crid=346W5D56T0W20&qid=1775433792&sprefix=gp%2Caps%2C387&xpid=kRTaaIQ0Ql4iY&ref=sr_pg_6#","https://m.media-amazon.com/images/I/715qoa1oSAL._AC_UL320_.jpg","","","4.5","(37)","$50.99","Typical: $7.59","$7.59","Two-Day","FREE delivery","Tue, Apr 7","Tomorrow, Apr 6"
"cpu","https://www.amazon.com/s?k=cpu&ref=rsl_sug_0_0&pd_rd_w=KNQiv&content-id=amzn1.sym.3be64970-3b95-4a6d-a45d-78077a3ff871:amzn1.sym.3be64970-3b95-4a6d-a45d-78077a3ff871&pf_rd_p=3be64970-3b95-4a6d-a45d-78077a3ff871&pf_rd_r=D1W3GENVJQ83K8JVC2QT&pd_rd_wg=ARojy&pd_rd_r=154b2fba-edd2-4c34-b952-92083b05a5d4&qid=1775433795","","","","","","","","","","","",""
"","","","","","","","","","","","","",""
"","https://aax-us-east-retail-direct.amazon.com/x/c/JL0qF_nmoQQ1176Kx9GVsa0AAAGdYBnK6QEAAAH2AQBvbm9fdHhuX2JpZDMgICBvbm9fdHhuX2ltcDEgICDcQR5C/clv1c_ek-wwgf2LcTWDdXUIy7o_V7jdEmzfwJkLccEJRW4vvSRPWd3i1HoptCmqsQT5mLCNOElKDggzBW6lYHkmJU923v5UOGoUMqQ8W5f6RRWVr0Hh6c-08egiWLwOvGkKOS6XVDSPNT8tVZcqoSjko5i9vh7odiKplPW6oDQFrcZrcb8WgKr2BAmooR2ZNlkYXhdupB7bkN7VK8IZZG8d8PgwvPjgTuNQNWSmwJuHpvykegOjPOlV2cBIUIoQaC5ZYPF_kNhyr3xEhjcahfNsNEx9dIPIndSEeKn7wNF-LILJtVMYBCTvZU3IfbusEwLParAoYZozgyS6SQllO7p2OVs3PeEN0P2doEUNJ1lacjlC86Qhm9DY9ci2nPL5k7iV3kw0pewTZPK_NKxX1qKBb0l9L9oy6QAjNFkG1L0cTVzF3-7eBR2MbR6-0QKV8I7ybyNE8PUp1YLCk0Iy63TEjKMd1vCIb08eXAH8cd64-Wqubf4Pb4Sxei4MkuiramR6KEubcAxWhM6W21KtF6FLlHwtAQg0QJweb_Cf_-lJAlLRr4BSdKK8j-czAhkqo-U7ZLBde1bCLdJVc7mG9Z2i04-XowtQzMGqZ5IFtip9TkScwQ77zHe6X1nEeoBKKb1Rax59jPt9_ksK_IgbW5vXxl7mwNcFYfsGK1ON8iMF77Xb8Qf-u2mrsXRWk8bHBzFc8k_ptzSSC8_rExxddChT4R5KrZGDIKC_KeuuNvhzPIuK-Uq59ZqArWZ4Dtw5gZZsKJ227gQbyHCBBuKrhZEVEY2wy4cRy4CIlwqXHneMzVJN5FPmRlYpw_9-rBQeKQYjYh-W2M3aYBu5zvA2dxd8S1DpMpde3I-OC_6We79fmukhkgxX_KSVZGfBiU6j5cHOQttT5Qx5MxDm4y6Z3Lkf7z7e_RmPMnMzutm5jYcvMsnLk7M24Bjm0A0m6MsG6HHCy7MUBElSCo6wHnA3aFkNb4v4AnjfLKdfQPp-CB8kw-gvT0SturkjLfxi32LKJzlg9inCTCp4TKHyeCtjka1gNo9fZG5IhmfG3yMu8zLF78VLvN3yOIw2GEfmJWUHLZyoi6CQqo/https://www.amazon.com/stores/page/ACB5F6B0-CD2A-4CD9-B965-C9D35F036168/?_encoding=UTF8&store_ref=SB_A0876420QSEBYHBF69N-A0592309353D2H55MQ7QV&pd_rd_plhdr=t&aaxitk=f23219485f2b8f58824b415228409395&hsa_cr_id=0&lp_asins=B0GLF2KYKN%2CB0DRP316J1%2CB0F8QKDY2S&lp_query=gpu&lp_slot=desktop-hsa-3psl&ref_=sbx_be_s_3psl_mbd_mb0_bkgd&pd_rd_w=PjgAW&content-id=amzn1.sym.7d5eb573-01e8-49db-b262-65baa247c724%3Aamzn1.sym.7d5eb573-01e8-49db-b262-65baa247c724&pf_rd_p=7d5eb573-01e8-49db-b262-65baa247c724&pf_rd_r=D1W3GENVJQ83K8JVC2QT&pd_rd_wg=VNpJk&pd_rd_r=8e95fa45-b90d-490a-9c76-3c5d8466a865","","","","","","","","","","","",""
"","https://aax-us-east-retail-direct.amazon.com/x/c/JAZVYzfiUbaAxDpicr1OQt8AAAGdYBnYQgEAAAH2AQBvbm9fdHhuX2JpZDUgICBvbm9fdHhuX2ltcDEgICBvRwDY/clv1c_ek-wwoHXFcbCzoHOEIvrJ16WPjERPZsaVVvLaDriXGt2GL3o1Xqgpuq6ws8jBWygw4naEFbRpEsa1ttGQIYkEDCvUz_0WuIRePXudfPiUSJ45_5praLJpQSohD4Bj9nS1QrQexKI6jUx99u0TEZi97gbifX8RpQ7UxVRjl5MHVUuJtdBi8SYqXq_8ltGDltuRUQ8dsrphDvn3CStHtroyV5a3nS0F8rnZH7AwEI5ewK0ErILUqJ1d8R0sRW79QIBxG3bG9kTpnc8mAibLOXtEipiefgW4X8bA5OAyhFEHb4uIwXv6MMkMuXwZcgvV0oqKIvFTxEh5IfrlC5ZyD8mb7KOIMNQ1VZkIQUoivs74FsMMXw_XSZCRn_HWy9bcozWZJWzQx4046msk3SmBEraLg0sZAjzV9WnulQ7KhtZvtYOEeyBRd3FmpCqOyNu4lj4de7VPX6zmj2AYCCVQoMKt7nIlBNGVDaWrUuZ_P1Y3xJKPb9dNNJ1iqfynAoSv7bBcs_G0ZTCM-e_FrY6vAL-NEpgSUUg-Nfh65mTZGaLAX7rL0AWi_-SsQgbeD2T1QBFtXv2Q4pYNdOJrY-q5vJdLzAVEdaMJLNaodfbHMd3oZokpBynSN6zuGswa8YPALFg5ofroedr1MLtl-Dea09NGnU0YOUlmVDGzYvHMarHzIJaoKASyxIjHPWvexUXCjxTtLUYYDz91SoClzoZHKvqfDRPUeYrwk2QB30uOL8Plp6F1ioUm3qrLxno2-QYL_r_88hmMjaQ2waGPveW9OhQIdtb77rHNQEpZd3pM9AceDU93mtEOwB0djfUt3nRfGVg1IgAHDsCrCilgZPdnLHuyfE1aJjaZC7GmGPyik-HWdY63lQEkgcXjGuifDDbxWG04mL8oPhe_bFIhJcNd3I6qi3mCl38-UK3uYrvv7St5y8achA4S_Y3Q5magLWRqZE3VGTzAWR4gPH6Sn6ofajX3DRXVGDQXqhQMioB8fSj6ImTcl9Qgd2Bohv-1pOr6-ae6iQNQu1jyDwCbCK1gsRh54ASDAM9-1jf9RWyMle9qaEI/https://www.amazon.com/stores/page/B60ED8F6-5084-4059-A24F-16A102600FA1/?_encoding=UTF8&store_ref=SB_A0247514EVWOO9UH0O2U-A03296811CSHCSN2QPJP&pd_rd_plhdr=t&aaxitk=433ee6cd43b9ee6bb67723df1b223791&hsa_cr_id=0&lp_asins=B0FQ5CR4F7%2CB0FCMF217J%2CB0FCFM4PDV&lp_query=gpu&lp_slot=auto-sparkle-hsa-tetris&ref_=sbx_s_sparkle_sbtcd_bkgd&pd_rd_w=Xd2gT&content-id=amzn1.sym.cc961e39-6f5f-411e-8135-81c6c1187ac0%3Aamzn1.sym.cc961e39-6f5f-411e-8135-81c6c1187ac0&pf_rd_p=cc961e39-6f5f-411e-8135-81c6c1187ac0&pf_rd_r=3EKN0R0JKETMTJG7G9TT&pd_rd_wg=i902l&pd_rd_r=ccccf2cd-f336-4c8f-b297-cafd39e252e7","","","","Typical:","|","$8.49","$8.99","","","","",""
"100+ bought in past month","https://www.amazon.com/sspa/click?ie=UTF8&spc=MToyODk5MjcwNDU5ODMyMzM3OjE3NzU0MzM3OTk6c3BfYXRmX25leHQ6MzAwODcyMTAyNjIyNjAyOjowOjo&url=%2FOutus-Silicone-Reusable-Conductive-Conduction%2Fdp%2FB094PWW9TM%2Fref%3Dsr_1_113_sspa%3Fcrid%3D346W5D56T0W20%26dib%3DeyJ2IjoiMSJ9.V60dad1oKCbYfrHpIuiqlEoFedeUWNejIsSdc-lcRyChDFasVFQKhQSMQj7RoAvtvnqY22Lr0ZXXjlPrYaYBFi7vhhHDeU5eyv2wRTAnsDYdZe2gPm-0YPjrDmgROWD_X8wltydH8IvegCwdKD1A24Bu066QmYCH416YtCeI4kk3A2R_rnuwDytCJDJ8JIRhPMAa9SQwPLi0YN8r6uWv7SGvUROdkDQr2dWY3vMTWdw.YtbGsXEgBD8J0g3yzKArYkrA06si0siS9PD9BlGgmP0%26dib_tag%3Dse%26keywords%3Dgpu%26qid%3D1775433799%26sprefix%3Dgp%252Caps%252C387%26sr%3D8-113-spons%26xpid%3DkRTaaIQ0Ql4iY%26sp_csd%3Dd2lkZ2V0TmFtZT1zcF9hdGZfbmV4dA%26psc%3D1","https://m.media-amazon.com/images/I/71rE1hrMXWS._AC_UY218_.jpg","Sponsored","Outus 30 Pieces 2.6 x 0.8 x0.1 Inch Silicone Thermal Pad Reusable CPU SSD Thermal Conductive Silicone Pad Each Thick for Gpu Heatsink CPU Chip Heat Conduction or LED Heat Conduction(Light Blue)","4.6","(2K)","$7.99","","","Two-Day","FREE delivery","Tue, Apr 7",""
"","https://www.amazon.com/sspa/click?ie=UTF8&spc=MToyODk5MjcwNDU5ODMyMzM3OjE3NzU0MzM3OTk6c3BfYXRmX25leHQ6MzAxMTQ0OTI5MjY5NDAyOjowOjo&url=%2FThzzhnno-DisplayPort-Extension-Extended-Monitor%2Fdp%2FB0F6LV7YXK%2Fref%3Dsr_1_114_sspa%3Fcrid%3D346W5D56T0W20%26dib%3DeyJ2IjoiMSJ9.V60dad1oKCbYfrHpIuiqlEoFedeUWNejIsSdc-lcRyChDFasVFQKhQSMQj7RoAvtvnqY22Lr0ZXXjlPrYaYBFi7vhhHDeU5eyv2wRTAnsDYdZe2gPm-0YPjrDmgROWD_X8wltydH8IvegCwdKD1A24Bu066QmYCH416YtCeI4kk3A2R_rnuwDytCJDJ8JIRhPMAa9SQwPLi0YN8r6uWv7SGvUROdkDQr2dWY3vMTWdw.YtbGsXEgBD8J0g3yzKArYkrA06si0siS9PD9BlGgmP0%26dib_tag%3Dse%26keywords%3Dgpu%26qid%3D1775433799%26sprefix%3Dgp%252Caps%252C387%26sr%3D8-114-spons%26xpid%3DkRTaaIQ0Ql4iY%26sp_csd%3Dd2lkZ2V0TmFtZT1zcF9hdGZfbmV4dA%26psc%3D1","https://m.media-amazon.com/images/I/61Y0WyULMUL._AC_UY218_.jpg","Sponsored","DisplayPort Extension Cable 1.6FT, DisplayPort 1.2 Male to Female Cable, DP to DP Extended Cord for PC/Monitor/GPU, NVIDIA, More Passive","4.5","(69)","$7.99","","","Overnight","FREE delivery  on $25 of qualifying items","Overnight 7 AM - 11 AM",""
"50+ bought in past month","https://www.amazon.com/Gaming-Graphics-128-bit-Extreme-Performance/dp/B0F45KGZPY/ref=sr_1_115?crid=346W5D56T0W20&dib=eyJ2IjoiMSJ9.V60dad1oKCbYfrHpIuiqlEoFedeUWNejIsSdc-lcRyChDFasVFQKhQSMQj7RoAvtvnqY22Lr0ZXXjlPrYaYBFi7vhhHDeU5eyv2wRTAnsDYdZe2gPm-0YPjrDmgROWD_X8wltydH8IvegCwdKD1A24Bu066QmYCH416YtCeI4kk3A2R_rnuwDytCJDJ8JIRhPMAa9SQwPLi0YN8r6uWv7SGvUROdkDQr2dWY3vMTWdw.YtbGsXEgBD8J0g3yzKArYkrA06si0siS9PD9BlGgmP0&dib_tag=se&keywords=gpu&qid=1775433799&sprefix=gp%2Caps%2C387&sr=8-115&xpid=kRTaaIQ0Ql4iY","https://m.media-amazon.com/images/I/71rfm5iZ40L._AC_UY218_.jpg","","msi Gaming RTX 5060 Ti 16G Shadow 2X OC Graphics Card (16GB GDDR7, 128-bit, Extreme Performance: TBA MHz, DisplayPort x 3 2.1a, HDMI 2.1b, NVIDIA Blackwell Architecture)","4.9","(10)","$569.99","","","","FREE delivery","Apr 9 - 13","Tue, Apr 7"
"","https://www.amazon.com/NVIDIA-4000-Blackwell-Graphics-Card/dp/B0GJNJYNKY/ref=sr_1_116?crid=346W5D56T0W20&dib=eyJ2IjoiMSJ9.V60dad1oKCbYfrHpIuiqlEoFedeUWNejIsSdc-lcRyChDFasVFQKhQSMQj7RoAvtvnqY22Lr0ZXXjlPrYaYBFi7vhhHDeU5eyv2wRTAnsDYdZe2gPm-0YPjrDmgROWD_X8wltydH8IvegCwdKD1A24Bu066QmYCH416YtCeI4kk3A2R_rnuwDytCJDJ8JIRhPMAa9SQwPLi0YN8r6uWv7SGvUROdkDQr2dWY3vMTWdw.YtbGsXEgBD8J0g3yzKArYkrA06si0siS9PD9BlGgmP0&dib_tag=se&keywords=gpu&qid=1775433799&sprefix=gp%2Caps%2C387&sr=8-116&xpid=kRTaaIQ0Ql4iY","https://m.media-amazon.com/images/I/41-TEcXvtpL._AC_UY218_.jpg","","NVIDIA RTX PRO 4000 Blackwell Graphics Card - 24GB GDDR7 ECC Memory, PCIe 5.0 x16, 4X DisplayPort 2.1b, Single Slot Full Height AI Workstation GPU, Retail Packaging","5.0","(3)","$1,928.77","","","","$15.19 delivery","Apr 9 - 10",""
"","https://www.amazon.com/sspa/click?ie=UTF8&spc=MToyODk5MjcwNDU5ODMyMzM3OjE3NzU0MzM3OTk6c3BfbXRmOjMwMTE1NjA3OTk5ODcwMjo6MDo6&url=%2FVandossy-GT-730-4GB-Multi-Monitor%2Fdp%2FB0GC56DWVD%2Fref%3Dsr_1_117_sspa%3Fcrid%3D346W5D56T0W20%26dib%3DeyJ2IjoiMSJ9.V60dad1oKCbYfrHpIuiqlEoFedeUWNejIsSdc-lcRyChDFasVFQKhQSMQj7RoAvtvnqY22Lr0ZXXjlPrYaYBFi7vhhHDeU5eyv2wRTAnsDYdZe2gPm-0YPjrDmgROWD_X8wltydH8IvegCwdKD1A24Bu066QmYCH416YtCeI4kk3A2R_rnuwDytCJDJ8JIRhPMAa9SQwPLi0YN8r6uWv7SGvUROdkDQr2dWY3vMTWdw.YtbGsXEgBD8J0g3yzKArYkrA06si0siS9PD9BlGgmP0%26dib_tag%3Dse%26keywords%3Dgpu%26qid%3D1775433799%26sprefix%3Dgp%252Caps%252C387%26sr%3D8-117-spons%26xpid%3DkRTaaIQ0Ql4iY%26sp_csd%3Dd2lkZ2V0TmFtZT1zcF9tdGY%26psc%3D1","https://m.media-amazon.com/images/I/61k1cayIGNL._AC_UY218_.jpg","Sponsored","GeForce GT 730 Graphics Card, 4× HDMI 4GB GDDR5 Video Card PCIe 2.0×8 384CUDA Gaming Video Card for for Multi-Monitor Business, HTPC, Home Theater, Silent PC","5.0","(4)","$89.99","","","Overnight","FREE delivery","Overnight 7 AM - 11 AM",""
"","https://www.amazon.com/sspa/click?ie=UTF8&spc=MToyODk5MjcwNDU5ODMyMzM3OjE3NzU0MzM3OTk6c3BfbXRmOjMwMTIyMTkwMTQxODUwMjo6MDo6&url=%2Fciciglow-Graphics-Computer-Cooling-Interface%2Fdp%2FB0CHX3GNFQ%2Fref%3Dsr_1_118_sspa%3Fcrid%3D346W5D56T0W20%26dib%3DeyJ2IjoiMSJ9.V60dad1oKCbYfrHpIuiqlEoFedeUWNejIsSdc-lcRyChDFasVFQKhQSMQj7RoAvtvnqY22Lr0ZXXjlPrYaYBFi7vhhHDeU5eyv2wRTAnsDYdZe2gPm-0YPjrDmgROWD_X8wltydH8IvegCwdKD1A24Bu066QmYCH416YtCeI4kk3A2R_rnuwDytCJDJ8JIRhPMAa9SQwPLi0YN8r6uWv7SGvUROdkDQr2dWY3vMTWdw.YtbGsXEgBD8J0g3yzKArYkrA06si0siS9PD9BlGgmP0%26dib_tag%3Dse%26keywords%3Dgpu%26qid%3D1775433799%26sprefix%3Dgp%252Caps%252C387%26sr%3D8-118-spons%26xpid%3DkRTaaIQ0Ql4iY%26sp_csd%3Dd2lkZ2V0TmFtZT1zcF9tdGY%26psc%3D1","https://m.media-amazon.com/images/I/61C3XgO1g+L._AC_UY218_.jpg","Sponsored","ciciglow Graphics Card, 730 4G DDR3B 128bit Computer Graphics Card with Cooling Fan, Support VGA DVI HDMI Output PCI Express 2.0 x 16 Bus Interface","5.0","(2)","$60.90","","","","FREE delivery","Apr 15 - 24",""
"| Based on star rating and number of customer ratings","https://www.amazon.com/s?k=gpu&page=8&crid=346W5D56T0W20&qid=1775433795&sprefix=gp%2Caps%2C387&xpid=kRTaaIQ0Ql4iY&ref=sr_pg_7#","https://m.media-amazon.com/images/I/41BIiwD9VVL._AC_UL320_.jpg","","","4.0","(28)","$89.95","$85.99","","Overnight","FREE delivery","Overnight 7 AM - 11 AM","Tomorrow, Apr 6"
"","https://aax-us-east-retail-direct.amazon.com/x/c/JJPLZ6uuWPPGmywZTydJMpAAAAGdYBnYUQEAAAH2AQBvbm9fdHhuX2JpZDMgICBvbm9fdHhuX2ltcDIgICB6a6qa/clv1c_ek-wwoXXbdbWTdXQ9wXz8e9gSowx4Pq0bP60Ed1WxXpiwFMqwV_V2v2f-FHg8WpcgrDm-24XFkHxgWummBvd02Hhl9p0bAdj31qR86eX13oWv_cy8lEhTGn0lt1cQmMwgYeXGkL6VtO9JNgqNKTu21Hcuq1s1oUi8lVxrjVjSIBafJgv8ohcBq7vgH1l5IUWOD7I48DHG7pP2ciuUDGJ8uTVihuDwV7a1_h2Kom19TkBh792oemH2qR52jjvg9NYk5mQhKwpDboao873ZGhcQc5iAZWa2bAfZhcbvpNYb4xkHE6yPP3H3FdZ3N4uNw5NI3SewihvvRmufkCm3V3DJWD9IWD_N85md9XtMaFokOAbYQ5bKroY5fcMS9-5_znSylwtM9VvUDH5SVkvY0bO9xOAmj4li7WYLkTFJGUwQuoinXYuMQwxHflGwDVbTVVUdktTOeU3aDOJ5J9Ao3ripUJwdug0AFx0O5dEtUqquwVeRoC5QybVQ809L8H48re5R11r4jrYvUrLelKBbq3_TB1leh_6D_Wffn1VvMc4rgeUkmloIdPlsUg8kqpDtPn_uuMCPzpls14OInBLSqd3Ps_fAl6LfF_vUItX6HmVkVJ3RrvyGt-upG9Gizi6am6IU0j3S7Bcboy9HGQZCkEucWuiRqSH3C7VfjQ1UqJxQ8-vnhifzGPiZC17ZHVjzH7lDmQUf_s0vyuKzFcZ-kcDGYDV9HZHz8fXyjy-vWOvMtVTObztZVUKnrDczUYavazpZ9cn9mInuW0tMU_rNFJ9jB1cQeGBxVg8hnZZ8kWTjpyuMdpUl6INe044bPxMBAjv9TmZC4X8DyDw3B-4IFeJzF9gzvgj9qk18AyHw6aQr7SX91Uvd9kraZuJSrvefFwKtxW0hgiggjr4eanTsBTm2EkJKbN2koKf0UYC-HEkXghH27mqGs4xl86_zNjiqIprKGS8oRI0QDvjBWM25tp_WY5WptDLn611DLx2BXMQUMrY-1JijylEzHuSS2IgKOfJa0shrk6Ms7kHaF9FahfLwjFUfSDo7Q0FFBrv0TbwGpH_aQUoPbZfFlxZ9NmoH5RipFLDxGich582/https://www.amazon.com/stores/page/B916E14A-6EA6-40A0-B386-1C60ECE20F5C/?_encoding=UTF8&pd_rd_plhdr=t&pd_rd_i=B0DXV848ZP&ref_=sbx_be_s_sparkle_ssd_bkg&store_ref=SBV_A024825426U949LTX67Z6-A00614493F7B5YKZKP3S4&lp_asins=B0DXV848ZP&pd_rd_w=2MH1X&content-id=amzn1.sym.a55e4c23-ba6c-4408-a37e-65ef6d7a1c73%3Aamzn1.sym.a55e4c23-ba6c-4408-a37e-65ef6d7a1c73&pf_rd_p=a55e4c23-ba6c-4408-a37e-65ef6d7a1c73&pf_rd_r=3EKN0R0JKETMTJG7G9TT&pd_rd_wg=GxteZ&pd_rd_r=946868b7-33b8-4ff6-b5da-aa2a912d785d","","","","4.4","Shop","","","","","","",""
"| Based on items added in the past 60 days","https://www.amazon.com/s?k=gpu&page=8&crid=346W5D56T0W20&qid=1775433795&sprefix=gp%2Caps%2C387&xpid=kRTaaIQ0Ql4iY&ref=sr_pg_7#","https://m.media-amazon.com/images/I/71Cuq4CCbsL._AC_UL320_.jpg","","","","","$137.39","$94.71","","","FREE delivery","Apr 15 - 24","Apr 15 - 24"
"3K+ bought in past month","https://www.amazon.com/Graphics-Brace-Support-Holder-Bracket/dp/B09FPJL1KY/ref=sr_1_119?crid=346W5D56T0W20&dib=eyJ2IjoiMSJ9.V60dad1oKCbYfrHpIuiqlEoFedeUWNejIsSdc-lcRyChDFasVFQKhQSMQj7RoAvtvnqY22Lr0ZXXjlPrYaYBFi7vhhHDeU5eyv2wRTAnsDYdZe2gPm-0YPjrDmgROWD_X8wltydH8IvegCwdKD1A24Bu066QmYCH416YtCeI4kk3A2R_rnuwDytCJDJ8JIRhPMAa9SQwPLi0YN8r6uWv7SGvUROdkDQr2dWY3vMTWdw.YtbGsXEgBD8J0g3yzKArYkrA06si0siS9PD9BlGgmP0&dib_tag=se&keywords=gpu&qid=1775433799&sprefix=gp%2Caps%2C387&sr=8-119&xpid=kRTaaIQ0Ql4iY","https://m.media-amazon.com/images/I/312BAnEbBmL._AC_UY218_.jpg","","Graphics Card GPU Brace Support, Video Card Sag Holder Bracket, GPU Stand (L, 74-120mm)","Best Seller","(8.2K)","$8.99","","","Two-Day","FREE delivery","Tue, Apr 7",""
"New Price:","https://www.amazon.com/ASUS-NVIDIA-GeForce-Gaming-Graphics/dp/B0FFYKXC6N/ref=sr_1_120?crid=346W5D56T0W20&dib=eyJ2IjoiMSJ9.V60dad1oKCbYfrHpIuiqlEoFedeUWNejIsSdc-lcRyChDFasVFQKhQSMQj7RoAvtvnqY22Lr0ZXXjlPrYaYBFi7vhhHDeU5eyv2wRTAnsDYdZe2gPm-0YPjrDmgROWD_X8wltydH8IvegCwdKD1A24Bu066QmYCH416YtCeI4kk3A2R_rnuwDytCJDJ8JIRhPMAa9SQwPLi0YN8r6uWv7SGvUROdkDQr2dWY3vMTWdw.YtbGsXEgBD8J0g3yzKArYkrA06si0siS9PD9BlGgmP0&dib_tag=se&keywords=gpu&qid=1775433799&sprefix=gp%2Caps%2C387&sr=8-120&xpid=kRTaaIQ0Ql4iY","https://m.media-amazon.com/images/I/81aqBKYcO1L._AC_UY218_.jpg","","ASUS Dual NVIDIA GeForce RTX 3050 6GB Gaming Graphics Card - PCIe 4.0, 6GB GDDR6 Memory, HDMI 2.1, DisplayPort 1.4a, Native DVI-D, 2-Slot Design, Steel Bracket, IP5X Rating, GPU Tweak III (Renewed)","5.0","(1)","$206.98","$218.20","$218.20","","FREE delivery","Apr 7 - 8",""
"Only 5 left in stock - order soon.","https://www.amazon.com/sspa/click?ie=UTF8&spc=MToyODk5MjcwNDU5ODMyMzM3OjE3NzU0MzM3OTk6c3BfbXRmOjMwMTIzMDQ3MDQ3MjMwMjo6MDo6&url=%2FGraphics-Desktop-Business-Office-Single%2Fdp%2FB0C6QV2PHR%2Fref%3Dsr_1_121_sspa%3Fcrid%3D346W5D56T0W20%26dib%3DeyJ2IjoiMSJ9.V60dad1oKCbYfrHpIuiqlEoFedeUWNejIsSdc-lcRyChDFasVFQKhQSMQj7RoAvtvnqY22Lr0ZXXjlPrYaYBFi7vhhHDeU5eyv2wRTAnsDYdZe2gPm-0YPjrDmgROWD_X8wltydH8IvegCwdKD1A24Bu066QmYCH416YtCeI4kk3A2R_rnuwDytCJDJ8JIRhPMAa9SQwPLi0YN8r6uWv7SGvUROdkDQr2dWY3vMTWdw.YtbGsXEgBD8J0g3yzKArYkrA06si0siS9PD9BlGgmP0%26dib_tag%3Dse%26keywords%3Dgpu%26qid%3D1775433799%26sprefix%3Dgp%252Caps%252C387%26sr%3D8-121-spons%26xpid%3DkRTaaIQ0Ql4iY%26sp_csd%3Dd2lkZ2V0TmFtZT1zcF9tdGY%26psc%3D1","https://m.media-amazon.com/images/I/61M-9OkW9iL._AC_UY218_.jpg","Sponsored","GT610 2GB Graphics Card, 610 2G DDR3 64bit, Desktop Graphics Card for Business Office, PCI E 1.1 x 16, DVI, VGA, HDMIs, PC Video Card, Single Fan","3.8","(17)","$65.30","","","Two-Day","FREE delivery","Tue, Apr 7",""
"Only 19 left in stock - order soon.","https://www.amazon.com/sspa/click?ie=UTF8&spc=MToyODk5MjcwNDU5ODMyMzM3OjE3NzU0MzM3OTk6c3BfbXRmOjMwMTA2MTEwMTEzMjgwMjo6MDo6&url=%2FGraphics-1000MHz-Computer-Express-DirectX10-1%2Fdp%2FB0BS1HZ5C6%2Fref%3Dsr_1_122_sspa%3Fcrid%3D346W5D56T0W20%26dib%3DeyJ2IjoiMSJ9.V60dad1oKCbYfrHpIuiqlEoFedeUWNejIsSdc-lcRyChDFasVFQKhQSMQj7RoAvtvnqY22Lr0ZXXjlPrYaYBFi7vhhHDeU5eyv2wRTAnsDYdZe2gPm-0YPjrDmgROWD_X8wltydH8IvegCwdKD1A24Bu066QmYCH416YtCeI4kk3A2R_rnuwDytCJDJ8JIRhPMAa9SQwPLi0YN8r6uWv7SGvUROdkDQr2dWY3vMTWdw.YtbGsXEgBD8J0g3yzKArYkrA06si0siS9PD9BlGgmP0%26dib_tag%3Dse%26keywords%3Dgpu%26qid%3D1775433799%26sprefix%3Dgp%252Caps%252C387%26sr%3D8-122-spons%26xpid%3DkRTaaIQ0Ql4iY%26sp_csd%3Dd2lkZ2V0TmFtZT1zcF9tdGY%26psc%3D1","https://m.media-amazon.com/images/I/71yN3ELA1BL._AC_UY218_.jpg","Sponsored","Gaming Graphics Card, 1000MHz GT210 Computer Low GPU 1GB 64Bit GDDR3 PCI Express 2.0, VGA DVI, Air Cooling Desktop Video Card for Gaming Working, for DirectX10.1","","","$33.85","","","","FREE delivery","Apr 16 - 27",""
"Only 1 left in stock - order soon.","https://www.amazon.com/msi-GeForce-SUPRIM-512-bit-Radiator/dp/B0GKFQZ7MW/ref=sr_1_123?crid=346W5D56T0W20&dib=eyJ2IjoiMSJ9.V60dad1oKCbYfrHpIuiqlEoFedeUWNejIsSdc-lcRyChDFasVFQKhQSMQj7RoAvtvnqY22Lr0ZXXjlPrYaYBFi7vhhHDeU5eyv2wRTAnsDYdZe2gPm-0YPjrDmgROWD_X8wltydH8IvegCwdKD1A24Bu066QmYCH416YtCeI4kk3A2R_rnuwDytCJDJ8JIRhPMAa9SQwPLi0YN8r6uWv7SGvUROdkDQr2dWY3vMTWdw.YtbGsXEgBD8J0g3yzKArYkrA06si0siS9PD9BlGgmP0&dib_tag=se&keywords=gpu&qid=1775433799&sprefix=gp%2Caps%2C387&sr=8-123&xpid=kRTaaIQ0Ql4iY","https://m.media-amazon.com/images/I/51Ht3uusRlL._AC_UY218_.jpg","","msi GeForce RTX 5090 SUPRIM Liquid SOC Hybrid Liquid Cooled GPU, 32GB GDDR7, 28 Gbps, 512-bit, 3352 AI Tops, DLSS 4, 360mm Radiator, DP 2.1b x3, HDMI 2.1b, with GPU Holder","","","$4,429.97","","","","FREE delivery","Mon, Apr 13","Wed, Apr 8"
"Only 9 left in stock - order soon.","https://www.amazon.com/Intel-21P02J00BA-Arc-A750-Graphics/dp/B0BNYXRTFN/ref=sr_1_124?crid=346W5D56T0W20&dib=eyJ2IjoiMSJ9.V60dad1oKCbYfrHpIuiqlEoFedeUWNejIsSdc-lcRyChDFasVFQKhQSMQj7RoAvtvnqY22Lr0ZXXjlPrYaYBFi7vhhHDeU5eyv2wRTAnsDYdZe2gPm-0YPjrDmgROWD_X8wltydH8IvegCwdKD1A24Bu066QmYCH416YtCeI4kk3A2R_rnuwDytCJDJ8JIRhPMAa9SQwPLi0YN8r6uWv7SGvUROdkDQr2dWY3vMTWdw.YtbGsXEgBD8J0g3yzKArYkrA06si0siS9PD9BlGgmP0&dib_tag=se&keywords=gpu&qid=1775433799&sprefix=gp%2Caps%2C387&sr=8-124&xpid=kRTaaIQ0Ql4iY","https://m.media-amazon.com/images/I/618n+u4X9iL._AC_UY218_.jpg","","Intel 21P02J00BA Vga Intel21p02j00ba A750 R","4.1","(63)","$219.99","","","Two-Day","FREE delivery","Tue, Apr 7",""
"Only 6 left in stock - order soon.","https://www.amazon.com/NVIDIA-4000-Blackwell-24GB-GDDR7/dp/B0GRCM7GF5/ref=sr_1_125?crid=346W5D56T0W20&dib=eyJ2IjoiMSJ9.V60dad1oKCbYfrHpIuiqlEoFedeUWNejIsSdc-lcRyChDFasVFQKhQSMQj7RoAvtvnqY22Lr0ZXXjlPrYaYBFi7vhhHDeU5eyv2wRTAnsDYdZe2gPm-0YPjrDmgROWD_X8wltydH8IvegCwdKD1A24Bu066QmYCH416YtCeI4kk3A2R_rnuwDytCJDJ8JIRhPMAa9SQwPLi0YN8r6uWv7SGvUROdkDQr2dWY3vMTWdw.YtbGsXEgBD8J0g3yzKArYkrA06si0siS9PD9BlGgmP0&dib_tag=se&keywords=gpu&qid=1775433799&sprefix=gp%2Caps%2C387&sr=8-125&xpid=kRTaaIQ0Ql4iY","https://m.media-amazon.com/images/I/51yLq5RKiEL._AC_UY218_.jpg","","NVIDIA RTX PRO 4000 SFF Blackwell 24GB GDDR7 ECC - PCIe 5.0x8, 4X mDP 2.1b, Low-Profile Dual-Slot AI Workstation GPU Retail","","","$1,979.95","","","","FREE delivery","Mon, Apr 13","Tue, Apr 7"
"Or","https://www.amazon.com/MSI-RTX-5070-12G-SOC/dp/B0DYG483V1/ref=sr_1_126?crid=346W5D56T0W20&dib=eyJ2IjoiMSJ9.V60dad1oKCbYfrHpIuiqlEoFedeUWNejIsSdc-lcRyChDFasVFQKhQSMQj7RoAvtvnqY22Lr0ZXXjlPrYaYBFi7vhhHDeU5eyv2wRTAnsDYdZe2gPm-0YPjrDmgROWD_X8wltydH8IvegCwdKD1A24Bu066QmYCH416YtCeI4kk3A2R_rnuwDytCJDJ8JIRhPMAa9SQwPLi0YN8r6uWv7SGvUROdkDQr2dWY3vMTWdw.YtbGsXEgBD8J0g3yzKArYkrA06si0siS9PD9BlGgmP0&dib_tag=se&keywords=gpu&qid=1775433799&sprefix=gp%2Caps%2C387&sr=8-126&ufe=app_do%3Aamzn1.fos.5998aa40-ec6f-4947-a68f-cd087fee0848&xpid=kRTaaIQ0Ql4iY","https://m.media-amazon.com/images/I/71ZR56zH-KL._AC_UY218_.jpg","","msi Gaming RTX 5070 12G Vanguard SOC Graphics Card (12GB GDDR7, 192-bit, Extreme Performance: 2655 MHz, DisplayPort x3 2.1a, HDMI 2.1b, NVIDIA Blackwell Architecture)","4.7","(67)","$789.99","","$158.00","Two-Day","FREE delivery","Tue, Apr 7",""
"Only 3 left in stock - order soon.","https://www.amazon.com/XFX-Radeon-Triple-Gaming-RX-96TS38GB7/dp/B0FP9WZZWK/ref=sr_1_127?crid=346W5D56T0W20&dib=eyJ2IjoiMSJ9.V60dad1oKCbYfrHpIuiqlEoFedeUWNejIsSdc-lcRyChDFasVFQKhQSMQj7RoAvtvnqY22Lr0ZXXjlPrYaYBFi7vhhHDeU5eyv2wRTAnsDYdZe2gPm-0YPjrDmgROWD_X8wltydH8IvegCwdKD1A24Bu066QmYCH416YtCeI4kk3A2R_rnuwDytCJDJ8JIRhPMAa9SQwPLi0YN8r6uWv7SGvUROdkDQr2dWY3vMTWdw.YtbGsXEgBD8J0g3yzKArYkrA06si0siS9PD9BlGgmP0&dib_tag=se&keywords=gpu&qid=1775433799&sprefix=gp%2Caps%2C387&sr=8-127&xpid=kRTaaIQ0Ql4iY","https://m.media-amazon.com/images/I/71IHZE7uAcL._AC_UY218_.jpg","","XFX Swift AMD Radeon RX 9060 XT OC Triple Fan Gaming Edition with 8GB GDDR6 HDMI 2xDP, AMD RDNA 4 RX-96TS38GB7","","","$345.99","","","","FREE delivery  for Prime members","Sat, Apr 11",""
"50+ bought in past month","https://www.amazon.com/ASUS-SFF-Ready-Graphics-2-5-Slot-Axial-tech/dp/B0DS6WFRBP/ref=sr_1_128?crid=346W5D56T0W20&dib=eyJ2IjoiMSJ9.V60dad1oKCbYfrHpIuiqlEoFedeUWNejIsSdc-lcRyChDFasVFQKhQSMQj7RoAvtvnqY22Lr0ZXXjlPrYaYBFi7vhhHDeU5eyv2wRTAnsDYdZe2gPm-0YPjrDmgROWD_X8wltydH8IvegCwdKD1A24Bu066QmYCH416YtCeI4kk3A2R_rnuwDytCJDJ8JIRhPMAa9SQwPLi0YN8r6uWv7SGvUROdkDQr2dWY3vMTWdw.YtbGsXEgBD8J0g3yzKArYkrA06si0siS9PD9BlGgmP0&dib_tag=se&keywords=gpu&qid=1775433799&sprefix=gp%2Caps%2C387&sr=8-128&xpid=kRTaaIQ0Ql4iY","https://m.media-amazon.com/images/I/81qOec4Uz5L._AC_UY218_.jpg","","ASUS The SFF-Ready Prime GeForce RTX™ 5070 Ti 16GB GDDR7 Graphics Card (PCIe® 5.0, 16GB GDDR7, HDMI®/DP 2.1, 2.5-Slot, Axial-tech Fans, Dual BIOS)","4.7","(162)","","","","","","",""
"No featured offers available","https://www.amazon.com/Sapphire-11305-02-20G-Radeon-Gaming-Graphics/dp/B08NXYBVDB/ref=sr_1_129?crid=346W5D56T0W20&dib=eyJ2IjoiMSJ9.V60dad1oKCbYfrHpIuiqlEoFedeUWNejIsSdc-lcRyChDFasVFQKhQSMQj7RoAvtvnqY22Lr0ZXXjlPrYaYBFi7vhhHDeU5eyv2wRTAnsDYdZe2gPm-0YPjrDmgROWD_X8wltydH8IvegCwdKD1A24Bu066QmYCH416YtCeI4kk3A2R_rnuwDytCJDJ8JIRhPMAa9SQwPLi0YN8r6uWv7SGvUROdkDQr2dWY3vMTWdw.YtbGsXEgBD8J0g3yzKArYkrA06si0siS9PD9BlGgmP0&dib_tag=se&keywords=gpu&qid=1775433799&sprefix=gp%2Caps%2C387&sr=8-129&xpid=kRTaaIQ0Ql4iY","https://m.media-amazon.com/images/I/812bscVKEVL._AC_UY218_.jpg","","Sapphire 11305-02-20G Pulse AMD Radeon RX 6800 PCIe 4.0 Gaming Graphics Card with 16GB GDDR6","4.6","(164)","","","","","","",""
"New Price:","https://www.amazon.com/EVGA-GeForce-10G-P5-3897-KL-Technology-Backplate/dp/B09CDX4DKR/ref=sr_1_130?crid=346W5D56T0W20&dib=eyJ2IjoiMSJ9.V60dad1oKCbYfrHpIuiqlEoFedeUWNejIsSdc-lcRyChDFasVFQKhQSMQj7RoAvtvnqY22Lr0ZXXjlPrYaYBFi7vhhHDeU5eyv2wRTAnsDYdZe2gPm-0YPjrDmgROWD_X8wltydH8IvegCwdKD1A24Bu066QmYCH416YtCeI4kk3A2R_rnuwDytCJDJ8JIRhPMAa9SQwPLi0YN8r6uWv7SGvUROdkDQr2dWY3vMTWdw.YtbGsXEgBD8J0g3yzKArYkrA06si0siS9PD9BlGgmP0&dib_tag=se&keywords=gpu&qid=1775433799&sprefix=gp%2Caps%2C387&sr=8-130&xpid=kRTaaIQ0Ql4iY","https://m.media-amazon.com/images/I/51E78B02lsL._AC_UY218_.jpg","","EVGA GeForce RTX 3080 FTW3 Ultra Gaming, 10G-P5-3897-KL, 10GB GDDR6X, iCX3 Technology, ARGB LED, Metal Backplate, LHR (Renewed)","4.2","(53)","$449.99","$899.99","$899.99","Tomorrow","FREE delivery","Tomorrow, Apr 6",""
"","https://www.amazon.com/EVGA-GeForce-12G-P5-3657-KR-Dual-Fan-Backplate/dp/B08WM28PVH/ref=sr_1_131?crid=346W5D56T0W20&dib=eyJ2IjoiMSJ9.V60dad1oKCbYfrHpIuiqlEoFedeUWNejIsSdc-lcRyChDFasVFQKhQSMQj7RoAvtvnqY22Lr0ZXXjlPrYaYBFi7vhhHDeU5eyv2wRTAnsDYdZe2gPm-0YPjrDmgROWD_X8wltydH8IvegCwdKD1A24Bu066QmYCH416YtCeI4kk3A2R_rnuwDytCJDJ8JIRhPMAa9SQwPLi0YN8r6uWv7SGvUROdkDQr2dWY3vMTWdw.YtbGsXEgBD8J0g3yzKArYkrA06si0siS9PD9BlGgmP0&dib_tag=se&keywords=gpu&qid=1775433799&sprefix=gp%2Caps%2C387&sr=8-131&xpid=kRTaaIQ0Ql4iY","https://m.media-amazon.com/images/I/81k6bxrB2YL._AC_UY218_.jpg","","EVGA GeForce RTX 3060 XC Gaming, 12G-P5-3657-KR, 12GB GDDR6, Dual-Fan, Metal Backplate","4.7","(1.4K)","","","","","","",""
"","https://www.amazon.com/MSI-GeForce-Ventus-Black-Graphics/dp/B0CBK7BRL9/ref=sr_1_132?crid=346W5D56T0W20&dib=eyJ2IjoiMSJ9.V60dad1oKCbYfrHpIuiqlEoFedeUWNejIsSdc-lcRyChDFasVFQKhQSMQj7RoAvtvnqY22Lr0ZXXjlPrYaYBFi7vhhHDeU5eyv2wRTAnsDYdZe2gPm-0YPjrDmgROWD_X8wltydH8IvegCwdKD1A24Bu066QmYCH416YtCeI4kk3A2R_rnuwDytCJDJ8JIRhPMAa9SQwPLi0YN8r6uWv7SGvUROdkDQr2dWY3vMTWdw.YtbGsXEgBD8J0g3yzKArYkrA06si0siS9PD9BlGgmP0&dib_tag=se&keywords=gpu&qid=1775433799&sprefix=gp%2Caps%2C387&sr=8-132&xpid=kRTaaIQ0Ql4iY","https://m.media-amazon.com/images/I/71FPIhwplIL._AC_UY218_.jpg","","MSI GeForce RTX 4060 Ti Ventus 2X Black 16G OC Graphics Card - RTX 4060 Ti GPU, 16GB GDDR6 (18Gbps/128-bit), PCIe 4.0-2 x TORX Fan 4.0 - HDMI 2.1a, DisplayPort 1.4a","4.7","(431)","","","","","","",""
"","https://www.amazon.com/NVIDIA-RTX-6000-Blackwell-Server/dp/B0FXMY871V/ref=sr_1_133?crid=346W5D56T0W20&dib=eyJ2IjoiMSJ9.V60dad1oKCbYfrHpIuiqlEoFedeUWNejIsSdc-lcRyChDFasVFQKhQSMQj7RoAvtvnqY22Lr0ZXXjlPrYaYBFi7vhhHDeU5eyv2wRTAnsDYdZe2gPm-0YPjrDmgROWD_X8wltydH8IvegCwdKD1A24Bu066QmYCH416YtCeI4kk3A2R_rnuwDytCJDJ8JIRhPMAa9SQwPLi0YN8r6uWv7SGvUROdkDQr2dWY3vMTWdw.YtbGsXEgBD8J0g3yzKArYkrA06si0siS9PD9BlGgmP0&dib_tag=se&keywords=gpu&qid=1775433799&sprefix=gp%2Caps%2C387&sr=8-133&xpid=kRTaaIQ0Ql4iY","https://m.media-amazon.com/images/I/51q7KSlIMlL._AC_UY218_.jpg","","NVIDIA RTX PRO 6000 Blackwell Server Edition","","","$9,999.00","","","","$11.65 delivery","Apr 15 - 16",""
"Only 10 left in stock - order soon.","https://www.amazon.com/VISION-COMPUTERS-INC-H100-NVL/dp/B0D3VPPN3K/ref=sr_1_134?crid=346W5D56T0W20&dib=eyJ2IjoiMSJ9.V60dad1oKCbYfrHpIuiqlEoFedeUWNejIsSdc-lcRyChDFasVFQKhQSMQj7RoAvtvnqY22Lr0ZXXjlPrYaYBFi7vhhHDeU5eyv2wRTAnsDYdZe2gPm-0YPjrDmgROWD_X8wltydH8IvegCwdKD1A24Bu066QmYCH416YtCeI4kk3A2R_rnuwDytCJDJ8JIRhPMAa9SQwPLi0YN8r6uWv7SGvUROdkDQr2dWY3vMTWdw.YtbGsXEgBD8J0g3yzKArYkrA06si0siS9PD9BlGgmP0&dib_tag=se&keywords=gpu&qid=1775433799&sprefix=gp%2Caps%2C387&sr=8-134&xpid=kRTaaIQ0Ql4iY","https://m.media-amazon.com/images/I/31ChbVudnqL._AC_UY218_.jpg","","VISION COMPUTERS, INC. PNY RTX H100 NVL - 94GB HBM3-350-400W - PNY Bulk Packaging and Accessories","","","$29,995.00","","","","FREE delivery","Apr 9 - 13","Tue, Apr 7"
"100+ bought in past month","https://www.amazon.com/s?k=gpu&page=8&crid=346W5D56T0W20&qid=1775433795&sprefix=gp%2Caps%2C387&xpid=kRTaaIQ0Ql4iY&ref=sr_pg_7#","https://m.media-amazon.com/images/I/71tO7BSaVHL._AC_UL320_.jpg","","","4.1","(21)","$419.99","$11.99","","Two-Day","FREE delivery","Tue, Apr 7","Tue, Apr 7"
"cpu","https://www.amazon.com/s?k=cpu&ref=rsl_sug_0_0&pd_rd_w=H0KOX&content-id=amzn1.sym.3be64970-3b95-4a6d-a45d-78077a3ff871:amzn1.sym.3be64970-3b95-4a6d-a45d-78077a3ff871&pf_rd_p=3be64970-3b95-4a6d-a45d-78077a3ff871&pf_rd_r=3EKN0R0JKETMTJG7G9TT&pd_rd_wg=WQfbp&pd_rd_r=e56a38e1-ee16-478b-a2ef-eb549694e34c&qid=1775433799","","","","","","","","","","","",""
"","","","","","","","","","","","","",""
"","https://aax-us-east-retail-direct.amazon.com/x/c/JLtJ4zkNQ6SuH9RjT7TTjSwAAAGdYBnZZwEAAAH2AQBvbm9fdHhuX2JpZDUgICBvbm9fdHhuX2ltcDEgICBxSIi9/clv1c_ek-wwgX2VdbaTfWY9yV37leKdG27aGdG6vj0WwBotbsazLNFsR4zc-LMEsYdEjZchMMATtWPlNs40Jj8atJXiMrV9-Mtn4Wm1Le6-mH2qHpRK6_sO7LBLU-4V9Cxio4LmGjTCddEbZg2fJCyA_5-uxHYZn0d0FEtlAN2wSLUHFabrTwXl05Qi0w_lUo4yps_0qALPwtKnYrZkKH_PYGUlr_-VGFpnwb_jqtZw_AxLFGrZ_b40GBdrRYNth-tfv5dUnBHZZkNthdxEK-B78F6_sQWpc6wzYGx21d9tXkp9Qh3ez_2nphs5Y9GEQAmpygFe2ZuZysVZEhQm04TeRMhDFoB6xCL_ic_lhtsa6Beu-ecwgZmDo9AB9YBb-VU0qwgl17Ij86_bi9rhDQ4s47JXWPqe-bGG6OnHH0TU-OVXzAHUNyPkMdw9ic6zvGMN-lT3lo9ajin6Vp-UcY4g2i8i7dh2XIQ4ZZChdMgEmnpY1GUvsQRJkwCAEBKEclx9f4Io8WJOg8WfYa8bKGyhAVQgEpfLkPgaTyyqOxlu2AFVlO4uwC3Hw6EbfXNonXJV5Q7075EiW_8lSuYMon8I1XQ8dLNky0CI3bPFAMjOQmB25DGe3aD69lp_b_tV5_ZEOTLn6pdGbXTx33AUYo4XPxIj7JM9T2hZaZu2lJUXeRSIB7CMRvz90-mXWylTeHgM6j9enoUvnHmBoeg5W52NwfMlA9k15uIbGMFDcMsCjJqnXmuEf1BTxqGnqluUElkDPj4_pynZ909pqR_GdDgmkQ-zZEixbe282oW4WDIMRUQeDQBCeRqXYvdQ3mzq37ZuIFe7CcmYB2_waiqH-MfR8eBp7cx0LckuAFKExN1n9k7B7elQu1bLEum8QT8Nt8oysFyWoccMIsowJ-cCtiwhU7OL5Lw-Y4N6-TgQq5hgmKn5E14YTAAb9b558GmVodzDoA4nYOK_zUHR2zUJbNtj7IiIVSjywaOy6FDZEFKQ_OI_jR1UIib-rCE_d55uC5ZJswlLchJF8RzKRnEzKysccuCCE_oGbGCO3Wb4kBRj5bsqi3p8A/https://www.amazon.com/stores/page/C5C2F7A1-A824-464D-9A57-796C998E6970/?_encoding=UTF8&store_ref=SB_A0915500OT8JCNAZFSO0-A0872516ZHWAQQQAVDXZ&pd_rd_plhdr=t&aaxitk=8a30c99615ce599d539c88559d41ea58&hsa_cr_id=0&lp_asins=B01MSSJ32J&lp_query=gpu&lp_slot=desktop-hsa-3psl&ref_=sbx_be_s_3psl_mbd_mb0_bkgd&pd_rd_w=jMPPP&content-id=amzn1.sym.7d5eb573-01e8-49db-b262-65baa247c724%3Aamzn1.sym.7d5eb573-01e8-49db-b262-65baa247c724&pf_rd_p=7d5eb573-01e8-49db-b262-65baa247c724&pf_rd_r=3EKN0R0JKETMTJG7G9TT&pd_rd_wg=Q7Niz&pd_rd_r=ce4dad68-6869-4ec6-ab90-0e4d8ad18d47","","","","","","","","","","","",""
"","https://aax-us-east-retail-direct.amazon.com/x/c/JFBjR4sHlAHpGVcUgshXTrMAAAGdYBnnoAEAAAH2AQBvbm9fdHhuX2JpZDUgICBvbm9fdHhuX2ltcDIgICDQDSh_/clv1c_ek-ww4HXFcbWDYHOHovrJ16WHlXzGjt10VaKM0Air_MEcrtMz1QpWF6HlXgO3Qg-H9LCn22fAQXZXt_n-k0_PYR-xl7xLKUgDbxmcukg24wjlJEhn7NPv41Z4v1evBZ6-j81mfESuv9eKguYpsUqddXKkB2dl0-6hNfc9af2bD5PeMT1nOfPA1-zXJC86MJm1nA7tovpvEYH9OXxeliFq2gN0MnOjosnvOrzyxwW1bDsA8xbGtaB8C8gSTV7zQ7y5GF58XH_62fcxbimsihrpbe4wKdc6j4WKFZb3gulWIZcXOPGLGyN55s5jlOlBK0PBv-kBctth3XxibXI1w1-yLaXTgqxO0RScMDYUenNuIhkT477amMnY04SWtDOFzc3ZrHFhLulQoL_Lyc7jwz4irlvHu09JRFsUAO9na1ff993GoWukuKQlgMvmAo7HjsvrTLTA8Q9JUG_JxIKDVgh6JOLrFphMndG5ML_26ntC8Kky-mof_zZpCeF9KM_kt7R_CwCqtnE-0yLp7ATBmoznIXNJAWT11lHU8ZY6KFh8rq8NO6DGOAy8lR8BTav0miN4rhi5jh3AvSqiGekOf_PtGmUVKoZH7td0e-m-alIVnlXhV-9AW9XnVSt4dtEBICn4yHv5vqh6vDnWwD6-g7f2O3uDNs2RCVYQavhAeoof1z2nBz_0DeZTzsEbZ0_bn0rpDw_wmpGh-8Y79qMPDb4Z9qsfIpvoaH_bK6iJLkILf79krvQBge9NijIjptsBYaPwlgiVRuO5fwfBwivgODs4OSWnPkndTr4CdBS0mpf_n9RYVEZafAaYO2BNZeP3XfnJ0Cjz02Px3hMKf5wL5TZwEKkHoIfLcVouqAbJXsRZ-5dH8_TfjjcAN6nl_3heMh2zMh2b4R2QkbXOjK-h3cF5mIob_1xPjvnMNqBL9YZ2SQ90odJOHPlj5_8bPYwTAIKHP8CSR6IFHKflREwJWBleMr-E9wI7rC7oHduGY-fkilOA6R5oJN_zDa9-_85qlfptXGVZItIRpPV79GY5O1LZACE4ZUXeuCbrB4cpaIwJg/https://www.amazon.com/stores/page/39F35EF5-977D-4ED8-AF23-DCC058F5D3FE/?_encoding=UTF8&store_ref=SB_A08817451WUTLNLLY5D1W-A04836022D66X3IY2YS2Q&pd_rd_plhdr=t&aaxitk=b075b2158eccddebdc7b1fa8210bdb25&hsa_cr_id=0&lp_asins=B0CP3MZZ75%2CB082WVQP5T%2CB0CP3MTP68&lp_query=gpu&lp_slot=auto-sparkle-hsa-tetris&ref_=sbx_be_s_sparkle_ssd_bkgd&pd_rd_w=TqUPm&content-id=amzn1.sym.cc961e39-6f5f-411e-8135-81c6c1187ac0%3Aamzn1.sym.cc961e39-6f5f-411e-8135-81c6c1187ac0&pf_rd_p=cc961e39-6f5f-411e-8135-81c6c1187ac0&pf_rd_r=4JBZWPY511XASBZH8Z99&pd_rd_wg=eHeqo&pd_rd_r=8af5f517-80c0-41fd-8380-426d5d405e23","","","","","","","","","","","",""
"Only 3 left in stock - order soon.","https://www.amazon.com/sspa/click?ie=UTF8&spc=MTo3MjEyMTAwMjczMzYzNDc5OjE3NzU0MzM4MDM6c3BfYXRmX25leHQ6MzAxMTg1NzUwODcwNTAyOjowOjo&url=%2FAlphacool-Geforce-Master-Windforce-Backplate%2Fdp%2FB0FC8J4CH5%2Fref%3Dsr_1_129_sspa%3Fcrid%3D346W5D56T0W20%26dib%3DeyJ2IjoiMSJ9.Z-9d0pnvZR-Z7QMAuW_9L0tUr-aFbUMQZpyfTIGXZ3M4AkVuu9NM6RMmCOHAmUc9XH-c90UvmyPhXUxAavPQad1euIuwRMnGofSO6R9okppbq0BgN2NDM9Nfk914KPPMjFXZDFuqDxoKABw86pOD_rB2JaickcbU1YxNWs2SS0tTAT15ypcxcp_sUyRazo3Fo0DPe5inAWdUPtwGys3xsWUjjgct7MgrT8P1-khD5_w.Is5_Hq453wfZZ-eCnWBCu8lMwTZEWMwRIr2JITy4YPw%26dib_tag%3Dse%26keywords%3Dgpu%26qid%3D1775433803%26sprefix%3Dgp%252Caps%252C387%26sr%3D8-129-spons%26xpid%3DkRTaaIQ0Ql4iY%26sp_csd%3Dd2lkZ2V0TmFtZT1zcF9hdGZfbmV4dA%26psc%3D1","https://m.media-amazon.com/images/I/51WkBgTTNdL._AC_UY218_.jpg","Sponsored","Alphacool Core Geforce RTX 5080 Aorus Master and Windforce GPU Water Block with Backplate","5.0","(1)","$364.99","","","","FREE delivery","Tue, Apr 7",""
"100+ bought in past month","https://www.amazon.com/sspa/click?ie=UTF8&spc=MTo3MjEyMTAwMjczMzYzNDc5OjE3NzU0MzM4MDM6c3BfYXRmX25leHQ6MzAxMDQwNTYwOTY5MDAyOjowOjo&url=%2FAsiaHorse-Cables-Addressable-Extension-Motherboard%2Fdp%2FB0DDC88P6J%2Fref%3Dsr_1_130_sspa%3Fcrid%3D346W5D56T0W20%26dib%3DeyJ2IjoiMSJ9.Z-9d0pnvZR-Z7QMAuW_9L0tUr-aFbUMQZpyfTIGXZ3M4AkVuu9NM6RMmCOHAmUc9XH-c90UvmyPhXUxAavPQad1euIuwRMnGofSO6R9okppbq0BgN2NDM9Nfk914KPPMjFXZDFuqDxoKABw86pOD_rB2JaickcbU1YxNWs2SS0tTAT15ypcxcp_sUyRazo3Fo0DPe5inAWdUPtwGys3xsWUjjgct7MgrT8P1-khD5_w.Is5_Hq453wfZZ-eCnWBCu8lMwTZEWMwRIr2JITy4YPw%26dib_tag%3Dse%26keywords%3Dgpu%26qid%3D1775433803%26sprefix%3Dgp%252Caps%252C387%26sr%3D8-130-spons%26xpid%3DkRTaaIQ0Ql4iY%26sp_csd%3Dd2lkZ2V0TmFtZT1zcF9hdGZfbmV4dA%26psc%3D1","https://m.media-amazon.com/images/I/71NGV8y5e8L._AC_UY218_.jpg","Sponsored","AsiaHorse ARGB PSU Cables Cover Kit, Aurora Addressable RGB Power Extension Cable Cover Kit for Motherboard and GPU PC Cables, 5V 3Pin ARGB Sync, Fit for 12+4-Pin/8pin/24pin Cables (White)","4.3","(113)","$39.99","","","Overnight","FREE delivery","Overnight 7 AM - 11 AM",""
"More Buying Choices","https://www.amazon.com/PNY-GeForce-Overclocked-Graphics-2-9-Slot/dp/B0DXL7GSYC/ref=sr_1_131?crid=346W5D56T0W20&dib=eyJ2IjoiMSJ9.Z-9d0pnvZR-Z7QMAuW_9L0tUr-aFbUMQZpyfTIGXZ3M4AkVuu9NM6RMmCOHAmUc9XH-c90UvmyPhXUxAavPQad1euIuwRMnGofSO6R9okppbq0BgN2NDM9Nfk914KPPMjFXZDFuqDxoKABw86pOD_rB2JaickcbU1YxNWs2SS0tTAT15ypcxcp_sUyRazo3Fo0DPe5inAWdUPtwGys3xsWUjjgct7MgrT8P1-khD5_w.Is5_Hq453wfZZ-eCnWBCu8lMwTZEWMwRIr2JITy4YPw&dib_tag=se&keywords=gpu&qid=1775433803&sprefix=gp%2Caps%2C387&sr=8-131&xpid=kRTaaIQ0Ql4iY","https://m.media-amazon.com/images/I/61Ib7Av4M+L._AC_UY218_.jpg","","PNY NVIDIA GeForce RTX™ 5070 Ti OC Triple Fan, Graphics Card (16GB GDDR7, 256-bit, Boost Speed: 2572 MHz, PCIe® 5.0, HDMI®/DP 2.1, 2.98-Slot, Blackwell Architecture, DLSS 4)","4.5","(310)","$999.99","","","Two-Day","FREE delivery","Tue, Apr 7",""
"List:","https://www.amazon.com/Apple-MacBook-Laptop-15-core-16-core/dp/B0GR1N1H1W/ref=sr_1_132?crid=346W5D56T0W20&dib=eyJ2IjoiMSJ9.Z-9d0pnvZR-Z7QMAuW_9L0tUr-aFbUMQZpyfTIGXZ3M4AkVuu9NM6RMmCOHAmUc9XH-c90UvmyPhXUxAavPQad1euIuwRMnGofSO6R9okppbq0BgN2NDM9Nfk914KPPMjFXZDFuqDxoKABw86pOD_rB2JaickcbU1YxNWs2SS0tTAT15ypcxcp_sUyRazo3Fo0DPe5inAWdUPtwGys3xsWUjjgct7MgrT8P1-khD5_w.Is5_Hq453wfZZ-eCnWBCu8lMwTZEWMwRIr2JITy4YPw&dib_tag=se&keywords=gpu&qid=1775433803&sprefix=gp%2Caps%2C387&sr=8-132&ufe=app_do%3Aamzn1.fos.5998aa40-ec6f-4947-a68f-cd087fee0848&xpid=kRTaaIQ0Ql4iY","https://m.media-amazon.com/images/I/61OG+8P29NL._AC_UY218_.jpg","","Apple 2026 MacBook Pro Laptop with Apple M5 Pro chip with 15-core CPU and 16-core GPU: Built for AI, 14.2-inch Liquid Retina XDR Display, 24GB Unified Memory, 2TB SSD, Wi-Fi 7; Silver","2.0","(1)","$2,449.99","$2,599.00","$2,599.00","Tomorrow","FREE delivery","Tomorrow, Apr 6",""
"Only 2 left in stock - order soon.","https://www.amazon.com/sspa/click?ie=UTF8&spc=MTo3MjEyMTAwMjczMzYzNDc5OjE3NzU0MzM4MDM6c3BfbXRmOjMwMTIyNjk2ODA3MjcwMjo6MDo6&url=%2FANGGREK-Graphics-1000MHz-Frequency-Supports%2Fdp%2FB0C3QNJ1DR%2Fref%3Dsr_1_133_sspa%3Fcrid%3D346W5D56T0W20%26dib%3DeyJ2IjoiMSJ9.Z-9d0pnvZR-Z7QMAuW_9L0tUr-aFbUMQZpyfTIGXZ3M4AkVuu9NM6RMmCOHAmUc9XH-c90UvmyPhXUxAavPQad1euIuwRMnGofSO6R9okppbq0BgN2NDM9Nfk914KPPMjFXZDFuqDxoKABw86pOD_rB2JaickcbU1YxNWs2SS0tTAT15ypcxcp_sUyRazo3Fo0DPe5inAWdUPtwGys3xsWUjjgct7MgrT8P1-khD5_w.Is5_Hq453wfZZ-eCnWBCu8lMwTZEWMwRIr2JITy4YPw%26dib_tag%3Dse%26keywords%3Dgpu%26qid%3D1775433803%26sprefix%3Dgp%252Caps%252C387%26sr%3D8-133-spons%26xpid%3DkRTaaIQ0Ql4iY%26sp_csd%3Dd2lkZ2V0TmFtZT1zcF9tdGY%26psc%3D1","https://m.media-amazon.com/images/I/31DCIdNE1oL._AC_UY218_.jpg","Sponsored","ANGGREK gpu pc,HD7670 4GB GDDR5 Graphics Card 128bit 1000MHz Core Frequency Supports DirectX 11 PCI Express X16 2.1 Gaming Graphics Card","3.2","(2)","$59.82","","","Two-Day","FREE delivery","Tue, Apr 7",""
"Only 1 left in stock - order soon.","https://www.amazon.com/sspa/click?ie=UTF8&spc=MTo3MjEyMTAwMjczMzYzNDc5OjE3NzU0MzM4MDM6c3BfbXRmOjMwMTIyNzk0MjU3NzEwMjo6MDo6&url=%2FVBESTLIFE-Graphics-589MHz-Desktop-Gaming%2Fdp%2FB0GGBPRFV4%2Fref%3Dsr_1_134_sspa%3Fcrid%3D346W5D56T0W20%26dib%3DeyJ2IjoiMSJ9.Z-9d0pnvZR-Z7QMAuW_9L0tUr-aFbUMQZpyfTIGXZ3M4AkVuu9NM6RMmCOHAmUc9XH-c90UvmyPhXUxAavPQad1euIuwRMnGofSO6R9okppbq0BgN2NDM9Nfk914KPPMjFXZDFuqDxoKABw86pOD_rB2JaickcbU1YxNWs2SS0tTAT15ypcxcp_sUyRazo3Fo0DPe5inAWdUPtwGys3xsWUjjgct7MgrT8P1-khD5_w.Is5_Hq453wfZZ-eCnWBCu8lMwTZEWMwRIr2JITy4YPw%26dib_tag%3Dse%26keywords%3Dgpu%26qid%3D1775433803%26sprefix%3Dgp%252Caps%252C387%26sr%3D8-134-spons%26xpid%3DkRTaaIQ0Ql4iY%26sp_csd%3Dd2lkZ2V0TmFtZT1zcF9tdGY%26psc%3D1","https://m.media-amazon.com/images/I/71Zqcju-jlL._AC_UY218_.jpg","Sponsored","VBESTLIFE GT210 1GB Graphics Card, DDR3 64 Bit GPU, 500/589MHz, PCIE 2.0 16X Desktop PC Gaming Video Card with HDMI, DVI, VGA Ports","","","$29.99","","","Two-Day","FREE delivery","Tue, Apr 7",""
"1K+ bought in past month","https://www.amazon.com/s?k=gpu&page=9&crid=346W5D56T0W20&qid=1775433799&sprefix=gp%2Caps%2C387&xpid=kRTaaIQ0Ql4iY&ref=sr_pg_8#","https://m.media-amazon.com/images/I/51Iu7GnjwCL._AC_UL320_.jpg","","","4.8","(34)","$7.99","$16.99","$9.99","Overnight","FREE delivery  on $25 of qualifying items","Overnight 7 AM - 11 AM","Tue, Apr 7"
"","https://aax-us-east-retail-direct.amazon.com/x/c/JOx04ckfGb7G36QrnxpJBVkAAAGdYBnnngEAAAH2AQBvbm9fdHhuX2JpZDEgICBvbm9fdHhuX2ltcDEgICAfjSUs/clv1c_ek-wwof3bdbWDlX0uJoIngCJ7U2ZUnD5H_kDcR9GTgPiK_AHD5FAbaezE0kqh6Flb_Hrfm-Ruy7FgWumGURbtQn4WeDaoe4PU-z3-P_jlYV90BtmU57eElRQYnj9oleWw4eRj2Saqrj9HFmw9-R1DJHasvVcF1JoFMz-1m-MHMp3CaMVlwmTilU_-0MQF20Xf7F_R8kIWYUWluJz3kJC3ujbupSt5n7yQ9x7JBER4fORs__l2E0-PV-H4_4UY8Mc8yrmBKZol4c0e1HL51avSDQOY5M6ssHchw3ANh5_iDVV5UzARSKCNFdirdT9KMWD8CIl5HjLxbUmV3fdudPOIkA-WTOTslZd28LabLsbwnZ_uGeZD4O-6s4KDF8--FR7PteY32jHSN49hG1Hswqwfj64AKIKSwoaBau9cP1Q7STOxdSsLngetxovoviQxzYxeLycPeLqtFtN8fweMTyjH6lPqpWvEmteOm4DePmSQE0skmkXuEMP8drlG62vyvAYI8VLrQ3JbxOtnsQs-IRwqnHqCyhx2xWyIvkkOM4XPQ2T0ZHz7Ajj7s35y5novtA6WirwgtDOtCUN-mAF6JkPK9iUMNQLlXBmAoNX-HuVQV5o8D28E3UqrX3dWbVhvUF4SAtxizz25bdZaBCBljRUjY10jNfqykVSEHaV9WtoLB5cQzspiUaaMxPwr-0H8hJEF_eprm50MTjXvcNPxGa_NZvy2W1_Ft77SAgzhzx9eJgZq-smuiUPF6PX_QKem1Tugy8QKZd5sEQpLISVMhUOb6ccp4K3Qd44zxOEEOT027d8k2VmishK_5gIZZPd_4B1WnWNCnee2jyHeLhqcq4dGercqrQZzZj1DUs-Rawolbg7pe21oxpk-ZgdN1WjdpWERlYaA4IRCvaR3lPIl1gw29wmVnYg9PnqhgtcEumjYSBnGC6kjNt_FEXHHcFEmoZs2SmVbfgm6LAswjx5NrZAhObtsLq2KKbqqirVahAi374eQ-it9KQLVYas01hv7e0iW3MEhKCkNQ1zDJpeJqrIN0zEJkS0okMJf7VtOr3rvD7B-6FpP7bBFrFdI1X5GA7hxMWY1ZpB5oyo/https://www.amazon.com/stores/page/B916E14A-6EA6-40A0-B386-1C60ECE20F5C/?_encoding=UTF8&pd_rd_plhdr=t&pd_rd_i=B0FBX5HTST&ref_=sbx_be_s_sparkle_ssd_bkg&store_ref=SBV_A024825426U949LTX67Z6-A076059110HY5ZZZO7GSH&lp_asins=B0FBX5HTST&pd_rd_w=d3p9h&content-id=amzn1.sym.a55e4c23-ba6c-4408-a37e-65ef6d7a1c73%3Aamzn1.sym.a55e4c23-ba6c-4408-a37e-65ef6d7a1c73&pf_rd_p=a55e4c23-ba6c-4408-a37e-65ef6d7a1c73&pf_rd_r=4JBZWPY511XASBZH8Z99&pd_rd_wg=ds9Mp&pd_rd_r=f0c21e18-98cc-471c-bd82-5ac21e5ea528","","","","3.7","Shop","","","","","","",""
"","https://aax-us-east-retail-direct.amazon.com/x/c/JA_LVHGOuu0NcMJjSekBJxEAAAGdYBnnmQEAAAH2AQBvbm9fdHhuX2JpZDIgICBvbm9fdHhuX2ltcDEgICCIvBD8/clv1c_ek-wwgHWFcbWDoHOEIvrJ16WPjERPZsatbfmb2Zi_nugRHGBR9z9ZR8FF9lWZJpbpm4XHQ5agv5y4I-Eidk4nC9ZWPKIzuIRePXm_fT_f-8uZygb9yzpEHzoM1kVYiCmMr48Fcl4wU6xUqbiBP4Gu1PdtOH8mgG6eiQoT4TLjE1OoFZABM1nI7oQU03KPRJnEeqB-0YtGhLETiwOJUjEYUMSr5YtKPzUd4rnvxWNAqyko8rsc8tzPC21prI-P1zW5fh3LA7uM1htFr1Nc-_R9MKLw0E9Hr6SaXj1VgNvylbHuTVCBWBp_JCZYRUkGcZdvbdCeAzZGZxC8hcn8wfIukPNlr7JVFyKkTPq59DSC8Dzh6GbC3tB6zZJBqU1Vj1ioAEr84fvY4bg9c6a8BVXP5zbvKsg91oUa5BM9ZkBtc5OuSqjfKsnnIe4Mspwr3gGIX1zOU-foUwRfccwitkwpnQ5iFWhvbT5N-oBAw0O9dLO85Cau-wxIWRG6js_kTQ1fpHxua72Q5woBLLSoBwmuZhkpGyC8kR_rW3WWZNF1hu2lQ6b6UkkEAtt7_W2F1ZEWsYPZQiRHA4G_4zRbmCjZU1ln22lgue6c4Ek2Z8cq4Lo6gINbZLMU4xIdHkzzuxv2FeNa7-mseYtJQqNHTR2cRsr2xLOyg-SrqOY-BJo9hFjSJRRkJ4_qXTY9S4e953d1i2UeLHKzP1-we2kuRhYXnqa-B9dKYt2YnqSC7cV-cYGaaHNtGiAG6wvrTN5sjFFPQXV8uwN9LTj7mrJR7Pj2X3Tvh4lUjNH0zDiUtcTSACGeqNgo8p0SM9yFIpGNIFjlyd4DiWzJqfTZ7mw-7ASVzfwzdv5N-8XlcOgQ7N6FHvtvWg_hAU9SUyAh14HBPbmC96lHfunl5ZOcVdnnRB8GwBbLzlUla3PP4gx82o0k5qX_MopNXsuZtxGzkqn__CkL1X0DBd7D1TPAmr2EG-6iEOj4SbEbinoA4KF4VrlFMW2bR4uxWAjPoz5HYovbf1zCjMaNlC6SUVqk7u3Ulymgo84LJ6Qi3_Jde10052GoNZOwUOkzitzIl92d7nxE-_aLVsBbf9bTXHOVVlhuQ/https://www.amazon.com/stores/page/3AE2EDDA-7CFB-442E-80B2-6AD9D9F36AA3/?_encoding=UTF8&store_ref=SB_A0518627ZQMNUJV450QY-A0563921292RFWOZMAJII&pd_rd_plhdr=t&aaxitk=272a79a595384f5701a71c719329e6ec&hsa_cr_id=0&lp_asins=B0BZC16C8J%2CB0C8CYVVC9%2CB0CLP57WF7&lp_query=gpu&lp_slot=desktop-inline&ref_=sbx__sbtcd2_bkgd&pd_rd_w=m82Xl&content-id=amzn1.sym.8a47ec59-c206-4272-83cb-e2017cc774b4%3Aamzn1.sym.8a47ec59-c206-4272-83cb-e2017cc774b4&pf_rd_p=8a47ec59-c206-4272-83cb-e2017cc774b4&pf_rd_r=4JBZWPY511XASBZH8Z99&pd_rd_wg=ds9Mp&pd_rd_r=f0c21e18-98cc-471c-bd82-5ac21e5ea528","","","","4.4","|","$9.99","$14.99","","Overnight","FREE delivery  on $25 of qualifying items","Overnight 7 AM - 11 AM","Overnight 7 AM - 11 AM"
"100+ bought in past month","https://www.amazon.com/Gigabyte-GV-N1030D4-2GL-GeForce-Computer-Graphics/dp/B07C3DWK1Z/ref=sr_1_135?crid=346W5D56T0W20&dib=eyJ2IjoiMSJ9.Z-9d0pnvZR-Z7QMAuW_9L0tUr-aFbUMQZpyfTIGXZ3M4AkVuu9NM6RMmCOHAmUc9XH-c90UvmyPhXUxAavPQad1euIuwRMnGofSO6R9okppbq0BgN2NDM9Nfk914KPPMjFXZDFuqDxoKABw86pOD_rB2JaickcbU1YxNWs2SS0tTAT15ypcxcp_sUyRazo3Fo0DPe5inAWdUPtwGys3xsWUjjgct7MgrT8P1-khD5_w.Is5_Hq453wfZZ-eCnWBCu8lMwTZEWMwRIr2JITy4YPw&dib_tag=se&keywords=gpu&qid=1775433803&sprefix=gp%2Caps%2C387&sr=8-135&ufe=app_do%3Aamzn1.fos.9fe8cbfa-bf43-43d1-a707-3f4e65a4b666&xpid=kRTaaIQ0Ql4iY","https://m.media-amazon.com/images/I/61Pucsz6d2L._AC_UY218_.jpg","","GIGABYTE GV-N1030D4-2GL NVIDIA GeForce GT 1030 Low Profile D4 2G Graphics Card, Compatible with PC, HDMI, DVI-D","4.5","(1.2K)","$109.99","","$36.67","Overnight","FREE delivery","Overnight 7 AM - 11 AM",""
"50+ bought in past month","https://www.amazon.com/MSI-GT-710-2GD3-LP/dp/B01DOFD0G8/ref=sr_1_136?crid=346W5D56T0W20&dib=eyJ2IjoiMSJ9.Z-9d0pnvZR-Z7QMAuW_9L0tUr-aFbUMQZpyfTIGXZ3M4AkVuu9NM6RMmCOHAmUc9XH-c90UvmyPhXUxAavPQad1euIuwRMnGofSO6R9okppbq0BgN2NDM9Nfk914KPPMjFXZDFuqDxoKABw86pOD_rB2JaickcbU1YxNWs2SS0tTAT15ypcxcp_sUyRazo3Fo0DPe5inAWdUPtwGys3xsWUjjgct7MgrT8P1-khD5_w.Is5_Hq453wfZZ-eCnWBCu8lMwTZEWMwRIr2JITy4YPw&dib_tag=se&keywords=gpu&qid=1775433803&sprefix=gp%2Caps%2C387&sr=8-136&ufe=app_do%3Aamzn1.fos.9fe8cbfa-bf43-43d1-a707-3f4e65a4b666&xpid=kRTaaIQ0Ql4iY","https://m.media-amazon.com/images/I/61Mjejt6TCL._AC_UY218_.jpg","","msi Gaming GeForce GT 710 2GB GDRR3 64-bit HDCP Support DirectX 12 OpenGL 4.5 Single Fan Low Profile,NVIDIA,","4.3","(4.8K)","$70.63","$74.99","$74.99","Overnight","FREE delivery","Overnight 7 AM - 11 AM",""
"Only 20 left in stock - order soon.","https://www.amazon.com/sspa/click?ie=UTF8&spc=MTo3MjEyMTAwMjczMzYzNDc5OjE3NzU0MzM4MDM6c3BfbXRmOjMwMTIxMDM0OTUwNTQwMjo6MDo6&url=%2FQTHREE-Graphics-DisplayPort-Computer-Express%2Fdp%2FB0FF1W8DZC%2Fref%3Dsr_1_137_sspa%3Fcrid%3D346W5D56T0W20%26dib%3DeyJ2IjoiMSJ9.Z-9d0pnvZR-Z7QMAuW_9L0tUr-aFbUMQZpyfTIGXZ3M4AkVuu9NM6RMmCOHAmUc9XH-c90UvmyPhXUxAavPQad1euIuwRMnGofSO6R9okppbq0BgN2NDM9Nfk914KPPMjFXZDFuqDxoKABw86pOD_rB2JaickcbU1YxNWs2SS0tTAT15ypcxcp_sUyRazo3Fo0DPe5inAWdUPtwGys3xsWUjjgct7MgrT8P1-khD5_w.Is5_Hq453wfZZ-eCnWBCu8lMwTZEWMwRIr2JITy4YPw%26dib_tag%3Dse%26keywords%3Dgpu%26qid%3D1775433803%26sprefix%3Dgp%252Caps%252C387%26sr%3D8-137-spons%26xpid%3DkRTaaIQ0Ql4iY%26sp_csd%3Dd2lkZ2V0TmFtZT1zcF9tdGY%26psc%3D1","https://m.media-amazon.com/images/I/61BP4WCQMJL._AC_UY218_.jpg","Sponsored","QTHREE Radeon RX 560 Graphics Card,4GB GDDR5 128 Bits,Video Card for PC Gaming with DVI,HDMI,DisplayPort,Computer GPU,PCI Express 3.0 x8,DirectX 12","4.0","(1)","$115.99","","","Overnight","FREE delivery","Overnight 7 AM - 11 AM",""
"Only 3 left in stock - order soon.","https://www.amazon.com/sspa/click?ie=UTF8&spc=MTo3MjEyMTAwMjczMzYzNDc5OjE3NzU0MzM4MDM6c3BfbXRmOjMwMTIxMDU1OTQxMDgwMjo6MDo6&url=%2FVBESTLIFE-Graphics-7000MHz-Desktop-Computer%2Fdp%2FB0G64TP5N5%2Fref%3Dsr_1_138_sspa%3Fcrid%3D346W5D56T0W20%26dib%3DeyJ2IjoiMSJ9.Z-9d0pnvZR-Z7QMAuW_9L0tUr-aFbUMQZpyfTIGXZ3M4AkVuu9NM6RMmCOHAmUc9XH-c90UvmyPhXUxAavPQad1euIuwRMnGofSO6R9okppbq0BgN2NDM9Nfk914KPPMjFXZDFuqDxoKABw86pOD_rB2JaickcbU1YxNWs2SS0tTAT15ypcxcp_sUyRazo3Fo0DPe5inAWdUPtwGys3xsWUjjgct7MgrT8P1-khD5_w.Is5_Hq453wfZZ-eCnWBCu8lMwTZEWMwRIr2JITy4YPw%26dib_tag%3Dse%26keywords%3Dgpu%26qid%3D1775433803%26sprefix%3Dgp%252Caps%252C387%26sr%3D8-138-spons%26xpid%3DkRTaaIQ0Ql4iY%26sp_csd%3Dd2lkZ2V0TmFtZT1zcF9tdGY%26psc%3D1","https://m.media-amazon.com/images/I/41I3P3BnIiL._AC_UY218_.jpg","Sponsored","VBESTLIFE RX470 8GB Graphics Card, GDDR5 256Bit GPU, 1226/7000MHz PCIE 3.0 X16 Gaming Video Card, Desktop Computer Graphics Card Support for DirectX 12","","","$140.99","","","Two-Day","FREE delivery","Tue, Apr 7",""
"Top Brand","https://www.amazon.com/ASUS-ROG-MATRIX-RTX5090-P32G-30TH-GAMING-32GB/dp/B0GGBTXQR2/ref=sr_1_139?crid=346W5D56T0W20&dib=eyJ2IjoiMSJ9.Z-9d0pnvZR-Z7QMAuW_9L0tUr-aFbUMQZpyfTIGXZ3M4AkVuu9NM6RMmCOHAmUc9XH-c90UvmyPhXUxAavPQad1euIuwRMnGofSO6R9okppbq0BgN2NDM9Nfk914KPPMjFXZDFuqDxoKABw86pOD_rB2JaickcbU1YxNWs2SS0tTAT15ypcxcp_sUyRazo3Fo0DPe5inAWdUPtwGys3xsWUjjgct7MgrT8P1-khD5_w.Is5_Hq453wfZZ-eCnWBCu8lMwTZEWMwRIr2JITy4YPw&dib_tag=se&keywords=gpu&qid=1775433803&sprefix=gp%2Caps%2C387&sr=8-139&xpid=kRTaaIQ0Ql4iY","https://m.media-amazon.com/images/I/71Q3hVfcE2L._AC_UY218_.jpg","","ASUS ROG-MATRIX-RTX5090-P32G-30TH-GAMING 32GB","Notable Arrival","","$8,994.97","","","","FREE delivery","Notable Arrivals","Mon, Apr 13"
"Only 3 left in stock - order soon.","https://www.amazon.com/msi-RTX-5070-16G-MLG/dp/B0FP7H2FFY/ref=sr_1_140?crid=346W5D56T0W20&dib=eyJ2IjoiMSJ9.Z-9d0pnvZR-Z7QMAuW_9L0tUr-aFbUMQZpyfTIGXZ3M4AkVuu9NM6RMmCOHAmUc9XH-c90UvmyPhXUxAavPQad1euIuwRMnGofSO6R9okppbq0BgN2NDM9Nfk914KPPMjFXZDFuqDxoKABw86pOD_rB2JaickcbU1YxNWs2SS0tTAT15ypcxcp_sUyRazo3Fo0DPe5inAWdUPtwGys3xsWUjjgct7MgrT8P1-khD5_w.Is5_Hq453wfZZ-eCnWBCu8lMwTZEWMwRIr2JITy4YPw&dib_tag=se&keywords=gpu&qid=1775433803&sprefix=gp%2Caps%2C387&sr=8-140&xpid=kRTaaIQ0Ql4iY","https://m.media-amazon.com/images/I/71oPUvaiKhL._AC_UY218_.jpg","","msi Gaming RTX 5070 Ti 16G MLG Edition OC Graphics Card (16GB GDDR7, 256-bit, Extreme Clock 2580 MHz, DisplayPort x 3 2.1a, HDMI 2.1b, NVIDIA Blackwell Architecture)","4.8","(61)","$1,245.27","","","","$79.62 delivery","Apr 7 - 8","Tue, Apr 7"
"Only 3 left in stock - order soon.","https://www.amazon.com/ASUS-Graphics-DisplayPort-Axial-tech-Technology/dp/B0C7FNSHMQ/ref=sr_1_141?crid=346W5D56T0W20&dib=eyJ2IjoiMSJ9.Z-9d0pnvZR-Z7QMAuW_9L0tUr-aFbUMQZpyfTIGXZ3M4AkVuu9NM6RMmCOHAmUc9XH-c90UvmyPhXUxAavPQad1euIuwRMnGofSO6R9okppbq0BgN2NDM9Nfk914KPPMjFXZDFuqDxoKABw86pOD_rB2JaickcbU1YxNWs2SS0tTAT15ypcxcp_sUyRazo3Fo0DPe5inAWdUPtwGys3xsWUjjgct7MgrT8P1-khD5_w.Is5_Hq453wfZZ-eCnWBCu8lMwTZEWMwRIr2JITy4YPw&dib_tag=se&keywords=gpu&qid=1775433803&sprefix=gp%2Caps%2C387&sr=8-141&xpid=kRTaaIQ0Ql4iY","https://m.media-amazon.com/images/I/8196MD83TwL._AC_UY218_.jpg","","ASUS ROG Strix GeForce RTX™ 4060 OC Edition Gaming Graphics Card (PCIe 4.0, 8GB GDDR6, DLSS 3, HDMI 2.1a, DisplayPort 1.4a, Axial-tech Fan Design, Aura Sync, 0dB Technology)","4.7","(344)","$589.99","","","","FREE delivery","Tue, Apr 14","Tue, Apr 7"
"No featured offers available","https://www.amazon.com/ZOTAC-GeForce-Graphics-IceStorm-ZT-A30600H-10M/dp/B08W8DGK3X/ref=sr_1_142?crid=346W5D56T0W20&dib=eyJ2IjoiMSJ9.Z-9d0pnvZR-Z7QMAuW_9L0tUr-aFbUMQZpyfTIGXZ3M4AkVuu9NM6RMmCOHAmUc9XH-c90UvmyPhXUxAavPQad1euIuwRMnGofSO6R9okppbq0BgN2NDM9Nfk914KPPMjFXZDFuqDxoKABw86pOD_rB2JaickcbU1YxNWs2SS0tTAT15ypcxcp_sUyRazo3Fo0DPe5inAWdUPtwGys3xsWUjjgct7MgrT8P1-khD5_w.Is5_Hq453wfZZ-eCnWBCu8lMwTZEWMwRIr2JITy4YPw&dib_tag=se&keywords=gpu&qid=1775433803&sprefix=gp%2Caps%2C387&sr=8-142&xpid=kRTaaIQ0Ql4iY","https://m.media-amazon.com/images/I/7156DLyUsYL._AC_UY218_.jpg","","ZOTAC Gaming GeForce RTX 3060 Twin Edge OC 12GB GDDR6 192-bit 15 Gbps PCIE 4.0 Gaming Graphics Card, IceStorm 2.0 Cooling, Active Fan Control, Freeze Fan Stop ZT-A30600H-10M","4.7","(4.6K)","","","","","","",""
"Only 2 left in stock - order soon.","https://www.amazon.com/EVGA-GeForce-Technology-Backplate-24G-P5-3987-KR/dp/B08J5F3G18/ref=sr_1_143?crid=346W5D56T0W20&dib=eyJ2IjoiMSJ9.Z-9d0pnvZR-Z7QMAuW_9L0tUr-aFbUMQZpyfTIGXZ3M4AkVuu9NM6RMmCOHAmUc9XH-c90UvmyPhXUxAavPQad1euIuwRMnGofSO6R9okppbq0BgN2NDM9Nfk914KPPMjFXZDFuqDxoKABw86pOD_rB2JaickcbU1YxNWs2SS0tTAT15ypcxcp_sUyRazo3Fo0DPe5inAWdUPtwGys3xsWUjjgct7MgrT8P1-khD5_w.Is5_Hq453wfZZ-eCnWBCu8lMwTZEWMwRIr2JITy4YPw&dib_tag=se&keywords=gpu&qid=1775433803&sprefix=gp%2Caps%2C387&sr=8-143&xpid=kRTaaIQ0Ql4iY","https://m.media-amazon.com/images/I/81QuOSSvYAS._AC_UY218_.jpg","","EVGA GeForce RTX 3090 FTW3 Ultra Gaming, 24GB GDDR6X, iCX3 Technology, ARGB LED, Metal Backplate, 24G-P5-3987-KR","4.5","(989)","$1,865.00","","","","FREE delivery","Mon, Apr 13","Tue, Apr 7"
"50+ bought in past month","https://www.amazon.com/AISURIX-Graphics-2304SP-Gaming-Express/dp/B0FJ1M9Z62/ref=sr_1_144?crid=346W5D56T0W20&dib=eyJ2IjoiMSJ9.Z-9d0pnvZR-Z7QMAuW_9L0tUr-aFbUMQZpyfTIGXZ3M4AkVuu9NM6RMmCOHAmUc9XH-c90UvmyPhXUxAavPQad1euIuwRMnGofSO6R9okppbq0BgN2NDM9Nfk914KPPMjFXZDFuqDxoKABw86pOD_rB2JaickcbU1YxNWs2SS0tTAT15ypcxcp_sUyRazo3Fo0DPe5inAWdUPtwGys3xsWUjjgct7MgrT8P1-khD5_w.Is5_Hq453wfZZ-eCnWBCu8lMwTZEWMwRIr2JITy4YPw&dib_tag=se&keywords=gpu&qid=1775433803&sprefix=gp%2Caps%2C387&sr=8-144&xpid=kRTaaIQ0Ql4iY","https://m.media-amazon.com/images/I/71tEolmKLJL._AC_UY218_.jpg","","RX 590 Graphics Card, Real 8GB, GDDR5, 256 Bit, RX 580 2304SP Pc Gaming Video Card, 2XDP, HDMI, PCI Express 3.0 with Freeze Fans Graphics Card for Gaming pc","4.4","(14)","$139.99","","","Overnight","FREE delivery","Overnight 7 AM - 11 AM",""
"List:","https://www.amazon.com/NVIDIA-GeForce-GDDR7-Graphics-Graphite/dp/B0F7XHBT13/ref=sr_1_145?crid=346W5D56T0W20&dib=eyJ2IjoiMSJ9.Z-9d0pnvZR-Z7QMAuW_9L0tUr-aFbUMQZpyfTIGXZ3M4AkVuu9NM6RMmCOHAmUc9XH-c90UvmyPhXUxAavPQad1euIuwRMnGofSO6R9okppbq0BgN2NDM9Nfk914KPPMjFXZDFuqDxoKABw86pOD_rB2JaickcbU1YxNWs2SS0tTAT15ypcxcp_sUyRazo3Fo0DPe5inAWdUPtwGys3xsWUjjgct7MgrT8P1-khD5_w.Is5_Hq453wfZZ-eCnWBCu8lMwTZEWMwRIr2JITy4YPw&dib_tag=se&keywords=gpu&qid=1775433803&sprefix=gp%2Caps%2C387&sr=8-145&xpid=kRTaaIQ0Ql4iY","https://m.media-amazon.com/images/I/71CXXxhCzdL._AC_UY218_.jpg","","NVIDIA - GeForce RTX 5070 12GB GDDR7 Graphics Card - Graphite Grey","4.3","(22)","$749.99","$799.00","$799.00","","FREE delivery","Tue, Apr 7",""
"Typical:","https://www.amazon.com/PNY-NVIDIA-Quadro-RTX-4000/dp/B07P6CDHS5/ref=sr_1_146?crid=346W5D56T0W20&dib=eyJ2IjoiMSJ9.Z-9d0pnvZR-Z7QMAuW_9L0tUr-aFbUMQZpyfTIGXZ3M4AkVuu9NM6RMmCOHAmUc9XH-c90UvmyPhXUxAavPQad1euIuwRMnGofSO6R9okppbq0BgN2NDM9Nfk914KPPMjFXZDFuqDxoKABw86pOD_rB2JaickcbU1YxNWs2SS0tTAT15ypcxcp_sUyRazo3Fo0DPe5inAWdUPtwGys3xsWUjjgct7MgrT8P1-khD5_w.Is5_Hq453wfZZ-eCnWBCu8lMwTZEWMwRIr2JITy4YPw&dib_tag=se&keywords=gpu&qid=1775433803&sprefix=gp%2Caps%2C387&sr=8-146&xpid=kRTaaIQ0Ql4iY","https://m.media-amazon.com/images/I/71HSDRlKNHS._AC_UY218_.jpg","","PNY NVIDIA Quadro RTX 4000 - The World’S First Ray Tracing GPU","4.2","(212)","$290.00","$314.96","$314.96","","FREE delivery","Apr 7 - 8",""
"Or","https://www.amazon.com/ASUS-GeForce-GDDR5-Graphics-GT1030-2G-CSM/dp/B0716ZH99K/ref=sr_1_147?crid=346W5D56T0W20&dib=eyJ2IjoiMSJ9.Z-9d0pnvZR-Z7QMAuW_9L0tUr-aFbUMQZpyfTIGXZ3M4AkVuu9NM6RMmCOHAmUc9XH-c90UvmyPhXUxAavPQad1euIuwRMnGofSO6R9okppbq0BgN2NDM9Nfk914KPPMjFXZDFuqDxoKABw86pOD_rB2JaickcbU1YxNWs2SS0tTAT15ypcxcp_sUyRazo3Fo0DPe5inAWdUPtwGys3xsWUjjgct7MgrT8P1-khD5_w.Is5_Hq453wfZZ-eCnWBCu8lMwTZEWMwRIr2JITy4YPw&dib_tag=se&keywords=gpu&qid=1775433803&sprefix=gp%2Caps%2C387&sr=8-147&ufe=app_do%3Aamzn1.fos.9fe8cbfa-bf43-43d1-a707-3f4e65a4b666&xpid=kRTaaIQ0Ql4iY","https://m.media-amazon.com/images/I/71Umb92-C2L._AC_UY218_.jpg","","ASUS GeForce GT 1030 2GB GDDR5 HDMI DVI Graphics Card (GT1030-2G-CSM)","4.6","(829)","$127.26","","$42.42","Overnight","FREE delivery","Overnight 7 AM - 11 AM",""
"New Price:","https://www.amazon.com/MSI-3090-Architecture-3X-24G/dp/B094PSPVPC/ref=sr_1_148?crid=346W5D56T0W20&dib=eyJ2IjoiMSJ9.Z-9d0pnvZR-Z7QMAuW_9L0tUr-aFbUMQZpyfTIGXZ3M4AkVuu9NM6RMmCOHAmUc9XH-c90UvmyPhXUxAavPQad1euIuwRMnGofSO6R9okppbq0BgN2NDM9Nfk914KPPMjFXZDFuqDxoKABw86pOD_rB2JaickcbU1YxNWs2SS0tTAT15ypcxcp_sUyRazo3Fo0DPe5inAWdUPtwGys3xsWUjjgct7MgrT8P1-khD5_w.Is5_Hq453wfZZ-eCnWBCu8lMwTZEWMwRIr2JITy4YPw&dib_tag=se&keywords=gpu&qid=1775433803&sprefix=gp%2Caps%2C387&sr=8-148&xpid=kRTaaIQ0Ql4iY","https://m.media-amazon.com/images/I/61MYs1QhuRL._AC_UY218_.jpg","","MSI Gaming GeForce RTX 3090 24GB GDRR6X 384-Bit HDMI/DP Nvlink Torx Fan 3 Ampere Architecture OC Graphics Card (RTX 3090 VENTUS 3X 24G OC) (Renewed)","4.3","(13)","$1,449.99","$1,879.00","$1,879.00","Two-Day","FREE delivery","Tue, Apr 7",""
"1K+ bought in past month","https://www.amazon.com/Support-Bracket-Graphics-Non-Slip-74-120mm/dp/B0DPPYB2QF/ref=sr_1_149?crid=346W5D56T0W20&dib=eyJ2IjoiMSJ9.Z-9d0pnvZR-Z7QMAuW_9L0tUr-aFbUMQZpyfTIGXZ3M4AkVuu9NM6RMmCOHAmUc9XH-c90UvmyPhXUxAavPQad1euIuwRMnGofSO6R9okppbq0BgN2NDM9Nfk914KPPMjFXZDFuqDxoKABw86pOD_rB2JaickcbU1YxNWs2SS0tTAT15ypcxcp_sUyRazo3Fo0DPe5inAWdUPtwGys3xsWUjjgct7MgrT8P1-khD5_w.Is5_Hq453wfZZ-eCnWBCu8lMwTZEWMwRIr2JITy4YPw&dib_tag=se&keywords=gpu&qid=1775433803&sprefix=gp%2Caps%2C387&sr=8-149&xpid=kRTaaIQ0Ql4iY","https://m.media-amazon.com/images/I/51bExEyhZmL._AC_UY218_.jpg","","GPU Support Bracket, Gpu Anti Sag Bracket, Graphics Card GPU Brace Support, Video Card Sag Holder Bracket, GPU Stand with Magnet & Non-Slip Sheet, L(74-120mm)","4.6","(493)","$4.99","","","Tomorrow","FREE delivery","Tomorrow, Apr 6",""
"50+ bought in past month","https://www.amazon.com/51RISC-RX-550-Low-Profile/dp/B0BNDNDZS6/ref=sr_1_150?crid=346W5D56T0W20&dib=eyJ2IjoiMSJ9.Z-9d0pnvZR-Z7QMAuW_9L0tUr-aFbUMQZpyfTIGXZ3M4AkVuu9NM6RMmCOHAmUc9XH-c90UvmyPhXUxAavPQad1euIuwRMnGofSO6R9okppbq0BgN2NDM9Nfk914KPPMjFXZDFuqDxoKABw86pOD_rB2JaickcbU1YxNWs2SS0tTAT15ypcxcp_sUyRazo3Fo0DPe5inAWdUPtwGys3xsWUjjgct7MgrT8P1-khD5_w.Is5_Hq453wfZZ-eCnWBCu8lMwTZEWMwRIr2JITy4YPw&dib_tag=se&keywords=gpu&qid=1775433803&sprefix=gp%2Caps%2C387&sr=8-150&xpid=kRTaaIQ0Ql4iY","https://m.media-amazon.com/images/I/61SYZ79WDjL._AC_UY218_.jpg","","Radeon RX 550 LP Graphics Card, Low Profile 4GB GDDR5 Small Form Factor Video Card for Gaming 4K Display Desktop/Mini PC SFF Video Card (RX 550 4GB Low Profile)","4.2","(61)","$115.99","","","Overnight","FREE delivery","Overnight 7 AM - 11 AM",""
"200+ bought in past month","https://aax-us-east-retail-direct.amazon.com/x/c/JLSjqv1wasWzxncF7bO2X2UAAAGdYBnnoQEAAAH2AQBvbm9fdHhuX2JpZDUgICBvbm9fdHhuX2ltcDEgICDU38s4/clv1c_ek-wwoHXFcbWDYHOHovrJ16WHlXzGjt10dYe6kEil_OIaErvsQ_zXvoWgQGl4B54yw4BINYKsgmCetDJcOyqLuq_cbr_1yFGoyD17C7X4sxUku3aflZ7b9sYQ_l-nHjVBzOYk6X-4fGCPF2sJ4y6T9-_gFycmlcKjoCAZ_daTWBc3FcNdrgzlSstLcJKF9UuBNLu2WOrT1ZoAnR9UqOj4k57pAM9SnjPBssXxJWbtgrN8GJ5r8ZOrL2BcvMFS9mcIadkbsJCKUGXkmeou-oBSAQS5KePby3HhQYoexEdAZrmYmgbPiWYL-U3nuKpf64wqrBEjpwlEwua7PjxScieubPSKz7o9QAq2e3J4wBnMZT1pR6z6EuuH-LJ3d4cw1_yqNZ5c7gZw52kQXi9Jv7s4L6JlKzALiDVSOblgLLfclch8u_CPTtusTzYSny0DScC0IUN7UfDPgcb7LLXg1QaahzXaqVRnlHQzxpCYcgduwMKvmDZi7sbFBooTJ39Dw0z2-hCYkB1NBxAVG9XwwXNrXSXpekWoFy-HlsHvubxMWjk_k3XczUINUXSbwkr53ryS8egvK49iooQA_62ErHMkd72qG3jFZ1OnZ0fj4LTRb0v1zr_4UIfAV7jA--HgJOyOROzYZZNUcoMrXBkrWPabLN8fUzWQrJhkDCIzSRmAdKNLr0j5nxeB5H15hN03W4RRYIZXYFmMWmOcvAutMvAS3BKJu6V_JyoJBVgR3M-UjdZ0p4EspFaE5rKKvt806R985D8Z_wTmYM5erOL3O7NQ079FE8z6AjHa7ygXNexjs1X0yAZGhVxCVVaRbAyRI_BlFLAhU-wfFCnBdl1kUDxz2H_8xlpqyDXySYeyW0CSv1NOts3LWfiM5Ld3VM9g5pePFsY62Tt6iyEfht4egyYMh1-uwYNRQbNELJoS9Baep-_xkm4PkRbjvjpAtlcMaC0jvPFak7BHxKyuGN4KYwHv6xXmw3zLK0mYdbyRpVlG9GnttxT_BMFUkduvgRlGU5KCXag1wy8yxPqKueOMldeu3RfsNn4fBgSjJnqt0kBHITHbRHAAWG50Key/https://www.amazon.com/dp/B0F4M5DZK9?pd_rd_i=B0F4M5DZK9&pf_rd_p=2c8e5d59-6279-4999-832d-be45d1ca8e79&pf_rd_r=4JBZWPY511XASBZH8Z99&pd_rd_wg=eEtu4&pd_rd_w=YcMyd&pd_rd_r=f8f9c819-d66e-4de6-b1c5-e7ea43584ef9","https://m.media-amazon.com/images/I/61N0I1UIyJL._AC_UL640_QL65_.jpg","","Thermal Paste for Computer CPU GPU Laptop 12.8W/mk Made in USA 4 Gram High Thermal Conductivity - Non Corrosive/Non-Conductive All Processor","4.7","Sponsored","$5.49","","","Overnight","FREE delivery  on $25 of qualifying items","Overnight 7 AM - 11 AM",""
"cpu","https://www.amazon.com/s?k=cpu&ref=rsl_sug_0_0&pd_rd_w=idmhS&content-id=amzn1.sym.3be64970-3b95-4a6d-a45d-78077a3ff871:amzn1.sym.3be64970-3b95-4a6d-a45d-78077a3ff871&pf_rd_p=3be64970-3b95-4a6d-a45d-78077a3ff871&pf_rd_r=4JBZWPY511XASBZH8Z99&pd_rd_wg=eEtu4&pd_rd_r=f8f9c819-d66e-4de6-b1c5-e7ea43584ef9&qid=1775433803","","","","","","","","","","","",""
"","","","","","","","","","","","","",""
"","https://aax-us-east-retail-direct.amazon.com/x/c/JGwuOFJGcdLwbAOvKlaQHJcAAAGdYBno2QEAAAH2AQBvbm9fdHhuX2JpZDcgICBvbm9fdHhuX2ltcDIgICA8QENI/clv1c_ek-wwgXWbcbaTRXY9wXrke8ASstXLfdA6vyZM0kL6-l9EJLcqpP89Wgk_tEpOIbpQ80HwyMVbPZq9LiE28mrXf8rKv3HOzPJh42C29qyPdq0TeTnxl_BTWn8hu1cHnTHYVAT_hPcPjVD8kv2yAVDO9HSmH18lz7yMpUxvfbYbcfucn12hZNBfoWGNxEO7ZKDl-ee0mFB6x367UrQ_sLM5vE2_Qs9Q7hXIQ_XTWdJorUUyklH1LGwXywOipTIC0wT033MiRkf4P3FFrxKesO8OxbGU8hzgpMKtvSNbiDckNN0ghRRWTKYGGxtyOOEIk0uPp1VLz2gUPGKpbFZLQxgvavoWkQ9nGNhkVq71Pc7COurwhJEx6WW1eqbNVaDaSbwdsR8Pjo93HjPOZif669dVmWQnuNVM4XYmEukQd-Dzzwx-771HMGXS2oYiRkUs5oKKoNOLOy6EPKyNjcIlL1-ylTWBYNSAL0VJ98w2nEc-GeF-CLfniifL9hP-wxIYxG9iD_xVhWexXUMdfzwpdQS4ymHa3_iYY-ufqxH1CxAS3rkkEIfGitGi3Az708IWSMfSBuugKDMeR7ROgMTzmalQSV0pa4AcSdNodaBhx7rXe9W2xTNip8fXA3ntt5dX1rLP07EiBpNYZMaD9oczFlJxV10vZHzaN7ggUvfIS-Lw0u2OQqVfLWxt-w6spTgUpYdTFRgzS6kT7AaoBUxacmTk0-PJ3wyHZKnRqsx8OYVUyRguNpmkXYXZFAvcUSftVIsxbpFE1sJCUsXxbKKqC-uouF8sfkzNBGuhDvjCLWT3G_8TYrj4g1zzHEKHM-AHwRtLvZ1qV6TCIJLMvxcUulEFV3iW6KPg5lkoISWWI2-QlUVeHpUVVoxDlUzq4ZQOPz9bS4I1rWCXvIEtRLGrSOMGcH522E1x4HLUSd1Yz4wrsYv_7jqExnI2Rst6ZbWc_A315FtOokyL0WPUxqazCX9eC7XfoWYncBSNxs4pNgCP0oAj_eyWu61GFqJSGHtfFuHvJdqDheNbZlg6iekdT5ys40IIj0-2quCnfV9IDYQio89_ky1Tjc/https://www.amazon.com/stores/page/C5C2F7A1-A824-464D-9A57-796C998E6970/?_encoding=UTF8&store_ref=SB_A0915500OT8JCNAZFSO0-A0872516ZHWAQQQAVDXZ&pd_rd_plhdr=t&aaxitk=8a30c99615ce599d539c88559d41ea58&hsa_cr_id=0&lp_asins=B01MSSJ32J&lp_query=gpu&lp_slot=desktop-hsa-3psl&ref_=sbx_be_s_3psl_mbd_mb0_bkgd&pd_rd_w=S6s9K&content-id=amzn1.sym.7d5eb573-01e8-49db-b262-65baa247c724%3Aamzn1.sym.7d5eb573-01e8-49db-b262-65baa247c724&pf_rd_p=7d5eb573-01e8-49db-b262-65baa247c724&pf_rd_r=4JBZWPY511XASBZH8Z99&pd_rd_wg=Qwdk7&pd_rd_r=e956db82-babb-4661-bda2-93db17250974","","","","","","","","","","","",""
"","https://aax-us-east-retail-direct.amazon.com/x/c/JIOogi_aOtZbV59Ag-d2Y44AAAGdYBn2sgEAAAH2AQBvbm9fdHhuX2JpZDUgICBvbm9fdHhuX2ltcDEgICCmfKno/clv1c_ek-wwgHWLdTaDdVAul8TgMCVbgx7K6YTsBhdjvA3VVw5fkMJ4Pyvdq0qUKpnFpItiq0c1lt3DwNIaa8O2QOTB4iijkXZXyjcARbYQdxT_PiAsKFGIaf0PVypQrGFrFSvg5CY2tM3OCA35USBrMZvw8AboxjclN7gvt_o-QOC9CxGS0MXq91vnHGaBjkCZfv_kW8B5PbNExsTx-Cks8kJZk9efNYhWtOuxWIDp1b19f_CnDePF3W_hOS120ghWGln_nRPuV-Sfrqfb5dMtuXILnYJbuB0mkYLCXWFNHwppGayL5MUuqK8SFssT_02nD4nzagNkA9t_Rd9pyrlfTqBzBeJgetmYs3APVL5U5Rc2n8Nsn7wHQ5xfuL8k-_hmauFDLjaQ-PCOZ4d5Na3DViaFvg0rVyCgBU77z1r0fUcl1P8oqrBSePVwMIJ270kxEVAEuwnkmLpalAM_rpNg8hcnUBIQFIGEDs7FabBQGHX_nLnh5YVJvbzGT15wgGs22NCH7EhVVvOEhJwopjEpNeHKpz4DiMqTeak27u-k0ES4YiPzWvC3p0yL_tV8F6bMrkJh4BBHHIwpygIq_j59pedEdAFMfLoHMZpBNDdk4lqYpoIQyVDiturccV27oe7VTMgCcKPsErG5ns48cDdjrn7bRqSRD-WNn3SZLubI713gqZLHv-TmujxDSNvoAmo_s4kwdiAAMXhcVuFwP4XbN-6cdAc9OrU2OgeiHTjftX20foh_0cIiw78jaJkMxd31Rlv2bhjMtmcq4cmHAqUQf5J4XRkZdSk82p9pQBaNihZmycqhOdHDjqf3IApcDJ0DfCRD4RjHeKmjTHnaWuK9QZ6t-eovNZOe191dgpl-ANtGrlHWbKfNOrZsP8r9JwwWAoVJg80TvF2pEskZt6N7_olgSRbiu4gucT8RA9KZpbmeBq9NiMiKCc0kXZ94CgC3nMOKI_z8ZrFCFx1Q6dr1shWlbs0Q7b2cY2M2WFGalP9ZuZvcI-LO1Y99ieNMZGGshu8HigY8OfDhZ-i8zW9FsO2pS7drPbfYfEYsf-KhpZv2Un4weKI/https://www.amazon.com/stores/page/B60ED8F6-5084-4059-A24F-16A102600FA1/?_encoding=UTF8&store_ref=SB_A0247514EVWOO9UH0O2U-A03296811CSHCSN2QPJP&pd_rd_plhdr=t&aaxitk=433ee6cd43b9ee6bb67723df1b223791&hsa_cr_id=0&lp_asins=B0FQ5CR4F7%2CB0FCMF217J%2CB0FCFM4PDV&lp_query=gpu&lp_slot=auto-sparkle-hsa-tetris&ref_=sbx_s_sparkle_sbtcd_bkgd&pd_rd_w=xddq4&content-id=amzn1.sym.cc961e39-6f5f-411e-8135-81c6c1187ac0%3Aamzn1.sym.cc961e39-6f5f-411e-8135-81c6c1187ac0&pf_rd_p=cc961e39-6f5f-411e-8135-81c6c1187ac0&pf_rd_r=ZG5ECX58TD03J6VD4BYG&pd_rd_wg=2ffjC&pd_rd_r=8dbb76aa-f429-4154-a963-c626830b083d","","","","Typical:","|","$8.49","$8.99","","","","",""
"List:","https://www.amazon.com/sspa/click?ie=UTF8&spc=MTo1NDU0Mzc0OTU3MTE5ODk6MTc3NTQzMzgwNzpzcF9hdGZfbmV4dDozMDExNTM4OTY4ODE4MDI6OjA6Og&url=%2FKabelDirekt-DisplayPort-Graphics-FreeSync-Resolution%2Fdp%2FB0CYQBM4KG%2Fref%3Dsr_1_145_sspa%3Fcrid%3D346W5D56T0W20%26dib%3DeyJ2IjoiMSJ9.-ka446pq8iAOY1vusVRkSRexwTh9LgFHxB2ARa53B34nDkPSnOU83mZUvaM2j3Yn_L4FzhX48Jk3lBh1hlcZxF9UQGYzg2yYxGWSpsO_wCkALk2zgoTlCD5rSeZTE1Xu7_wSUgP2jvUa0bvPrhBlE-tqeGbRljVT9CON9RuL2djO2J20O62lnPv9ghW7JKQ5yY2zyh1OlyKJrFJCHRFYfRKf6T5oA67ypKSLM2laCRc.pvLP4xWCswbf9PBWEsNp8rGw9dMs-ig-acF6s63IEPA%26dib_tag%3Dse%26keywords%3Dgpu%26qid%3D1775433807%26sprefix%3Dgp%252Caps%252C387%26sr%3D8-145-spons%26xpid%3DkRTaaIQ0Ql4iY%26sp_csd%3Dd2lkZ2V0TmFtZT1zcF9hdGZfbmV4dA%26psc%3D1","https://m.media-amazon.com/images/I/71q-KVAJ2eL._AC_UY218_.jpg","Sponsored","KabelDirekt – DisplayPort 2.1 Cable/16K DP 2.1 Cable – 10ft – UHBR, DP80 with 80GBPS for Gaming PC/Monitor with FreeSync/G-Sync, Extremely high Performance: 16K@60Hz, 8K@120Hz, 4K@240Hz, Locking","4.5","(260)","$13.99","$17.99","$17.99","Overnight","FREE delivery  on $25 of qualifying items","Overnight 7 AM - 11 AM",""
"300+ bought in past month","https://www.amazon.com/sspa/click?ie=UTF8&spc=MTo1NDU0Mzc0OTU3MTE5ODk6MTc3NTQzMzgwNzpzcF9hdGZfbmV4dDozMDEwMjMwMjk2NzI3MDI6OjA6Og&url=%2FASIAHORSE-Extension-Sleeved-Braided-11-8Inch%2Fdp%2FB08HLYM54P%2Fref%3Dsr_1_146_sspa%3Fcrid%3D346W5D56T0W20%26dib%3DeyJ2IjoiMSJ9.-ka446pq8iAOY1vusVRkSRexwTh9LgFHxB2ARa53B34nDkPSnOU83mZUvaM2j3Yn_L4FzhX48Jk3lBh1hlcZxF9UQGYzg2yYxGWSpsO_wCkALk2zgoTlCD5rSeZTE1Xu7_wSUgP2jvUa0bvPrhBlE-tqeGbRljVT9CON9RuL2djO2J20O62lnPv9ghW7JKQ5yY2zyh1OlyKJrFJCHRFYfRKf6T5oA67ypKSLM2laCRc.pvLP4xWCswbf9PBWEsNp8rGw9dMs-ig-acF6s63IEPA%26dib_tag%3Dse%26keywords%3Dgpu%26qid%3D1775433807%26sprefix%3Dgp%252Caps%252C387%26sr%3D8-146-spons%26xpid%3DkRTaaIQ0Ql4iY%26sp_csd%3Dd2lkZ2V0TmFtZT1zcF9hdGZfbmV4dA%26psc%3D1","https://m.media-amazon.com/images/I/71L9Rgj-rAL._AC_UY218_.jpg","Sponsored","AsiaHorse 18AWG PSU Cable Extension Sleeved Custom Mod GPU PC Audio Video Power Supply Soft Braided Cables with Two Color Comb Kit 24P/8P to 6+2P/ 8P to 4+4P 30CM","4.7","(2.4K)","$21.99","","","Overnight","FREE delivery  on $25 of qualifying items","Overnight 7 AM - 11 AM",""
"","https://www.amazon.com/Gigabyte-NVIDIA-GeForce-Graphics-GV-N3090TURBO-24GD/dp/B08KHKDTSJ/ref=sr_1_147?crid=346W5D56T0W20&dib=eyJ2IjoiMSJ9.-ka446pq8iAOY1vusVRkSRexwTh9LgFHxB2ARa53B34nDkPSnOU83mZUvaM2j3Yn_L4FzhX48Jk3lBh1hlcZxF9UQGYzg2yYxGWSpsO_wCkALk2zgoTlCD5rSeZTE1Xu7_wSUgP2jvUa0bvPrhBlE-tqeGbRljVT9CON9RuL2djO2J20O62lnPv9ghW7JKQ5yY2zyh1OlyKJrFJCHRFYfRKf6T5oA67ypKSLM2laCRc.pvLP4xWCswbf9PBWEsNp8rGw9dMs-ig-acF6s63IEPA&dib_tag=se&keywords=gpu&qid=1775433807&sprefix=gp%2Caps%2C387&sr=8-147&xpid=kRTaaIQ0Ql4iY","https://m.media-amazon.com/images/I/71RhWs+0AkL._AC_UY218_.jpg","","Gigabyte 24GB NVIDIA GeForce RTX 3090 Turbo GDDR6X Graphics Card Model GV-N3090TURBO-24GD","4.1","(17)","","","","","","",""
"","https://www.amazon.com/ASUS-GeForce-Gaming-Graphics-DisplayPort/dp/B0BGT61797/ref=sr_1_148?crid=346W5D56T0W20&dib=eyJ2IjoiMSJ9.-ka446pq8iAOY1vusVRkSRexwTh9LgFHxB2ARa53B34nDkPSnOU83mZUvaM2j3Yn_L4FzhX48Jk3lBh1hlcZxF9UQGYzg2yYxGWSpsO_wCkALk2zgoTlCD5rSeZTE1Xu7_wSUgP2jvUa0bvPrhBlE-tqeGbRljVT9CON9RuL2djO2J20O62lnPv9ghW7JKQ5yY2zyh1OlyKJrFJCHRFYfRKf6T5oA67ypKSLM2laCRc.pvLP4xWCswbf9PBWEsNp8rGw9dMs-ig-acF6s63IEPA&dib_tag=se&keywords=gpu&qid=1775433807&sprefix=gp%2Caps%2C387&sr=8-148&xpid=kRTaaIQ0Ql4iY","https://m.media-amazon.com/images/I/815d7TTP5UL._AC_UY218_.jpg","","ASUS ROG Strix GeForce RTX® 4090 OC Edition Gaming Graphics Card (PCIe 4.0, 24GB GDDR6X, HDMI 2.1a, DisplayPort 1.4a)","4.5","(289)","$3,489.95","","","","FREE delivery","Thu, Apr 9",""
"New on Amazon in past month","https://www.amazon.com/sspa/click?ie=UTF8&spc=MTo1NDU0Mzc0OTU3MTE5ODk6MTc3NTQzMzgwNzpzcF9tdGY6MzAxMjI4MDE0MzkyNDAyOjowOjo&url=%2FVBESTLIFE-Graphics-1183MHz-Profile-Computer%2Fdp%2FB0GTV52NFL%2Fref%3Dsr_1_149_sspa%3Fcrid%3D346W5D56T0W20%26dib%3DeyJ2IjoiMSJ9.-ka446pq8iAOY1vusVRkSRexwTh9LgFHxB2ARa53B34nDkPSnOU83mZUvaM2j3Yn_L4FzhX48Jk3lBh1hlcZxF9UQGYzg2yYxGWSpsO_wCkALk2zgoTlCD5rSeZTE1Xu7_wSUgP2jvUa0bvPrhBlE-tqeGbRljVT9CON9RuL2djO2J20O62lnPv9ghW7JKQ5yY2zyh1OlyKJrFJCHRFYfRKf6T5oA67ypKSLM2laCRc.pvLP4xWCswbf9PBWEsNp8rGw9dMs-ig-acF6s63IEPA%26dib_tag%3Dse%26keywords%3Dgpu%26qid%3D1775433807%26sprefix%3Dgp%252Caps%252C387%26sr%3D8-149-spons%26xpid%3DkRTaaIQ0Ql4iY%26sp_csd%3Dd2lkZ2V0TmFtZT1zcF9tdGY%26psc%3D1","https://m.media-amazon.com/images/I/51lh5cdslPL._AC_UY218_.jpg","Sponsored","VBESTLIFE RX550 Graphics Card, 8GB DDR5 128Bit 1183MHz Low Profile PC Gaming Video Card Computer GPU with HDMI, DVI, DP Ports","","","$176.70","","","","FREE delivery","Apr 28 - May 7",""
"","https://www.amazon.com/sspa/click?ie=UTF8&spc=MTo1NDU0Mzc0OTU3MTE5ODk6MTc3NTQzMzgwNzpzcF9tdGY6MzAxMTQ3NTI1NzkxNzAyOjowOjo&url=%2FVBESTLIFE-Graphics-Desktop-Support-DirectX%2Fdp%2FB0GGBV2LCF%2Fref%3Dsr_1_150_sspa%3Fcrid%3D346W5D56T0W20%26dib%3DeyJ2IjoiMSJ9.-ka446pq8iAOY1vusVRkSRexwTh9LgFHxB2ARa53B34nDkPSnOU83mZUvaM2j3Yn_L4FzhX48Jk3lBh1hlcZxF9UQGYzg2yYxGWSpsO_wCkALk2zgoTlCD5rSeZTE1Xu7_wSUgP2jvUa0bvPrhBlE-tqeGbRljVT9CON9RuL2djO2J20O62lnPv9ghW7JKQ5yY2zyh1OlyKJrFJCHRFYfRKf6T5oA67ypKSLM2laCRc.pvLP4xWCswbf9PBWEsNp8rGw9dMs-ig-acF6s63IEPA%26dib_tag%3Dse%26keywords%3Dgpu%26qid%3D1775433807%26sprefix%3Dgp%252Caps%252C387%26sr%3D8-150-spons%26xpid%3DkRTaaIQ0Ql4iY%26sp_csd%3Dd2lkZ2V0TmFtZT1zcF9tdGY%26psc%3D1","https://m.media-amazon.com/images/I/61jI-qE9HCL._AC_UY218_.jpg","Sponsored","VBESTLIFE 960M 8GB Graphics Card, GDDR5 128 Bit GPU, 1020/5100 MHz, PCIE 2.0 16X Desktop PC Gaming Video Card Support DirectX 12","","","$159.95","","","","FREE delivery","Apr 15 - 24",""
"| Based on star rating and number of customer ratings","https://www.amazon.com/s?k=gpu&page=10&crid=346W5D56T0W20&qid=1775433803&sprefix=gp%2Caps%2C387&xpid=kRTaaIQ0Ql4iY&ref=sr_pg_9#","https://m.media-amazon.com/images/I/71Stt4W8D2L._AC_UL320_.jpg","","","5.0","(17)","$41.23","$207.31","$38.39","Two-Day","FREE delivery","Tue, Apr 7","Apr 24 - May 14"
"","https://aax-us-east-retail-direct.amazon.com/x/c/JKVHyxsq8Hxztp7UFEMobkAAAAGdYBn2xAEAAAH2AQBvbm9fdHhuX2JpZDMgICBvbm9fdHhuX2ltcDIgICBxZ8wv/clv1c_ek-wAgfSLdbW7kcHtiLTvxG0AdqVnkFw4XIIW9WHTnxFw2IJ7wGuq1RcidsArxbDjAnFUJZKOYXSFLdK9eSiNIZCwv047SeWmluFUOegfwtOj5xWDAa-fTz55-x57NlXgs5tNZ-56ql_FZJWnAtw_5Dbo8Gehkj4yrBQFncYbceOeviHbcRsim5U87SvQzdC-UUJowzIwUXOGtK55t5Ak1j-nz2MIIniyc_U7vCOCpxDAAO5ScMydcMYYqA5mnqKoqe5QDK37Dxv4erueUZNkcpxMujQ0LuRgUE5t6QsEVTrD6cx2rCJ-QcjAU8dHHNGppPnbO0eN-SXUTxb4nluYAKCTHeAKAzuVloLr6blbHvCES1SdbaPlfs2PW8WAtEZFqvKkx8LWp-kqknoHPcoKwoXlds8g-xouAG3if_9R0gMjR0UfIEgS1QrUZksTE7iF3orUidlByv-aot0kByHW0a98s3pZMnbOqygDxPBQih5agffzRbqvl3xRiliJWpuDBfevWC48t1sNekPcT7qzH7WVtjD-gjTcEamEI9LnXaQ0h4qXAfiT8VgVubeQH9GBFEcYSJ9ZL4Wrobf4emcNR9C7QLS3EJJm0-u1-vzpm6eNujfg3AnumpIx6luitd9QhMe08DFXdMpbAmctKnyT9_dlu9TMow_yKY1xAoSQ2QJuEAqhSL8zL-bNrhFGn3-O-AKo0juP7g271IebJPxQWm4qwN_bbGcZJUuRxERIoaT2LlRqJLoZQzYpxvPOMrv0De8g76WNooVAcKn0JU38gqWYEefOnqWa3Bu-0MvhVyy_feUTGJaBAP61ugGx8vDTyrjGjHGmbfkoFrdZ_G9_AY_iK_NMrx5TyGBtEQj1lgnsHIMBPsk3ZkbZwkPNKnNfXVU5RoiwvbrWAGmY6vy1s1KMYQXLJ0kM7_YHc3tOxVM3IBhntj76ieeMUmSkTSsgWybNSvCJsgCkZ4xdn1ZtNr5Ql7qR4eW1l0-R4eKRShnnyINlz0WnCvvNxlNCCD32agjwb23bQg4t4zj-Fv_MhUHFF35EnQHDvLXk-_r3JGNcSaK4aU3RuT97zyGn-ilXLFh/https://www.amazon.com/stores/page/B916E14A-6EA6-40A0-B386-1C60ECE20F5C/?_encoding=UTF8&pd_rd_plhdr=t&pd_rd_i=B0DXV848ZP&ref_=sbx_be_s_sparkle_ssd_bkg&store_ref=SBV_A024825426U949LTX67Z6-A00614493F7B5YKZKP3S4&lp_asins=B0DXV848ZP&pd_rd_w=fqh4q&content-id=amzn1.sym.a55e4c23-ba6c-4408-a37e-65ef6d7a1c73%3Aamzn1.sym.a55e4c23-ba6c-4408-a37e-65ef6d7a1c73&pf_rd_p=a55e4c23-ba6c-4408-a37e-65ef6d7a1c73&pf_rd_r=ZG5ECX58TD03J6VD4BYG&pd_rd_wg=PB8Re&pd_rd_r=73da3c81-fd74-4891-9554-6ac3fd3e4b78","","","","4.4","Shop","","","","","","",""
"","https://aax-us-east-retail-direct.amazon.com/x/c/JMZd4tKJzftrstz3FU9Ur14AAAGdYBn2vQEAAAH2AQBvbm9fdHhuX2JpZDcgICBvbm9fdHhuX2ltcDEgICC5rHkv/clv1c_ek-wwgHWFcbWDoHOHovrJ16WPjERPZsatbdBSv_i2Uvq6nRISLtXraquEwIIMbi_pioS4QIY2kqmJmCA4l9bxTSiXCR1Xupqes6Fcp6ljBX4Tx7lNryhTCt5rvImayZC5XnYbY4Srbjc8tR5CN9WO1Hbr7kbnkP_yvKgo586fTXM5sehr-fd0xPxdxidMTK7uM6BEk1Zz2tLMsH8z26T4A8AOOcbwY2_Vqb-jGQLH8WULIwEgiRqMMWTzWd2Y2qy87MkLQpgmUR1OlQ6DnbotTCJQO8CfUbPkm1uZYntjxQ5S8ei7vbj_1z2pPaQr1nOt4gqCjgJGBupkTFDvM0CO0jpIyYf_DX9nsFXizujBXphPoq6NTqZ_jjz9gsFbqHeTmINBFjKLSRyyk0Vqu30ehFkgl8yPF8EEqejUS6dqNoXOTCO_7kzI8YUrLR8YXeSwUa2f9SEWlGwjRJfKzBXR6hDclCQa0Knj9t-oSnzeTkQPypcaMS093DErF4jOp9nHQRbR1v_uqmGOIai6XGkbPtLWxgtkRMbAB6NnOa5j8ATYNmGvZ4BtUj7S2Mu-XBYJaSe-wpjkTHJ0__lAXnSIhMsE5tpP3M44P_ymzLLGMpkoVIpS4WF70lJqqyvrrAHueXAYoq-uA3QqVMYmNN5RsR7j_jatDRMfr4540sPLbUND5Q8TCETZ6vde_-6HGEhyhAMh0L0pL7WtZ1KVRVkSsVXBDCnzo0oN9oEzdq3LhCLZ1NgkxxStis-ilijwF_peScXzJLCJvXU5l1Jjyl0O6EXb1HHIut1ukFDftaHeQlvr5GRgDaZ0AF9wU1JgiNPUZmds1AmuutLs3x7Kr2rafRiO8xqhwR1nd2nUycNnpqEZrF8FtIr4OnF51eIW0m_1gTc__UPBTb4P6UMU0ggAEgpyEkt7sFVtP7uChEv8Oqr5EofJ2-PCbG6tPAHv9NtH7xgY3zTEQphPDXis0Kj8NdqXZEofu7u8m-i6wTNj4zn1UgbbV3rPQAwzo8s2keyy4-yA33nQDpE5tKQIimHMtv7w6qgi7_BJdNzmwz5qUA5yEJt9YQTaJZDkn8JbOpwveLTvbny2ej-vjkbxSrYRptqMade8qQ/https://www.amazon.com/stores/page/3AE2EDDA-7CFB-442E-80B2-6AD9D9F36AA3/?_encoding=UTF8&store_ref=SB_A0518627ZQMNUJV450QY-A0563921292RFWOZMAJII&pd_rd_plhdr=t&aaxitk=272a79a595384f5701a71c719329e6ec&hsa_cr_id=0&lp_asins=B0BZC16C8J%2CB0C8CYVVC9%2CB0CLP57WF7&lp_query=gpu&lp_slot=desktop-inline&ref_=sbx__sbtcd2_bkgd&pd_rd_w=WbSlU&content-id=amzn1.sym.8a47ec59-c206-4272-83cb-e2017cc774b4%3Aamzn1.sym.8a47ec59-c206-4272-83cb-e2017cc774b4&pf_rd_p=8a47ec59-c206-4272-83cb-e2017cc774b4&pf_rd_r=ZG5ECX58TD03J6VD4BYG&pd_rd_wg=PB8Re&pd_rd_r=73da3c81-fd74-4891-9554-6ac3fd3e4b78","","","","4.4","|","$9.99","$14.99","","Overnight","FREE delivery  on $25 of qualifying items","Overnight 7 AM - 11 AM","Overnight 7 AM - 11 AM"
"100+ bought in past month","https://www.amazon.com/Razer-Core-External-Graphics-Enclosure-PC/dp/B0FFQFDZWX/ref=sr_1_151?crid=346W5D56T0W20&dib=eyJ2IjoiMSJ9.-ka446pq8iAOY1vusVRkSRexwTh9LgFHxB2ARa53B34nDkPSnOU83mZUvaM2j3Yn_L4FzhX48Jk3lBh1hlcZxF9UQGYzg2yYxGWSpsO_wCkALk2zgoTlCD5rSeZTE1Xu7_wSUgP2jvUa0bvPrhBlE-tqeGbRljVT9CON9RuL2djO2J20O62lnPv9ghW7JKQ5yY2zyh1OlyKJrFJCHRFYfRKf6T5oA67ypKSLM2laCRc.pvLP4xWCswbf9PBWEsNp8rGw9dMs-ig-acF6s63IEPA&dib_tag=se&keywords=gpu&qid=1775433807&sprefix=gp%2Caps%2C387&sr=8-151&xpid=kRTaaIQ0Ql4iY","https://m.media-amazon.com/images/I/61t5oZklfBL._AC_UY218_.jpg","","Razer Core X V2 External Graphics Enclosure (eGPU): Compatible with Windows 11 Thunderbolt 4/5 and USB 4 Laptops & Devices - 4 Slot Wide NVIDIA/AMD Graphics Cards PCIe 4.0 Support - 140W PD via USB C","4.0","(49)","","","","","","",""
"No featured offers available","https://www.amazon.com/ASUS-GeForce-GC-HPWR-DisplayPort-TUF-RTX4070TIS-O16G-BTF-WHITE/dp/B086ZSRZJ9/ref=sr_1_152?crid=346W5D56T0W20&dib=eyJ2IjoiMSJ9.-ka446pq8iAOY1vusVRkSRexwTh9LgFHxB2ARa53B34nDkPSnOU83mZUvaM2j3Yn_L4FzhX48Jk3lBh1hlcZxF9UQGYzg2yYxGWSpsO_wCkALk2zgoTlCD5rSeZTE1Xu7_wSUgP2jvUa0bvPrhBlE-tqeGbRljVT9CON9RuL2djO2J20O62lnPv9ghW7JKQ5yY2zyh1OlyKJrFJCHRFYfRKf6T5oA67ypKSLM2laCRc.pvLP4xWCswbf9PBWEsNp8rGw9dMs-ig-acF6s63IEPA&dib_tag=se&keywords=gpu&qid=1775433807&sprefix=gp%2Caps%2C387&sr=8-152&xpid=kRTaaIQ0Ql4iY","https://m.media-amazon.com/images/I/71SQHKSr9eL._AC_UY218_.jpg","","ASUS TUF Gaming GeForce RTX™ 4070 Ti Super BTF White OC Edition Gaming Graphics Card (PCIe 4.0, 16GB GDDR6X, Exclusive to BTF ATX Motherboards","4.1","(44)","","","","","","",""
"Only 1 left in stock - order soon.","https://www.amazon.com/sspa/click?ie=UTF8&spc=MTo1NDU0Mzc0OTU3MTE5ODk6MTc3NTQzMzgwNzpzcF9tdGY6MzAxMjAxNzI2Njg1NDAyOjowOjo&url=%2FZunate-GTX750Ti-Graphics-Performance-Interface%2Fdp%2FB0CS3TS7GJ%2Fref%3Dsr_1_153_sspa%3Fcrid%3D346W5D56T0W20%26dib%3DeyJ2IjoiMSJ9.-ka446pq8iAOY1vusVRkSRexwTh9LgFHxB2ARa53B34nDkPSnOU83mZUvaM2j3Yn_L4FzhX48Jk3lBh1hlcZxF9UQGYzg2yYxGWSpsO_wCkALk2zgoTlCD5rSeZTE1Xu7_wSUgP2jvUa0bvPrhBlE-tqeGbRljVT9CON9RuL2djO2J20O62lnPv9ghW7JKQ5yY2zyh1OlyKJrFJCHRFYfRKf6T5oA67ypKSLM2laCRc.pvLP4xWCswbf9PBWEsNp8rGw9dMs-ig-acF6s63IEPA%26dib_tag%3Dse%26keywords%3Dgpu%26qid%3D1775433807%26sprefix%3Dgp%252Caps%252C387%26sr%3D8-153-spons%26xpid%3DkRTaaIQ0Ql4iY%26sp_csd%3Dd2lkZ2V0TmFtZT1zcF9tdGY%26psc%3D1","https://m.media-amazon.com/images/I/61Xy71HEj1L._AC_UY218_.jpg","Sponsored","Zunate 4GB GDDR5 Gaming Graphics Card, 128Bit GPU with Stable Performance, HDMI DVI VGA Interface for PC","","","$118.52","","","","FREE delivery","Thu, Apr 9",""
"Only 4 left in stock - order soon.","https://www.amazon.com/sspa/click?ie=UTF8&spc=MTo1NDU0Mzc0OTU3MTE5ODk6MTc3NTQzMzgwNzpzcF9tdGY6MzAwNzg4MzY3OTE1MTAyOjowOjo&url=%2FSanpyl-Graphics-Desktop-Computer-Express%2Fdp%2FB0CHT3SG9J%2Fref%3Dsr_1_154_sspa%3Fcrid%3D346W5D56T0W20%26dib%3DeyJ2IjoiMSJ9.-ka446pq8iAOY1vusVRkSRexwTh9LgFHxB2ARa53B34nDkPSnOU83mZUvaM2j3Yn_L4FzhX48Jk3lBh1hlcZxF9UQGYzg2yYxGWSpsO_wCkALk2zgoTlCD5rSeZTE1Xu7_wSUgP2jvUa0bvPrhBlE-tqeGbRljVT9CON9RuL2djO2J20O62lnPv9ghW7JKQ5yY2zyh1OlyKJrFJCHRFYfRKf6T5oA67ypKSLM2laCRc.pvLP4xWCswbf9PBWEsNp8rGw9dMs-ig-acF6s63IEPA%26dib_tag%3Dse%26keywords%3Dgpu%26qid%3D1775433807%26sprefix%3Dgp%252Caps%252C387%26sr%3D8-154-spons%26xpid%3DkRTaaIQ0Ql4iY%26sp_csd%3Dd2lkZ2V0TmFtZT1zcF9tdGY%26psc%3D1","https://m.media-amazon.com/images/I/618qmy+5mrL._AC_UY218_.jpg","Sponsored","Sanpyl GT610 2GB GDDR3 64bit Graphics Card, DVI, VGA, PC Video Card, Desktop Computer GPU, PCI Express 1.1 x 16, with Cooling Fan","","","$63.80","","","Two-Day","FREE delivery","Tue, Apr 7",""
"More Buying Choices","https://www.amazon.com/PNY-GeForce-RTXTM-5080-Triple/dp/B0DYRZZJZ1/ref=sr_1_155?crid=346W5D56T0W20&dib=eyJ2IjoiMSJ9.-ka446pq8iAOY1vusVRkSRexwTh9LgFHxB2ARa53B34nDkPSnOU83mZUvaM2j3Yn_L4FzhX48Jk3lBh1hlcZxF9UQGYzg2yYxGWSpsO_wCkALk2zgoTlCD5rSeZTE1Xu7_wSUgP2jvUa0bvPrhBlE-tqeGbRljVT9CON9RuL2djO2J20O62lnPv9ghW7JKQ5yY2zyh1OlyKJrFJCHRFYfRKf6T5oA67ypKSLM2laCRc.pvLP4xWCswbf9PBWEsNp8rGw9dMs-ig-acF6s63IEPA&dib_tag=se&keywords=gpu&qid=1775433807&sprefix=gp%2Caps%2C387&sr=8-155&xpid=kRTaaIQ0Ql4iY","https://m.media-amazon.com/images/I/71oOraaImGL._AC_UY218_.jpg","","PNY GeForce RTX™ 5080 Triple Fan","4.2","(56)","$1,389.90","","","","FREE delivery","Apr 9 - 13","Tue, Apr 7"
"New Price:","https://www.amazon.com/EVGA-GeForce-12G-P5-3967-KR-Technology-Backplate/dp/B09B5HHWCJ/ref=sr_1_156?crid=346W5D56T0W20&dib=eyJ2IjoiMSJ9.-ka446pq8iAOY1vusVRkSRexwTh9LgFHxB2ARa53B34nDkPSnOU83mZUvaM2j3Yn_L4FzhX48Jk3lBh1hlcZxF9UQGYzg2yYxGWSpsO_wCkALk2zgoTlCD5rSeZTE1Xu7_wSUgP2jvUa0bvPrhBlE-tqeGbRljVT9CON9RuL2djO2J20O62lnPv9ghW7JKQ5yY2zyh1OlyKJrFJCHRFYfRKf6T5oA67ypKSLM2laCRc.pvLP4xWCswbf9PBWEsNp8rGw9dMs-ig-acF6s63IEPA&dib_tag=se&keywords=gpu&qid=1775433807&sprefix=gp%2Caps%2C387&sr=8-156&xpid=kRTaaIQ0Ql4iY","https://m.media-amazon.com/images/I/81cAdtqu-6L._AC_UY218_.jpg","","EVGA GeForce RTX 3080 Ti FTW3 Ultra Gaming, 12G-P5-3967-KR, 12GB GDDR6X, iCX3 Technology, ARGB LED, Metal Backplate (Renewed)","4.0","(34)","$679.99","$999.99","$999.99","Two-Day","FREE delivery","Tue, Apr 7",""
"More Buying Choices","https://www.amazon.com/PNY-VCNRTX2000ADA-PB-128-bit-Express-Graphics/dp/B0D7TQCP1Y/ref=sr_1_157_mod_primary_new?crid=346W5D56T0W20&dib=eyJ2IjoiMSJ9.-ka446pq8iAOY1vusVRkSRexwTh9LgFHxB2ARa53B34nDkPSnOU83mZUvaM2j3Yn_L4FzhX48Jk3lBh1hlcZxF9UQGYzg2yYxGWSpsO_wCkALk2zgoTlCD5rSeZTE1Xu7_wSUgP2jvUa0bvPrhBlE-tqeGbRljVT9CON9RuL2djO2J20O62lnPv9ghW7JKQ5yY2zyh1OlyKJrFJCHRFYfRKf6T5oA67ypKSLM2laCRc.pvLP4xWCswbf9PBWEsNp8rGw9dMs-ig-acF6s63IEPA&dib_tag=se&keywords=gpu&qid=1775433807&sbo=RZvfv%2F%2FHxDF%2BO5021pAnSA%3D%3D&sprefix=gp%2Caps%2C387&sr=8-157&xpid=kRTaaIQ0Ql4iY","https://m.media-amazon.com/images/I/51b22xZtIiL._AC_UY218_.jpg","","NVIDIA PNY Quadro Graphics - RTX 2000, Ada Generation 16GB, DDR6, 128-Bit","5.0","(5)","$736.26","","","Tomorrow","FREE delivery","Apr 7 - 9","Wed, Apr 8"
"900+ bought in past month","https://www.amazon.com/quiet-Certification-semi-Passive-Technology-Overclocked/dp/B0FBY3F1NT/ref=sr_1_158?crid=346W5D56T0W20&dib=eyJ2IjoiMSJ9.-ka446pq8iAOY1vusVRkSRexwTh9LgFHxB2ARa53B34nDkPSnOU83mZUvaM2j3Yn_L4FzhX48Jk3lBh1hlcZxF9UQGYzg2yYxGWSpsO_wCkALk2zgoTlCD5rSeZTE1Xu7_wSUgP2jvUa0bvPrhBlE-tqeGbRljVT9CON9RuL2djO2J20O62lnPv9ghW7JKQ5yY2zyh1OlyKJrFJCHRFYfRKf6T5oA67ypKSLM2laCRc.pvLP4xWCswbf9PBWEsNp8rGw9dMs-ig-acF6s63IEPA&dib_tag=se&keywords=gpu&qid=1775433807&sprefix=gp%2Caps%2C387&sr=8-158&xpid=kRTaaIQ0Ql4iY","https://m.media-amazon.com/images/I/71uZg195moL._AC_UY218_.jpg","","be quiet! Pure Power 13 M 850W Power Supply, 80 Plus® Gold Certification, ATX 3.1 PSU, Support for PCIe 5.1 GPUs, semi-Passive 120mm be quiet! Fan, LLC Technology, Single Rail, for Overclocked GPUs","4.7","(478)","$111.90","","","Overnight","FREE delivery","Overnight 7 AM - 11 AM",""
"Only 8 left in stock - order soon.","https://www.amazon.com/AMD-Professional-Workstation-Rendering-DisplaPortTM/dp/B0C5DLBMTP/ref=sr_1_159?crid=346W5D56T0W20&dib=eyJ2IjoiMSJ9.-ka446pq8iAOY1vusVRkSRexwTh9LgFHxB2ARa53B34nDkPSnOU83mZUvaM2j3Yn_L4FzhX48Jk3lBh1hlcZxF9UQGYzg2yYxGWSpsO_wCkALk2zgoTlCD5rSeZTE1Xu7_wSUgP2jvUa0bvPrhBlE-tqeGbRljVT9CON9RuL2djO2J20O62lnPv9ghW7JKQ5yY2zyh1OlyKJrFJCHRFYfRKf6T5oA67ypKSLM2laCRc.pvLP4xWCswbf9PBWEsNp8rGw9dMs-ig-acF6s63IEPA&dib_tag=se&keywords=gpu&qid=1775433807&sprefix=gp%2Caps%2C387&sr=8-159&xpid=kRTaaIQ0Ql4iY","https://m.media-amazon.com/images/I/61dDG+1KuiL._AC_UY218_.jpg","","AMD Radeon™ Pro W7800, Professional Graphics Card, Workstation, AI, 3D Rendering, 32GB GDDR6, DisplaPort™ 2.1, AV1, 45 TFLOPS, 70 CUS, 260W TDP, 8K","","","$2,445.52","","","Two-Day","FREE delivery","Tue, Apr 7",""
"Only 8 left in stock - order soon.","https://www.amazon.com/PNY-NVIDIA-Quadro-A6000-Graphics/dp/B08NWGS4X1/ref=sr_1_160?crid=346W5D56T0W20&dib=eyJ2IjoiMSJ9.-ka446pq8iAOY1vusVRkSRexwTh9LgFHxB2ARa53B34nDkPSnOU83mZUvaM2j3Yn_L4FzhX48Jk3lBh1hlcZxF9UQGYzg2yYxGWSpsO_wCkALk2zgoTlCD5rSeZTE1Xu7_wSUgP2jvUa0bvPrhBlE-tqeGbRljVT9CON9RuL2djO2J20O62lnPv9ghW7JKQ5yY2zyh1OlyKJrFJCHRFYfRKf6T5oA67ypKSLM2laCRc.pvLP4xWCswbf9PBWEsNp8rGw9dMs-ig-acF6s63IEPA&dib_tag=se&keywords=gpu&qid=1775433807&sprefix=gp%2Caps%2C387&sr=8-160&xpid=kRTaaIQ0Ql4iY","https://m.media-amazon.com/images/I/61VMLv2BrVS._AC_UY218_.jpg","","PNY VCNRTXA6000-PB NVIDIA 48GB GDDR6 Graphics Card","4.4","(22)","$6,300.00","","","","FREE delivery","Wed, Apr 15","Wed, Apr 8"
"More Buying Choices","https://www.amazon.com/NVIDIA-GeForce-4080-GDDR6X-Graphics/dp/B0BMZ9TGH1/ref=sr_1_161?crid=346W5D56T0W20&dib=eyJ2IjoiMSJ9.-ka446pq8iAOY1vusVRkSRexwTh9LgFHxB2ARa53B34nDkPSnOU83mZUvaM2j3Yn_L4FzhX48Jk3lBh1hlcZxF9UQGYzg2yYxGWSpsO_wCkALk2zgoTlCD5rSeZTE1Xu7_wSUgP2jvUa0bvPrhBlE-tqeGbRljVT9CON9RuL2djO2J20O62lnPv9ghW7JKQ5yY2zyh1OlyKJrFJCHRFYfRKf6T5oA67ypKSLM2laCRc.pvLP4xWCswbf9PBWEsNp8rGw9dMs-ig-acF6s63IEPA&dib_tag=se&keywords=gpu&qid=1775433807&sprefix=gp%2Caps%2C387&sr=8-161&xpid=kRTaaIQ0Ql4iY","https://m.media-amazon.com/images/I/71m9FJCubXL._AC_UY218_.jpg","","NVIDIA - GeForce RTX 4080 16GB GDDR6X Graphics Card","4.6","(82)","$1,829.99","","","","FREE delivery","Fri, Apr 24","Apr 15 - 17"
"Only 20 left in stock - order soon.","https://www.amazon.com/XFX-Speedster-MERC310-Graphics-RX-79TMERCUR/dp/B0GDRDSYL6/ref=sr_1_162?crid=346W5D56T0W20&dib=eyJ2IjoiMSJ9.-ka446pq8iAOY1vusVRkSRexwTh9LgFHxB2ARa53B34nDkPSnOU83mZUvaM2j3Yn_L4FzhX48Jk3lBh1hlcZxF9UQGYzg2yYxGWSpsO_wCkALk2zgoTlCD5rSeZTE1Xu7_wSUgP2jvUa0bvPrhBlE-tqeGbRljVT9CON9RuL2djO2J20O62lnPv9ghW7JKQ5yY2zyh1OlyKJrFJCHRFYfRKf6T5oA67ypKSLM2laCRc.pvLP4xWCswbf9PBWEsNp8rGw9dMs-ig-acF6s63IEPA&dib_tag=se&keywords=gpu&qid=1775433807&sprefix=gp%2Caps%2C387&sr=8-162&xpid=kRTaaIQ0Ql4iY","https://m.media-amazon.com/images/I/71mgzlv+jEL._AC_UY218_.jpg","","XFX Speedster MERC310 AMD Radeon RX 7900 XT Gaming Graphics Card with 20GB GDDR6, AMD RDNA 3 RX-79TMERCUR","4.6","(3)","$709.99","","","","FREE delivery","Apr 8 - 10","Wed, Apr 8"
"100+ bought in past month","https://www.amazon.com/ASUS-Certified-GPU-First-Intelligent-Stabilizer/dp/B0DJ1SW3S1/ref=sr_1_163?crid=346W5D56T0W20&dib=eyJ2IjoiMSJ9.-ka446pq8iAOY1vusVRkSRexwTh9LgFHxB2ARa53B34nDkPSnOU83mZUvaM2j3Yn_L4FzhX48Jk3lBh1hlcZxF9UQGYzg2yYxGWSpsO_wCkALk2zgoTlCD5rSeZTE1Xu7_wSUgP2jvUa0bvPrhBlE-tqeGbRljVT9CON9RuL2djO2J20O62lnPv9ghW7JKQ5yY2zyh1OlyKJrFJCHRFYfRKf6T5oA67ypKSLM2laCRc.pvLP4xWCswbf9PBWEsNp8rGw9dMs-ig-acF6s63IEPA&dib_tag=se&keywords=gpu&qid=1775433807&sprefix=gp%2Caps%2C387&sr=8-163&xpid=kRTaaIQ0Ql4iY","https://m.media-amazon.com/images/I/813smWpWe5L._AC_UY218_.jpg","","ASUS ROG Strix 1200W Platinum (Fully Modular Power Supply, 80 Plus Platinum Certified, ATX 3.1, GaN MOSFET, GPU-First Intelligent Voltage Stabilizer, 10-Year Warranty)","4.6","(100)","$264.99","","","Overnight","FREE delivery","Overnight 7 AM - 11 AM",""
"Only 1 left in stock - order soon.","https://www.amazon.com/PowerColor-Graphics-Powered-Raytracing-Infinity/dp/B08V1WK4LB/ref=sr_1_164?crid=346W5D56T0W20&dib=eyJ2IjoiMSJ9.-ka446pq8iAOY1vusVRkSRexwTh9LgFHxB2ARa53B34nDkPSnOU83mZUvaM2j3Yn_L4FzhX48Jk3lBh1hlcZxF9UQGYzg2yYxGWSpsO_wCkALk2zgoTlCD5rSeZTE1Xu7_wSUgP2jvUa0bvPrhBlE-tqeGbRljVT9CON9RuL2djO2J20O62lnPv9ghW7JKQ5yY2zyh1OlyKJrFJCHRFYfRKf6T5oA67ypKSLM2laCRc.pvLP4xWCswbf9PBWEsNp8rGw9dMs-ig-acF6s63IEPA&dib_tag=se&keywords=gpu&qid=1775433807&sprefix=gp%2Caps%2C387&sr=8-164&xpid=kRTaaIQ0Ql4iY","https://m.media-amazon.com/images/I/81jI-3BjnKL._AC_UY218_.jpg","","PowerColor Red Dragon AMD Radeon™ RX 6800 XT Gaming Graphics Card with 16GB GDDR6 Memory, Powered by AMD RDNA™ 2, Raytracing, PCI Express 4.0, HDMI 2.1, AMD Infinity Cache","4.5","(515)","$995.00","","","","FREE delivery","Mon, Apr 13","Tue, Apr 7"
"Only 6 left in stock - order soon.","https://www.amazon.com/PNY-VCNRTXA4500-PB-NVIDIA-RTX-A4500/dp/B09S9VWQK1/ref=sr_1_165?crid=346W5D56T0W20&dib=eyJ2IjoiMSJ9.-ka446pq8iAOY1vusVRkSRexwTh9LgFHxB2ARa53B34nDkPSnOU83mZUvaM2j3Yn_L4FzhX48Jk3lBh1hlcZxF9UQGYzg2yYxGWSpsO_wCkALk2zgoTlCD5rSeZTE1Xu7_wSUgP2jvUa0bvPrhBlE-tqeGbRljVT9CON9RuL2djO2J20O62lnPv9ghW7JKQ5yY2zyh1OlyKJrFJCHRFYfRKf6T5oA67ypKSLM2laCRc.pvLP4xWCswbf9PBWEsNp8rGw9dMs-ig-acF6s63IEPA&dib_tag=se&keywords=gpu&qid=1775433807&sprefix=gp%2Caps%2C387&sr=8-165&xpid=kRTaaIQ0Ql4iY","https://m.media-amazon.com/images/I/31qiyqMpwfL._AC_UY218_.jpg","","PNY NVIDIA RTX A4500","4.3","(19)","$1,149.95","","","Two-Day","FREE delivery","Tue, Apr 7",""
"300+ bought in past month","https://www.amazon.com/Oddtone-Graphics-Adjustable-Non-Slip-Universal/dp/B0BGPXRGBL/ref=sr_1_166?crid=346W5D56T0W20&dib=eyJ2IjoiMSJ9.-ka446pq8iAOY1vusVRkSRexwTh9LgFHxB2ARa53B34nDkPSnOU83mZUvaM2j3Yn_L4FzhX48Jk3lBh1hlcZxF9UQGYzg2yYxGWSpsO_wCkALk2zgoTlCD5rSeZTE1Xu7_wSUgP2jvUa0bvPrhBlE-tqeGbRljVT9CON9RuL2djO2J20O62lnPv9ghW7JKQ5yY2zyh1OlyKJrFJCHRFYfRKf6T5oA67ypKSLM2laCRc.pvLP4xWCswbf9PBWEsNp8rGw9dMs-ig-acF6s63IEPA&dib_tag=se&keywords=gpu&qid=1775433807&sprefix=gp%2Caps%2C387&sr=8-166&xpid=kRTaaIQ0Ql4iY","https://m.media-amazon.com/images/I/41uH-N8wg2L._AC_UY218_.jpg","","Graphics Card GPU Support Bracket, Adjustable Height GPU Sag Bracket with Magnet & Non-Slip Sheet, GPU Brace for Prevent Universal Graphics Card Sag, L","4.7","(1.1K)","$8.99","","","Overnight","FREE delivery  on $25 of qualifying items","Overnight 7 AM - 11 AM",""
"100+ bought in past month","https://www.amazon.com/s?k=gpu&page=10&crid=346W5D56T0W20&qid=1775433803&sprefix=gp%2Caps%2C387&xpid=kRTaaIQ0Ql4iY&ref=sr_pg_9#","https://m.media-amazon.com/images/I/71xun6dhTZL._AC_UL320_.jpg","","","4.4","(46)","$56.99","$49.99","$9.99","Overnight","FREE delivery  for Prime members","Apr 16 - 17","Overnight 7 AM - 11 AM"
"cpu","https://www.amazon.com/s?k=cpu&ref=rsl_sug_0_0&pd_rd_w=WzCtL&content-id=amzn1.sym.3be64970-3b95-4a6d-a45d-78077a3ff871:amzn1.sym.3be64970-3b95-4a6d-a45d-78077a3ff871&pf_rd_p=3be64970-3b95-4a6d-a45d-78077a3ff871&pf_rd_r=ZG5ECX58TD03J6VD4BYG&pd_rd_wg=U902H&pd_rd_r=95670526-6270-4780-8acb-5771a5757a36&qid=1775433807","","","","","","","","","","","",""
"","","","","","","","","","","","","",""
"","https://aax-us-east-retail-direct.amazon.com/x/c/JBq-B_fLew_03d4KqYWJsC4AAAGdYBn44QEAAAH2AQBvbm9fdHhuX2JpZDEgICBvbm9fdHhuX2ltcDEgICBWA40q/clv1c_ek-wwgHWFcbWDoHOEIvrJ16WPjERPZsatbcmdgHiXGt2hC2DFqbzjITO6zUBK9ZUzEoHIcMkV1hJ7Q63QzeBxvOvUR-_5LaECwer2TTFtKB5mCvkFvxhTCt6YMY5ZFB6wU5q1vTiao1NWK-BRIZn-fjrIOyMVnfpW8JswjqgycE4CnobulK4d8Yz_sG8DSMsmfGn1Fm_GTUYuY_x_kxOO_7rr5QteRaTVAYkh8MPZVZ5bE6QB8kXpV99QY1Js32DNw-KDsscmLKgJkWcpBSTvDJK4XuDRwpZ4eUvd0BdP3srPM893Ho6wsjyYQRFrPYTb6KhIfphVsFGnjqSVkW3guyMK_LEJXbLtiXBhwH5CyazKt-U9O9hPx7RoRiN9aC9e9hKP-QF9r9VYsMkqnnXYfSAsxvMwRIF6-nJo09_AaZEIf7f7U7hJrjxFz5jGUyJOwFDwX9HNAqoxUu-jzwygZ-nWcKBgJxvV7KYyTXfUt06G1ThZ8foqYPOLpfYPqeUA6VDE2KAiKj8pDbOvKyD3PSeTEEfthFl6OljGo98gviSKHxHcZQ6i_o0ZB32ppYtVbTn8baaNan83MlyKYEwSiJHmscOTvqbYmaiONHTcl9Be7LWSOk3zo337Ss0_jRzMNzRt_vv6xZOt8q7ROnYwtzVf9jI4xnqcoM5yckJvoI7-wwbCHxjIH2XsKsg8VuA_ogJXN9bFlWsYOA2yvgSTDx7QGy4N8QMLFWvnTdQHGDLrtfgq6vVqxjITutXpY2Q6aLFMtIulnJ9k_qcv_d8aGTynN0pRaF-5tqa3N5OLitewpyWlwW2AmcoY7_WjStnMLOxBeoAc5kChi5UGGl5ppDmwfMNVRukQNMR1GNh1LuXIsEHEftoVBumQr38dNQQs1ODBk9gwzLS7MJEyoh2QitfLzGWv2ivGbmd40_kT21MxTWnEueKQt31BSelCUxdLlW5nZOBY0Cu7sI5EJsU6MNL4n4qsVss7HLspf0GmBVwqlorXadBylZmSt2K7-0q3bgXtzdQbqVtkqTofufd100j0EdX_rvsUtPlbVcK-n9tg9LBarKHV0cz2SnBer9C1qqIPqXyWHQ/https://www.amazon.com/stores/page/ACB5F6B0-CD2A-4CD9-B965-C9D35F036168/?_encoding=UTF8&store_ref=SB_A0876420QSEBYHBF69N-A0592309353D2H55MQ7QV&pd_rd_plhdr=t&aaxitk=f23219485f2b8f58824b415228409395&hsa_cr_id=0&lp_asins=B0GLF2KYKN%2CB0DRP316J1%2CB0F8QKDY2S&lp_query=gpu&lp_slot=desktop-hsa-3psl&ref_=sbx_be_s_3psl_mbd_mb0_bkgd&pd_rd_w=ZLqNz&content-id=amzn1.sym.7d5eb573-01e8-49db-b262-65baa247c724%3Aamzn1.sym.7d5eb573-01e8-49db-b262-65baa247c724&pf_rd_p=7d5eb573-01e8-49db-b262-65baa247c724&pf_rd_r=ZG5ECX58TD03J6VD4BYG&pd_rd_wg=Zz6eD&pd_rd_r=9fc31671-f46c-4c7a-8657-defdc68a58d8","","","","","","","","","","","",""
"","https://aax-us-east-retail-direct.amazon.com/x/c/JLu5ICw4NTO4kQsbrVZgbWoAAAGdYBoFeQEAAAH2AQBvbm9fdHhuX2JpZDEgICBvbm9fdHhuX2ltcDIgICA3jPpW/clv1c_ek-wwgHWLdTaDdVAul8TgMCVbgx7K6YTEo79BF0w9W5mQpI3mIPrUll7hzVlGKEkXXZgBa8UuWmmqxCZ-Q5-2MUcD-rgPuCP9N0bdLbzto1e53YrF6__JwyYQLndizsfLZ-LTJZM0sgQmLd6NmZm_vw7YN5d1lFhmMjrpwGe5N47RCS37i-P13HOF8qsvFpcNWbOo8qVXQFGuO5_m8oAlqAJf-x7k-74GKawCnKPZ1O9hczrsqjMMYkx2uaJnk3632Edb2WUWZp02tPeGNXFcu44Pa2iLNU1h6WqNAnfcE2cLpSXupH60zUXOSeKZZAKM8oj2V4U9auadlLm4EgCvdkygDDmFojv2D5l9p-9vHQKsnbwPQ53glrcNLQq84qFDoA6FLUs3Vd670xASN0Dg9fcMWEEBv6jZAK90Wen9jEJQQgmOzhFGDC-y9oTtfZKqmhebNOPGggavl3i6t3Fhlca0OZc_nBLeNkiUv1VjK9fczMl4_3xCTWDk2UirSJiGdMhbVvKIhJwSKzHOaacOTZxbtnFhK9ZVy9M0syhD0XR9cyW95IZfGbuYdRG83zMSxaLWo08-GR2iot37WbMgHZDghbWG7UGVyGS_flZGTQ7Yd8qJMvP9gDp97-_C6NnXeD3Uxpqq1nMlbWPsioFfehT9qTmUaiHmM-hMnArmmu1RIzmeKFYx_NRx07OuEmSslNDjF93ddqt6dZX0uLC1HtrjKamCBRNTF4TS4TXdx8dt_qH7Rb8jaJEM0VsPEgceyIfeghCfj1CRR-UebtlJieAhlgIQNdxi-QTESnb3_V4jICTqWQl99qLmxaQr6i6kcsTulvqTVGzJSiw2dY561MNQQWOY-C-LnQi0n0KcNUR-Pp9nsB89ChWsXycMZU_DbTQhT8JxBSK4bifGyabsD-1v5-cGCRIy3laZ-3Y6-_w5Xf8UYiIYn31WyW___HAkxxBqjzFpjKK60ujbRzHrLJlZfiV2mr9EWFGqmPIJDs6vZrOEffneAVx7b8ZzStkDNECR8DF2pSn1xiCivs3pse1rf8jIFHJ33KJlNfwTHELy5fG/https://www.amazon.com/stores/page/B60ED8F6-5084-4059-A24F-16A102600FA1/?_encoding=UTF8&store_ref=SB_A0247514EVWOO9UH0O2U-A03296811CSHCSN2QPJP&pd_rd_plhdr=t&aaxitk=433ee6cd43b9ee6bb67723df1b223791&hsa_cr_id=0&lp_asins=B0FQ5CR4F7%2CB0FCMF217J%2CB0FCFM4PDV&lp_query=gpu&lp_slot=auto-sparkle-hsa-tetris&ref_=sbx_s_sparkle_sbtcd_bkgd&pd_rd_w=LnsrA&content-id=amzn1.sym.cc961e39-6f5f-411e-8135-81c6c1187ac0%3Aamzn1.sym.cc961e39-6f5f-411e-8135-81c6c1187ac0&pf_rd_p=cc961e39-6f5f-411e-8135-81c6c1187ac0&pf_rd_r=ASNWWATE2D0DH19RBHB1&pd_rd_wg=anUhH&pd_rd_r=8fdefc4b-efe6-4f31-a768-4e5bbfceea6f","","","","Typical:","|","$8.49","$8.99","","","","",""
"Save 5%","https://www.amazon.com/sspa/click?ie=UTF8&spc=MTo0ODkzMjkxNjE3NDIxODI0OjE3NzU0MzM4MTE6c3BfYXRmX25leHQ6MzAwODg1MzY4ODgxMTAyOjowOjo&url=%2FDKARDU-Conductive-Adhesive-Heatsinks-Measuring%2Fdp%2FB09651JT4V%2Fref%3Dsr_1_161_sspa%3Fcrid%3D346W5D56T0W20%26dib%3DeyJ2IjoiMSJ9.9vt_hDv3G_BcfBifUjX0QzLxAOOGZne13cPeLMxCi0o_BfEmBkO03rP2tSmgMHx0DtVKqEu36WeiUaTywdCfiJ0I0HB4k_hV4YvHbx_owmJYGJgkmxJDk6ToKSwFnYqc1Ptk_z3mdVrLyOwowoQYAUpWFOzkkK8UCVqflLydvagnyKrw5vLhKAIeoCrVrf_VCFaOFX8xcsBc4lyJs5q_Vd3lYwgwcQom1cG1fD5eXx8.uRcWo5LmkrXelyxtkeZXRJ2VpkMpqeQi8nR4XMjdOGA%26dib_tag%3Dse%26keywords%3Dgpu%26qid%3D1775433811%26sprefix%3Dgp%252Caps%252C387%26sr%3D8-161-spons%26xpid%3DkRTaaIQ0Ql4iY%26sp_csd%3Dd2lkZ2V0TmFtZT1zcF9hdGZfbmV4dA%26psc%3D1","https://m.media-amazon.com/images/I/51TJe4iZmJS._AC_UY218_.jpg","Sponsored","40mm x 25m Thermal Conductive Double Side Adhesive Tape Thermal Adhesive Tape Cooling Tape for Heatsinks, LED Lights, IC Chip, CPU, GPU with 1.5m Measuring Tape","4.5","(17)","$22.89","","","Two-Day","FREE delivery","Tue, Apr 7",""
"Only 12 left in stock - order soon.","https://www.amazon.com/sspa/click?ie=UTF8&spc=MTo0ODkzMjkxNjE3NDIxODI0OjE3NzU0MzM4MTE6c3BfYXRmX25leHQ6MjAwMTQ2NTc3ODczNDk4OjowOjo&url=%2F85x45x3mm-Conductive-Resistance-Temperature-Silicone%2Fdp%2FB0BYYN61WV%2Fref%3Dsr_1_162_sspa%3Fcrid%3D346W5D56T0W20%26dib%3DeyJ2IjoiMSJ9.9vt_hDv3G_BcfBifUjX0QzLxAOOGZne13cPeLMxCi0o_BfEmBkO03rP2tSmgMHx0DtVKqEu36WeiUaTywdCfiJ0I0HB4k_hV4YvHbx_owmJYGJgkmxJDk6ToKSwFnYqc1Ptk_z3mdVrLyOwowoQYAUpWFOzkkK8UCVqflLydvagnyKrw5vLhKAIeoCrVrf_VCFaOFX8xcsBc4lyJs5q_Vd3lYwgwcQom1cG1fD5eXx8.uRcWo5LmkrXelyxtkeZXRJ2VpkMpqeQi8nR4XMjdOGA%26dib_tag%3Dse%26keywords%3Dgpu%26qid%3D1775433811%26sprefix%3Dgp%252Caps%252C387%26sr%3D8-162-spons%26xpid%3DkRTaaIQ0Ql4iY%26sp_csd%3Dd2lkZ2V0TmFtZT1zcF9hdGZfbmV4dA%26psc%3D1","https://m.media-amazon.com/images/I/51Fh-coLphL._AC_UY218_.jpg","Sponsored","Thermal Pad 14.8 W/mK, 85x45x3mm, Non Conductive Heat Resistance High Temperature Resistance, Silicone Thermal Pads for Laptop Heatsink GPU CPU LED Cooler (3mm)","4.6","(15)","$15.99","","","Two-Day","FREE delivery","Tue, Apr 7",""
"","https://www.amazon.com/Intel-B580-Limited-Graphics-Card/dp/B0DPM9923G/ref=sr_1_163?crid=346W5D56T0W20&dib=eyJ2IjoiMSJ9.9vt_hDv3G_BcfBifUjX0QzLxAOOGZne13cPeLMxCi0o_BfEmBkO03rP2tSmgMHx0DtVKqEu36WeiUaTywdCfiJ0I0HB4k_hV4YvHbx_owmJYGJgkmxJDk6ToKSwFnYqc1Ptk_z3mdVrLyOwowoQYAUpWFOzkkK8UCVqflLydvagnyKrw5vLhKAIeoCrVrf_VCFaOFX8xcsBc4lyJs5q_Vd3lYwgwcQom1cG1fD5eXx8.uRcWo5LmkrXelyxtkeZXRJ2VpkMpqeQi8nR4XMjdOGA&dib_tag=se&keywords=gpu&qid=1775433811&sprefix=gp%2Caps%2C387&sr=8-163&xpid=kRTaaIQ0Ql4iY","https://m.media-amazon.com/images/I/61bZMb7+EXL._AC_UY218_.jpg","","Intel Arc B580 Limited Edition Graphics Card","4.7","(82)","$398.50","","","","FREE delivery","Fri, Apr 24",""
"Only 2 left in stock - order soon.","https://www.amazon.com/msi-GeForce-Graphics-Creation-Inference/dp/B0GKFHLLRM/ref=sr_1_164_mod_primary_new?crid=346W5D56T0W20&dib=eyJ2IjoiMSJ9.9vt_hDv3G_BcfBifUjX0QzLxAOOGZne13cPeLMxCi0o_BfEmBkO03rP2tSmgMHx0DtVKqEu36WeiUaTywdCfiJ0I0HB4k_hV4YvHbx_owmJYGJgkmxJDk6ToKSwFnYqc1Ptk_z3mdVrLyOwowoQYAUpWFOzkkK8UCVqflLydvagnyKrw5vLhKAIeoCrVrf_VCFaOFX8xcsBc4lyJs5q_Vd3lYwgwcQom1cG1fD5eXx8.uRcWo5LmkrXelyxtkeZXRJ2VpkMpqeQi8nR4XMjdOGA&dib_tag=se&keywords=gpu&qid=1775433811&sbo=RZvfv%2F%2FHxDF%2BO5021pAnSA%3D%3D&sprefix=gp%2Caps%2C387&sr=8-164&xpid=kRTaaIQ0Ql4iY","https://m.media-amazon.com/images/I/71IniZYW0nL._AC_UY218_.jpg","","msi GeForce RTX 5070 Ti Ventus 3X PZ OC Triple Fan Graphics Card, 16GB GDDR7, 1406 AI Tops, DLSS 4, AI Content Creation, Local LLM Inference, PCIe 5.0, DP 2.1b x3, HDMI 2.1b, with GPU Holder","","","$1,167.97","","","Two-Day","FREE delivery","Mon, Apr 13","Wed, Apr 8"
"Only 1 left in stock - order soon.","https://www.amazon.com/sspa/click?ie=UTF8&spc=MTo0ODkzMjkxNjE3NDIxODI0OjE3NzU0MzM4MTE6c3BfbXRmOjMwMTIyNjE1MDQ2MDcwMjo6MDo6&url=%2FGOWENIC-Profile-Graphics-Support-Computer%2Fdp%2FB0FQ38JKQL%2Fref%3Dsr_1_165_sspa%3Fcrid%3D346W5D56T0W20%26dib%3DeyJ2IjoiMSJ9.9vt_hDv3G_BcfBifUjX0QzLxAOOGZne13cPeLMxCi0o_BfEmBkO03rP2tSmgMHx0DtVKqEu36WeiUaTywdCfiJ0I0HB4k_hV4YvHbx_owmJYGJgkmxJDk6ToKSwFnYqc1Ptk_z3mdVrLyOwowoQYAUpWFOzkkK8UCVqflLydvagnyKrw5vLhKAIeoCrVrf_VCFaOFX8xcsBc4lyJs5q_Vd3lYwgwcQom1cG1fD5eXx8.uRcWo5LmkrXelyxtkeZXRJ2VpkMpqeQi8nR4XMjdOGA%26dib_tag%3Dse%26keywords%3Dgpu%26qid%3D1775433811%26sprefix%3Dgp%252Caps%252C387%26sr%3D8-165-spons%26xpid%3DkRTaaIQ0Ql4iY%26sp_csd%3Dd2lkZ2V0TmFtZT1zcF9tdGY%26psc%3D1","https://m.media-amazon.com/images/I/61ILWBW59gL._AC_UY218_.jpg","Sponsored","GOWENIC RX 550ti Low Profile Graphics Card 6GB, GDDR5, 192bit, VGA DVI D HDMI, Video Card for PC Gaming, 4K Support, Gaming Computer GPU, PCI Express X16","1.0","(1)","$82.92","","","","FREE delivery","Apr 24 - May 4",""
"","https://www.amazon.com/sspa/click?ie=UTF8&spc=MTo0ODkzMjkxNjE3NDIxODI0OjE3NzU0MzM4MTE6c3BfbXRmOjMwMTE0NzUyNTc4NjcwMjo6MDo6&url=%2FVBESTLIFE-Graphics-3000MHz-Desktop-Gaming%2Fdp%2FB0GGC1GLYJ%2Fref%3Dsr_1_166_sspa%3Fcrid%3D346W5D56T0W20%26dib%3DeyJ2IjoiMSJ9.9vt_hDv3G_BcfBifUjX0QzLxAOOGZne13cPeLMxCi0o_BfEmBkO03rP2tSmgMHx0DtVKqEu36WeiUaTywdCfiJ0I0HB4k_hV4YvHbx_owmJYGJgkmxJDk6ToKSwFnYqc1Ptk_z3mdVrLyOwowoQYAUpWFOzkkK8UCVqflLydvagnyKrw5vLhKAIeoCrVrf_VCFaOFX8xcsBc4lyJs5q_Vd3lYwgwcQom1cG1fD5eXx8.uRcWo5LmkrXelyxtkeZXRJ2VpkMpqeQi8nR4XMjdOGA%26dib_tag%3Dse%26keywords%3Dgpu%26qid%3D1775433811%26sprefix%3Dgp%252Caps%252C387%26sr%3D8-166-spons%26xpid%3DkRTaaIQ0Ql4iY%26sp_csd%3Dd2lkZ2V0TmFtZT1zcF9tdGY%26psc%3D1","https://m.media-amazon.com/images/I/61m0bqEMU7L._AC_UY218_.jpg","Sponsored","VBESTLIFE 550TI 6GB Graphics Card, GDDR5 192 Bit GPU, 750/3000MHz, PCIE 1.1 x16 Desktop PC Gaming Video Card with HDMI, DVI, VGA Ports","","","$83.83","","","","FREE delivery","Apr 15 - 24",""
"","https://aax-us-east-retail-direct.amazon.com/x/c/JGZ0qPfBxGzaaF1O_2DDLloAAAGdYBoFnQEAAAH2AQBvbm9fdHhuX2JpZDIgICBvbm9fdHhuX2ltcDEgICBtUjFG/clv1c_ek-wwoHXFcbWDYHOEIvrJ16WHlXzGjt1TSsF6k0ir_OKyC5iZZG3Agg9dN1khSFtp0n3HihMeTcFFPeIo9FXNZdy3Z14SKSH39HkfdlmJDTxSyDn3DJ5cy187PGc7qJXy-REyh2c5I47iG_7pBcb29HVrH1clJNqkUP82yyi-op3x3E2M9wAvnSEohlCbXSs-KwL6EVSFmHLwIxLnsJy9nYINLwrn2uP0FtTjFArXzoJkg78Pb0W5h1KCEFECkm4IYo1cYkARQmfbp7ubvHLolCxTUgsrjMYOStCSox1f4wrGi0X3LdQoovXngKvvvlXAgsX-SEpIL1jbBS7RrCVBPfuwOhxosJUMHQi3f6SJFANulRFDsO-7o4KiC6-_StrHrL9Bj5gCfUuiNEWfcQtpxIme7jbrkZ9iVRizUzXNycQHxUdb81wU3V9LBXuwVziCGfItAi46O3hX0lOELTpAVW5OjhayhyMCIG1Er3HEKOyjltXZUBijgryvr3yPvyZURRpnH53w5ZfLmz2jLPkZNEOs6l9Q7se_-_zaXeFT4t327D7GIjO_8bJpENZEEYpPB_tX8svPjdIGTMSliGjbGm_7Yu1KJo8pa6P2S4miwn6jeAsCudUVrvIHsQFpybQAMBOMdsPkJ61uXTsbcmGzUu9swWZZY8Ht1XIdyZBnu-emfi_MknAG6_4DeBYC_oNvdAdbGHqrC_PgRfEFXRfInbVirhjKEeEpq-70shAcn-VAnuOAs_1q0fUVJG7vuW9p2gObCX8PG0AZwfM9m8bjJBSD1vvsB6iapRHw4I7MTil0hhnmfcV3ujJtknwoY_bcR5GheCLcKB2e6FgWZiOiXb_v_QJrlXEZOumFRzevJFetfKN_7j-X-FIHzztrfo9HSzQES50Vdk3WwkDsDpIyR5K4CRXsr6wsFwFua2_qJAK8mdQl6rywjhO0kd_AHfdyDbnURqUQE3x-9mbMaH9uGoSYBMEM4f0pEmr-T-G4VNVXBSuFkoKbqpLGElRnwdASP0IUaZ7OLwwlgN5Vw3yIOfRGT8n2MtMNQurXSrM4kZ6c_d6mvVvVXmer-caTQN0joPb/https://www.amazon.com/stores/page/B916E14A-6EA6-40A0-B386-1C60ECE20F5C/?_encoding=UTF8&pd_rd_plhdr=t&pd_rd_i=B0FF4R4HH5&ref_=sbx_be_s_sparkle_ssd_bkg&store_ref=SBV_A04921433J7IU47RF0WTL-A06084247UALMRTEA2UJ&lp_asins=B0FF4R4HH5&pd_rd_w=Q8mun&content-id=amzn1.sym.a55e4c23-ba6c-4408-a37e-65ef6d7a1c73%3Aamzn1.sym.a55e4c23-ba6c-4408-a37e-65ef6d7a1c73&pf_rd_p=a55e4c23-ba6c-4408-a37e-65ef6d7a1c73&pf_rd_r=ASNWWATE2D0DH19RBHB1&pd_rd_wg=rzjYt&pd_rd_r=592aa107-c163-4f39-bb8a-3161855223e1","","","","4.1","Shop","","","","","","",""
"| Based on star rating and number of customer ratings","https://www.amazon.com/s?k=gpu&page=11&crid=346W5D56T0W20&qid=1775433807&sprefix=gp%2Caps%2C387&xpid=kRTaaIQ0Ql4iY&ref=sr_pg_10#","https://m.media-amazon.com/images/I/51+5TETVR7L._AC_UL320_.jpg","","","4.0","(15)","$169.95","$199.95","","Two-Day","FREE delivery","Tue, Apr 7","Apr 15 - 20"
"","https://aax-us-east-retail-direct.amazon.com/x/c/JKQ6UzHTDEFHOMm8H3kBaa0AAAGdYBoFjwEAAAH2AQBvbm9fdHhuX2JpZDEgICBvbm9fdHhuX2ltcDIgICD2_aJn/clv1c_ek-wwoHXFcbaDoHOHovrJ16WHlXzGjt1TWvbw1HSndV7iC4D7fl4m-HQcX694N5LymlY4UX7kLPUxq_U-2lfhBZEz3MpuKoZbzYVAOfutMxiJSqal6PmCDwoc9nfmv-4oLAOEQF2jpJXgu0K3J1G-Nn3wD2d8XRq18J2xDO95uKmy7jB1zM-dob2ZRqTVV9X1OUAak_2mgPcAvD57kxeP_y-2L63Gh9DJSx-Iidu0_RHsVSs6iCwz3pNZFrOaNNLQF5LvtQaWNK8ILwPh4sz7kaVZASMB72gUyJQZ2B1cUlLjbZKWVLqo4G_hNLESeaSu8mf1m9eMC6OeqkFshgqcV3DH2R0tgKTa_HP9JPA7O4XxW_SlP1II1HwsBdRohBS3gkbbtI2vyxI3iai_BFZeqtqZlxKY3ciJlRBhQ_rBKHVOTXL_j_Q4F5CMcUOsD3HRJ57TEiSBB_3o1I4siGklnEe6SAzv0u_Tmalb8D0iRsb-ykLfMMxXOZMq0NgAT3ZPo7Ru2Co9RThc4JsozdURQkFm2t04BVBmpf6A1IKcf_FK5KJmAc7Q3U-Yr1-9yLfyR25Iu4actTzjc2jGg1SMHMyOcKraYilFlIg8UrIze1exOgW7vYB-iF6sNr1w7RrVjF2naGiVzbZQgs59KCzBm-lwN8y9ZLbS4ZzUYn8fN_WJNe7wu7G2a1Vp4kOxNDnf7SqOMf2TUVQjOz8rQUGAcjWnOkP0qX8ub7pe1eBLB5WSFSx5tv1YgjMTsmef-0HqWfVMldK8zU0Yu3OCuL1yzH_0UbbA9k7CRUBjqo5s55K59VvJxexA4Kvivv66tx7NoyReAO6ZXot4o5XWsU-vqAHk3fxOQs38d0I9pGYaap3GNAOWgyClRZD1gn36pzyg_h2pW0eO7Zv64O2biOsvMUPK1NnaZg3DU3wQQEWBHUZ-iEqkCzgI9BpUD_u0rwVErB1usiD8fo6mfIXvcATQQ4fM3tZq8dl2Cp2zO1YgIc8nKER45l6-rFs1xD_IkW2U2CdSiXduXvJFIyYlLt2N1bfk_EmL_Q-QFaQBCsy-aGxohfEdHashmVyZBzkqFXJyA23EORGKu6jyNtxssxM8FjnyxD3K5mE/https://www.amazon.com/stores/page/E2821F86-992F-46D1-8AF6-261B37F16485/?_encoding=UTF8&store_ref=SB_A02260671R939GYN27DRZ-A06945523F08S7QPG4KRS&pd_rd_plhdr=t&aaxitk=0fa716ade5e30a214758e404115f6167&hsa_cr_id=0&lp_asins=B0C99BH9KT%2CB0CGZJQH5B%2CB0BZC16C8J&lp_query=gpu&lp_slot=desktop-inline&ref_=sbx__sbtcd2_bkgd&pd_rd_w=ksTrA&content-id=amzn1.sym.8a47ec59-c206-4272-83cb-e2017cc774b4%3Aamzn1.sym.8a47ec59-c206-4272-83cb-e2017cc774b4&pf_rd_p=8a47ec59-c206-4272-83cb-e2017cc774b4&pf_rd_r=ASNWWATE2D0DH19RBHB1&pd_rd_wg=rzjYt&pd_rd_r=592aa107-c163-4f39-bb8a-3161855223e1","","","","4.7","|","$11.99","$9.99","","Overnight","FREE delivery  on $25 of qualifying items","Overnight 7 AM - 11 AM","Overnight 7 AM - 11 AM"
"Only 1 left in stock - order soon.","https://www.amazon.com/EVGA-Geforce-Express-15000Mhz-12G-P5-3657-KR/dp/B08XQWR62V/ref=sr_1_167?crid=346W5D56T0W20&dib=eyJ2IjoiMSJ9.9vt_hDv3G_BcfBifUjX0QzLxAOOGZne13cPeLMxCi0o_BfEmBkO03rP2tSmgMHx0DtVKqEu36WeiUaTywdCfiJ0I0HB4k_hV4YvHbx_owmJYGJgkmxJDk6ToKSwFnYqc1Ptk_z3mdVrLyOwowoQYAUpWFOzkkK8UCVqflLydvagnyKrw5vLhKAIeoCrVrf_VCFaOFX8xcsBc4lyJs5q_Vd3lYwgwcQom1cG1fD5eXx8.uRcWo5LmkrXelyxtkeZXRJ2VpkMpqeQi8nR4XMjdOGA&dib_tag=se&keywords=gpu&qid=1775433811&sprefix=gp%2Caps%2C387&sr=8-167&xpid=kRTaaIQ0Ql4iY","https://m.media-amazon.com/images/I/81ZKtpbPhHS._AC_UY218_.jpg","","EVGA Geforce RTX 3060 Xc Gaming (12Gb Gddr6/Pci Express 4.0/1882Mhz/15000Mhz), 12G-P5-3657-KR","4.3","(203)","$679.00","","","Two-Day","FREE delivery","Tue, Apr 7",""
"","https://www.amazon.com/GeForce-Graphics-RTX4070-DisplayPort-DUAL-RTX4070TIS-16G/dp/B09T9LK9MQ/ref=sr_1_168?crid=346W5D56T0W20&dib=eyJ2IjoiMSJ9.9vt_hDv3G_BcfBifUjX0QzLxAOOGZne13cPeLMxCi0o_BfEmBkO03rP2tSmgMHx0DtVKqEu36WeiUaTywdCfiJ0I0HB4k_hV4YvHbx_owmJYGJgkmxJDk6ToKSwFnYqc1Ptk_z3mdVrLyOwowoQYAUpWFOzkkK8UCVqflLydvagnyKrw5vLhKAIeoCrVrf_VCFaOFX8xcsBc4lyJs5q_Vd3lYwgwcQom1cG1fD5eXx8.uRcWo5LmkrXelyxtkeZXRJ2VpkMpqeQi8nR4XMjdOGA&dib_tag=se&keywords=gpu&qid=1775433811&sprefix=gp%2Caps%2C387&sr=8-168&xpid=kRTaaIQ0Ql4iY","https://m.media-amazon.com/images/I/610-GvUMGTL._AC_UY218_.jpg","","Asus Dual GeForce RTX 4070 Ti Super 16GB GDDR6X Gaming Graphics Card (Nvidia RTX4070 DLSS 3, PCIe 4.0, 1x HDMI 2.1a, 3X DisplayPort 1.4a, DUAL-RTX4070TIS-16G)","5.0","(2)","","","","","","",""
"","https://www.amazon.com/sspa/click?ie=UTF8&spc=MTo0ODkzMjkxNjE3NDIxODI0OjE3NzU0MzM4MTE6c3BfbXRmOjMwMDY4OTQ0MzM3OTUwMjo6MDo6&url=%2F51RISC-Graphics-192-bit-DisplayPort-Desktop%2Fdp%2FB0BYJH6N5W%2Fref%3Dsr_1_169_sspa%3Fcrid%3D346W5D56T0W20%26dib%3DeyJ2IjoiMSJ9.9vt_hDv3G_BcfBifUjX0QzLxAOOGZne13cPeLMxCi0o_BfEmBkO03rP2tSmgMHx0DtVKqEu36WeiUaTywdCfiJ0I0HB4k_hV4YvHbx_owmJYGJgkmxJDk6ToKSwFnYqc1Ptk_z3mdVrLyOwowoQYAUpWFOzkkK8UCVqflLydvagnyKrw5vLhKAIeoCrVrf_VCFaOFX8xcsBc4lyJs5q_Vd3lYwgwcQom1cG1fD5eXx8.uRcWo5LmkrXelyxtkeZXRJ2VpkMpqeQi8nR4XMjdOGA%26dib_tag%3Dse%26keywords%3Dgpu%26qid%3D1775433811%26sprefix%3Dgp%252Caps%252C387%26sr%3D8-169-spons%26xpid%3DkRTaaIQ0Ql4iY%26sp_csd%3Dd2lkZ2V0TmFtZT1zcF9tdGY%26psc%3D1","https://m.media-amazon.com/images/I/71R7sFUR86L._AC_UY218_.jpg","Sponsored","RTX 2060 Graphics Card, 6GB GDDR6 192-bit PCIe 3 x16 HDMI DisplayPort DVI Gaming Video Card for Desktop 1080p 2K AAA Games (RTX 2060 6GB)","4.6","(5)","$299.00","","","","FREE delivery  for Prime members","Apr 24 - May 14",""
"","https://www.amazon.com/sspa/click?ie=UTF8&spc=MTo0ODkzMjkxNjE3NDIxODI0OjE3NzU0MzM4MTE6c3BfbXRmOjMwMTE0NzgxODkxNzgwMjo6MDo6&url=%2FZunate-Profile-Graphics-1183MHz-DisplayPort%2Fdp%2FB0GGC2LK24%2Fref%3Dsr_1_170_sspa%3Fcrid%3D346W5D56T0W20%26dib%3DeyJ2IjoiMSJ9.9vt_hDv3G_BcfBifUjX0QzLxAOOGZne13cPeLMxCi0o_BfEmBkO03rP2tSmgMHx0DtVKqEu36WeiUaTywdCfiJ0I0HB4k_hV4YvHbx_owmJYGJgkmxJDk6ToKSwFnYqc1Ptk_z3mdVrLyOwowoQYAUpWFOzkkK8UCVqflLydvagnyKrw5vLhKAIeoCrVrf_VCFaOFX8xcsBc4lyJs5q_Vd3lYwgwcQom1cG1fD5eXx8.uRcWo5LmkrXelyxtkeZXRJ2VpkMpqeQi8nR4XMjdOGA%26dib_tag%3Dse%26keywords%3Dgpu%26qid%3D1775433811%26sprefix%3Dgp%252Caps%252C387%26sr%3D8-170-spons%26xpid%3DkRTaaIQ0Ql4iY%26sp_csd%3Dd2lkZ2V0TmFtZT1zcF9tdGY%26psc%3D1","https://m.media-amazon.com/images/I/51lh5cdslPL._AC_UY218_.jpg","Sponsored","Zunate 8GB GDDR5 128 bit Low Profile Graphics Card, 1183MHz GPU with HDMI DVI DisplayPort, Plug & Play for PC, Home Office & Budget Gaming","","","$169.51","","","","FREE delivery","Apr 29 - May 13",""
"Typical:","https://www.amazon.com/PNY-VCQP4000-PB-NVIDIA-Quadro-P4000/dp/B06X9TNDFF/ref=sr_1_171_mod_primary_new?crid=346W5D56T0W20&dib=eyJ2IjoiMSJ9.9vt_hDv3G_BcfBifUjX0QzLxAOOGZne13cPeLMxCi0o_BfEmBkO03rP2tSmgMHx0DtVKqEu36WeiUaTywdCfiJ0I0HB4k_hV4YvHbx_owmJYGJgkmxJDk6ToKSwFnYqc1Ptk_z3mdVrLyOwowoQYAUpWFOzkkK8UCVqflLydvagnyKrw5vLhKAIeoCrVrf_VCFaOFX8xcsBc4lyJs5q_Vd3lYwgwcQom1cG1fD5eXx8.uRcWo5LmkrXelyxtkeZXRJ2VpkMpqeQi8nR4XMjdOGA&dib_tag=se&keywords=gpu&qid=1775433811&sbo=RZvfv%2F%2FHxDF%2BO5021pAnSA%3D%3D&sprefix=gp%2Caps%2C387&sr=8-171&xpid=kRTaaIQ0Ql4iY","https://m.media-amazon.com/images/I/71X1JxDLwhL._AC_UY218_.jpg","","PNY NVIDIA Quadro P4000","4.3","(110)","$243.88","$293.92","$293.92","Overnight","FREE delivery","Wed, Apr 15","Overnight 7 AM - 11 AM"
"Typical:","https://www.amazon.com/ASRock-RX7900XT-PG-20GO-Graphics/dp/B0BTPJBSBV/ref=sr_1_172?crid=346W5D56T0W20&dib=eyJ2IjoiMSJ9.9vt_hDv3G_BcfBifUjX0QzLxAOOGZne13cPeLMxCi0o_BfEmBkO03rP2tSmgMHx0DtVKqEu36WeiUaTywdCfiJ0I0HB4k_hV4YvHbx_owmJYGJgkmxJDk6ToKSwFnYqc1Ptk_z3mdVrLyOwowoQYAUpWFOzkkK8UCVqflLydvagnyKrw5vLhKAIeoCrVrf_VCFaOFX8xcsBc4lyJs5q_Vd3lYwgwcQom1cG1fD5eXx8.uRcWo5LmkrXelyxtkeZXRJ2VpkMpqeQi8nR4XMjdOGA&dib_tag=se&keywords=gpu&qid=1775433811&sprefix=gp%2Caps%2C387&sr=8-172&xpid=kRTaaIQ0Ql4iY","https://m.media-amazon.com/images/I/61h86qFR9eL._AC_UY218_.jpg","","ASRock AMD Radeon™ RX 7900 XT Phantom Gaming 20GB OC Graphics Card 320 Bit 7680 x 4320 0dB Silent Cooling 3 x DisplayPort™ 2.1 GDDR6 1 x HDMI™ 2.1 20Gbps PCI Express 4.0","4.4","(199)","$799.99","$980.00","$980.00","","$18.92 delivery","Thu, Apr 16",""
"","https://www.amazon.com/BOSGAME-eGPU-Architecture-Thunderbolt-AndThunderbolt/dp/B0F2MW96PT/ref=sr_1_173?crid=346W5D56T0W20&dib=eyJ2IjoiMSJ9.9vt_hDv3G_BcfBifUjX0QzLxAOOGZne13cPeLMxCi0o_BfEmBkO03rP2tSmgMHx0DtVKqEu36WeiUaTywdCfiJ0I0HB4k_hV4YvHbx_owmJYGJgkmxJDk6ToKSwFnYqc1Ptk_z3mdVrLyOwowoQYAUpWFOzkkK8UCVqflLydvagnyKrw5vLhKAIeoCrVrf_VCFaOFX8xcsBc4lyJs5q_Vd3lYwgwcQom1cG1fD5eXx8.uRcWo5LmkrXelyxtkeZXRJ2VpkMpqeQi8nR4XMjdOGA&dib_tag=se&keywords=gpu&qid=1775433811&sprefix=gp%2Caps%2C387&sr=8-173&xpid=kRTaaIQ0Ql4iY","https://m.media-amazon.com/images/I/61AqVpX8HvL._AC_UY218_.jpg","","BOSGAME eGPU Graphic Card Dock Expansion Card, Radeon RX 7600M XT 8GB GDDR6 RDNA3 Architecture M.2 2280 Oculink, Support Thunderbolt 3 AndThunderbolt 4","4.4","(36)","$788.95","","","Tomorrow","FREE delivery","Tomorrow, Apr 6",""
"","https://www.amazon.com/AOOSTAR-AG01-External-Mainstream-Expansion/dp/B0F8B23CN9/ref=sr_1_174?crid=346W5D56T0W20&dib=eyJ2IjoiMSJ9.9vt_hDv3G_BcfBifUjX0QzLxAOOGZne13cPeLMxCi0o_BfEmBkO03rP2tSmgMHx0DtVKqEu36WeiUaTywdCfiJ0I0HB4k_hV4YvHbx_owmJYGJgkmxJDk6ToKSwFnYqc1Ptk_z3mdVrLyOwowoQYAUpWFOzkkK8UCVqflLydvagnyKrw5vLhKAIeoCrVrf_VCFaOFX8xcsBc4lyJs5q_Vd3lYwgwcQom1cG1fD5eXx8.uRcWo5LmkrXelyxtkeZXRJ2VpkMpqeQi8nR4XMjdOGA&dib_tag=se&keywords=gpu&qid=1775433811&sprefix=gp%2Caps%2C387&sr=8-174&xpid=kRTaaIQ0Ql4iY","https://m.media-amazon.com/images/I/61xydQIUIdL._AC_UY218_.jpg","","AOOSTAR AG01 External GPU Docking Station, Supports Mainstream NVIDIA and AMD Graphics Cards, Built-in 800W Power Supply, Oculink Expansion Graphics","4.4","(32)","$179.00","","","Tomorrow","FREE delivery","Tomorrow, Apr 6",""
"Only 3 left in stock - order soon.","https://www.amazon.com/Gigabyte-GeForce-5060-Profile-Graphics/dp/B0F6NMXJ1M/ref=sr_1_175?crid=346W5D56T0W20&dib=eyJ2IjoiMSJ9.9vt_hDv3G_BcfBifUjX0QzLxAOOGZne13cPeLMxCi0o_BfEmBkO03rP2tSmgMHx0DtVKqEu36WeiUaTywdCfiJ0I0HB4k_hV4YvHbx_owmJYGJgkmxJDk6ToKSwFnYqc1Ptk_z3mdVrLyOwowoQYAUpWFOzkkK8UCVqflLydvagnyKrw5vLhKAIeoCrVrf_VCFaOFX8xcsBc4lyJs5q_Vd3lYwgwcQom1cG1fD5eXx8.uRcWo5LmkrXelyxtkeZXRJ2VpkMpqeQi8nR4XMjdOGA&dib_tag=se&keywords=gpu&qid=1775433811&sprefix=gp%2Caps%2C387&sr=8-175&xpid=kRTaaIQ0Ql4iY","https://m.media-amazon.com/images/I/71xvvKBSwbL._AC_UY218_.jpg","","Gigabyte GeForce RTX 5060 OC Low Profile 8G Graphics Card - 8GB GDDR7, 128bit, PCI-E 5.0, 2512 MHz Core Frequency, 3 x DisplayPort, 1 x HDMI, GV-N5060OC-8GL","4.3","(48)","$419.88","","","","FREE delivery","Wed, Apr 8",""
"Only 1 left in stock - order soon.","https://www.amazon.com/PNY-VCNRTXA200012GB-PB-NVIDIA-A2000-12GB/dp/B09SJ2BZ85/ref=sr_1_176?crid=346W5D56T0W20&dib=eyJ2IjoiMSJ9.9vt_hDv3G_BcfBifUjX0QzLxAOOGZne13cPeLMxCi0o_BfEmBkO03rP2tSmgMHx0DtVKqEu36WeiUaTywdCfiJ0I0HB4k_hV4YvHbx_owmJYGJgkmxJDk6ToKSwFnYqc1Ptk_z3mdVrLyOwowoQYAUpWFOzkkK8UCVqflLydvagnyKrw5vLhKAIeoCrVrf_VCFaOFX8xcsBc4lyJs5q_Vd3lYwgwcQom1cG1fD5eXx8.uRcWo5LmkrXelyxtkeZXRJ2VpkMpqeQi8nR4XMjdOGA&dib_tag=se&keywords=gpu&qid=1775433811&sprefix=gp%2Caps%2C387&sr=8-176&xpid=kRTaaIQ0Ql4iY","https://m.media-amazon.com/images/I/31-VEOF5THL._AC_UY218_.jpg","","PNY NVIDIA RTX A2000 12GB","4.5","(21)","$735.00","","","","FREE delivery  for Prime members","Sat, Apr 11",""
"50+ bought in past month","https://www.amazon.com/XFX-Mercury-Radeon-9060XT-RX-96TMERCW9/dp/B0FFNF5J8Y/ref=sr_1_177?crid=346W5D56T0W20&dib=eyJ2IjoiMSJ9.9vt_hDv3G_BcfBifUjX0QzLxAOOGZne13cPeLMxCi0o_BfEmBkO03rP2tSmgMHx0DtVKqEu36WeiUaTywdCfiJ0I0HB4k_hV4YvHbx_owmJYGJgkmxJDk6ToKSwFnYqc1Ptk_z3mdVrLyOwowoQYAUpWFOzkkK8UCVqflLydvagnyKrw5vLhKAIeoCrVrf_VCFaOFX8xcsBc4lyJs5q_Vd3lYwgwcQom1cG1fD5eXx8.uRcWo5LmkrXelyxtkeZXRJ2VpkMpqeQi8nR4XMjdOGA&dib_tag=se&keywords=gpu&qid=1775433811&sprefix=gp%2Caps%2C387&sr=8-177&xpid=kRTaaIQ0Ql4iY","https://m.media-amazon.com/images/I/71Ap9qWAQZL._AC_UY218_.jpg","","XFX Mercury AMD Radeon RX 9060XT OC White Gaming Edition with 16GB GDDR6 HDMI 2xDP, AMD RDNA 4 RX-96TMERCW9","4.5","(80)","","","","","","",""
"50+ bought in past month","https://www.amazon.com/MINISFORUM-External-Enclosure-Extension-Expansion/dp/B0DPGYKH7G/ref=sr_1_178?crid=346W5D56T0W20&dib=eyJ2IjoiMSJ9.9vt_hDv3G_BcfBifUjX0QzLxAOOGZne13cPeLMxCi0o_BfEmBkO03rP2tSmgMHx0DtVKqEu36WeiUaTywdCfiJ0I0HB4k_hV4YvHbx_owmJYGJgkmxJDk6ToKSwFnYqc1Ptk_z3mdVrLyOwowoQYAUpWFOzkkK8UCVqflLydvagnyKrw5vLhKAIeoCrVrf_VCFaOFX8xcsBc4lyJs5q_Vd3lYwgwcQom1cG1fD5eXx8.uRcWo5LmkrXelyxtkeZXRJ2VpkMpqeQi8nR4XMjdOGA&dib_tag=se&keywords=gpu&qid=1775433811&sprefix=gp%2Caps%2C387&sr=8-178&xpid=kRTaaIQ0Ql4iY","https://m.media-amazon.com/images/I/61fZUjmWe+L._AC_UY218_.jpg","","MINISFORUM DEG1 eGPU Dock, External GPU Docking Station for RTX 4090, AMD RX 7900 XTX, eGPU Enclosure Graphics Card Extension Support ATX/SFX Standard Power, Oculink Expansion Graphics Docking Station","4.2","(60)","$109.90","","","Overnight","FREE delivery","Overnight 7 AM - 11 AM",""
"Or","https://www.amazon.com/PA602-Computer-Radiator-Indicator-Tool-Less/dp/B0CPP3DWLX/ref=sr_1_179?crid=346W5D56T0W20&dib=eyJ2IjoiMSJ9.9vt_hDv3G_BcfBifUjX0QzLxAOOGZne13cPeLMxCi0o_BfEmBkO03rP2tSmgMHx0DtVKqEu36WeiUaTywdCfiJ0I0HB4k_hV4YvHbx_owmJYGJgkmxJDk6ToKSwFnYqc1Ptk_z3mdVrLyOwowoQYAUpWFOzkkK8UCVqflLydvagnyKrw5vLhKAIeoCrVrf_VCFaOFX8xcsBc4lyJs5q_Vd3lYwgwcQom1cG1fD5eXx8.uRcWo5LmkrXelyxtkeZXRJ2VpkMpqeQi8nR4XMjdOGA&dib_tag=se&keywords=gpu&qid=1775433811&sprefix=gp%2Caps%2C387&sr=8-179&ufe=app_do%3Aamzn1.fos.5998aa40-ec6f-4947-a68f-cd087fee0848&xpid=kRTaaIQ0Ql4iY","https://m.media-amazon.com/images/I/71LBIWmq1sL._AC_UY218_.jpg","","ASUS ProArt PA602 E-ATX PC Case 420mm Radiator Support, Dual 200mm Built-in Fans, Front Panel IR dust Indicator, Power Lock Latch, Tool-Less PCIe mounting & GPU Holder, 20Gbps USB-C Front I/O","4.7","(113)","$309.99","","$62.00","Overnight","FREE delivery","Overnight 7 AM - 11 AM",""
"Top Brand","https://www.amazon.com/ASUS-Graphics-Axial-tech-SFF-Ready-2-5-Slot/dp/B0GMFLW1FR/ref=sr_1_180?crid=346W5D56T0W20&dib=eyJ2IjoiMSJ9.9vt_hDv3G_BcfBifUjX0QzLxAOOGZne13cPeLMxCi0o_BfEmBkO03rP2tSmgMHx0DtVKqEu36WeiUaTywdCfiJ0I0HB4k_hV4YvHbx_owmJYGJgkmxJDk6ToKSwFnYqc1Ptk_z3mdVrLyOwowoQYAUpWFOzkkK8UCVqflLydvagnyKrw5vLhKAIeoCrVrf_VCFaOFX8xcsBc4lyJs5q_Vd3lYwgwcQom1cG1fD5eXx8.uRcWo5LmkrXelyxtkeZXRJ2VpkMpqeQi8nR4XMjdOGA&dib_tag=se&keywords=gpu&qid=1775433811&sprefix=gp%2Caps%2C387&sr=8-180&xpid=kRTaaIQ0Ql4iY","https://m.media-amazon.com/images/I/81bd6uxwvIL._AC_UY218_.jpg","","ASUS Prime GeForce RTX 5060 Ti OC 16GB GDDR7 Graphics Card, PCIe 5.0, Triple Axial-tech Fans, SFF-Ready 2.5-Slot, 1x HDMI 2.1b, 3X DP 2.1b, Includes GPU Holder","Notable Arrival","","$699.00","","","Two-Day","FREE delivery","Notable Arrivals","Tue, Apr 7"
"","https://www.amazon.com/PowerColor-Hellhound-Spectral-Radeon-Graphics/dp/B0CT9JTTCJ/ref=sr_1_181?crid=346W5D56T0W20&dib=eyJ2IjoiMSJ9.9vt_hDv3G_BcfBifUjX0QzLxAOOGZne13cPeLMxCi0o_BfEmBkO03rP2tSmgMHx0DtVKqEu36WeiUaTywdCfiJ0I0HB4k_hV4YvHbx_owmJYGJgkmxJDk6ToKSwFnYqc1Ptk_z3mdVrLyOwowoQYAUpWFOzkkK8UCVqflLydvagnyKrw5vLhKAIeoCrVrf_VCFaOFX8xcsBc4lyJs5q_Vd3lYwgwcQom1cG1fD5eXx8.uRcWo5LmkrXelyxtkeZXRJ2VpkMpqeQi8nR4XMjdOGA&dib_tag=se&keywords=gpu&qid=1775433811&sprefix=gp%2Caps%2C387&sr=8-181&xpid=kRTaaIQ0Ql4iY","https://m.media-amazon.com/images/I/81gxoVXvMxL._AC_UY218_.jpg","","PowerColor Hellhound Spectral White AMD Radeon RX 7900XT Graphics Card 20GB GDDR6","4.5","(60)","","","","","","",""
"Only 3 left in stock - order soon.","https://www.amazon.com/ZOTAC-GeForce-Graphics-SFF-Ready-ZT-B50500G-10L/dp/B0FG9KQ9D7/ref=sr_1_182_mod_primary_new?crid=346W5D56T0W20&dib=eyJ2IjoiMSJ9.9vt_hDv3G_BcfBifUjX0QzLxAOOGZne13cPeLMxCi0o_BfEmBkO03rP2tSmgMHx0DtVKqEu36WeiUaTywdCfiJ0I0HB4k_hV4YvHbx_owmJYGJgkmxJDk6ToKSwFnYqc1Ptk_z3mdVrLyOwowoQYAUpWFOzkkK8UCVqflLydvagnyKrw5vLhKAIeoCrVrf_VCFaOFX8xcsBc4lyJs5q_Vd3lYwgwcQom1cG1fD5eXx8.uRcWo5LmkrXelyxtkeZXRJ2VpkMpqeQi8nR4XMjdOGA&dib_tag=se&keywords=gpu&qid=1775433811&sbo=RZvfv%2F%2FHxDF%2BO5021pAnSA%3D%3D&sprefix=gp%2Caps%2C387&sr=8-182&xpid=kRTaaIQ0Ql4iY","https://m.media-amazon.com/images/I/81xkS7kUTQL._AC_UY218_.jpg","","ZOTAC Gaming GeForce RTX 5050 Solo DLSS 4 8GB GDDR6 128-bit 20 Gbps PCIE 5.0 Gaming Graphics Card, SFF-Ready Super Compact Card, ZT-B50500G-10L","4.6","(19)","$335.99","","","","FREE delivery","Fri, Apr 10","Apr 7 - 8"
"200+ bought in past month","https://aax-us-east-retail-direct.amazon.com/x/c/JKgoL2y1ureSBMMnDJhuybUAAAGdYBoFkQEAAAH2AQBvbm9fdHhuX2JpZDIgICBvbm9fdHhuX2ltcDEgICAevtzB/clv1c_ek-wwoHXFcbWDYHOEIvrJ16WnhIPHs94gqk1tNTzb7leKxRISCM80qILF9k-3deUQYgOHDaAWCvjlTwHyslj9AdDQiGavuMRdBFi8V6DUEOXevYrn7vvJ0zYwbhNLm1ni1GQQFj_nrBhu1kaaaXn_NvF8NUcQ3naWoQADsULjQcykVMm7xiPSTuZZIT3v3mUikzrdtrrSJdJMf9fnwOAgdOpXO5HlgPniSJiXavykpEujAGFSTMOh1bsFfJgJOPN3oPiuvWKi_eqYqnOeUItmclxvENHbNqSIUY4p6As8pbH2b5r3LGLE0LBcVk8JwdSDZE7ysmUCf2Y9mtTMz-3T0OyejT-KhvmlnsLoyXlatnaEe5C9wliHqS6OhQMoosZFlzCP2r90nu9KRFypJ8z5EMVCyUxZJcUa74EHWMskQDEB9lie0dF8ZbksSfZ27KaThf9LniuCgTEAI-Znus4kZCP4tJi97UoOLPYHP68WMfhrLFwgUW0Hf0V4U09obUUbJTEssKlWeJByE_UOgbRjcQ-NJl7YaQ3fyaIBUYQpNpSEAnfW3rZH0EuG2YAA1mOWDOZVCo8d3h2Rp3Zca-3EJPaW3UnloN42FFcdY7Ue_7m7FfJZuBSh94fb63ICrIn2O1Wmcp3e0L3OyOv1Q5W_Kci10jR91sl9cPPihzdFEUsPpHYYyepb2obOjjkfOh3aFB92xc565mJKpPTMGHG9O_8WXNbfKVDlEgbny48m-LOIhzQmZf6gztBYR92yCjzQQMXCsDKqm0K-HW7eWqO1onjHK4jKuUiHH0S2TqJDZw5kLLfwMGg3eGsrZimTAupXgxS59dH7c_tOHMSToE3XnPzgymivuvfTXOfHt5HcJvGZ7wsP82vUjutnRG4Rhthl6tsKjWGaME4_FjAfrNwU5h9kV5Lo5Ztt614nJEWqEf98L1nhHtnR6QZofnLVGk22rlhI3VdNCspAeOlXgn-gmBXDJt5f_G_yy9z5AmHhFH4gapstGZ5LW_vReQSvFIanYrq4o5B2tKCxzhIHrv2qhy2lJYPgq6ynx6YYeO3rLjp-DQ-h5vXpsM/https://www.amazon.com/dp/B0F4M5DZK9?pd_rd_i=B0F4M5DZK9&pf_rd_p=2c8e5d59-6279-4999-832d-be45d1ca8e79&pf_rd_r=ASNWWATE2D0DH19RBHB1&pd_rd_wg=M0HQP&pd_rd_w=mglU7&pd_rd_r=af3dd3e0-6d19-488c-abe9-ebe163833bca","https://m.media-amazon.com/images/I/61N0I1UIyJL._AC_UL640_QL65_.jpg","","Thermal Paste for Computer CPU GPU Laptop 12.8W/mk Made in USA 4 Gram High Thermal Conductivity - Non Corrosive/Non-Conductive All Processor","4.7","Sponsored","$5.49","","","Overnight","FREE delivery  on $25 of qualifying items","Overnight 7 AM - 11 AM",""
"cpu","https://www.amazon.com/s?k=cpu&ref=rsl_sug_0_0&pd_rd_w=mNcD6&content-id=amzn1.sym.3be64970-3b95-4a6d-a45d-78077a3ff871:amzn1.sym.3be64970-3b95-4a6d-a45d-78077a3ff871&pf_rd_p=3be64970-3b95-4a6d-a45d-78077a3ff871&pf_rd_r=ASNWWATE2D0DH19RBHB1&pd_rd_wg=M0HQP&pd_rd_r=af3dd3e0-6d19-488c-abe9-ebe163833bca&qid=1775433811","","","","","","","","","","","",""
"","","","","","","","","","","","","",""
"","https://aax-us-east-retail-direct.amazon.com/x/c/JDvGUbazUbYtrT9Ytg52XlYAAAGdYBoGpQEAAAH2AQBvbm9fdHhuX2JpZDUgICBvbm9fdHhuX2ltcDEgICArcVwI/clv1c_ek-wwgfWLcTCDRVIul8QjMCTfgz7KqYTsJDdBnR_DzTKfocYZVgDW_q2OpGl6dbjX-faJ_ZkADwAZNnWSuq4ijdb_BTpPLYUj5cfkd9kHlE13F6z4ihggG5RcuEMj7F2CFvR7IL9Re-QzpGcZIZm8Ogr4P-vVvToUcFqxDI4C16w0pX2ZBVMpHfiMmUghF_OPMzbrcOLbooW8OXZgRPSl-G4jRb1xkT0vx4PElEtNim9G7Se3h8xkjpX2zZvxEka4bz_RCcATjWENqgVKgN2jr0X-UugHWjpj5Ler1Bn1JXfGDXnhURNTDgSr3dvRY42tZlvA-7o6ZHxW4WvUXC1mBDKKem5c1x6yXyhqcRl_iAEVRXu618VHoIbj9AVQwTa7F88inhmDupNR3_p6ArhBd3F5B4EHlmhuKSwrxtc5kH2gsN0jOsqesjIHihuXzVv1MwRvPR5YzjnGTBNia98I5D8X_k9tlUU5zwyK_bE0cgVZBUxlcqzRGGETghdxqtlWIOWmKdtAbo0OuV72r7id6Dvuih6a6c7NUQCYEvEfl5UKFrFf8sJD-U4s_vH8Gd8U9suKzMmRBe-DuRgNi-qkdI_Y7IPdStAgHA32GKNBUXpRKmFtEcLh_MBGun6bau6C3LtavHETS_Mt85Ns3E33G_9Ak_JovwP9ow8-MwIFGM2t_ER5mqs6Ltd22YRTKugfXsjyUFKstQaPgKboTiFXDQrPNcEnHjKqZYON1Q4VWjc3RFMRZKAIiN6h31TWYIbhMsUteqlUHa3Sc-OtA56hgegVzoSXIMA2mHCH_4MiNlGIci1UBLI2SN5RJj1Fy1gXOLcAxyPtatqW4492fUz30U_EJhcQeeEAv-7jHz3HZMnWkzVjc2sYsj2Yq-NgsLgZMDAxyy3zM1ZPPY02VeK72uvAF8uHdmjShcKjEv1UdfvgcUtEFmZKchq-NExI3glQ7FOaeH_uvQU_hjfY6XZ4E2zb1fcWalUJKjd7swjU5lAZpzfgJ2p4J5uJ1prxCoNp9UbSiubqCAJj2ytlp6o5xzE3qkkzrDubPbU4yqbRrUj/https://www.amazon.com/stores/page/C5C2F7A1-A824-464D-9A57-796C998E6970/?_encoding=UTF8&store_ref=SB_A0915500OT8JCNAZFSO0-A0872516ZHWAQQQAVDXZ&pd_rd_plhdr=t&aaxitk=8a30c99615ce599d539c88559d41ea58&hsa_cr_id=0&lp_asins=B01MSSJ32J&lp_query=gpu&lp_slot=desktop-hsa-3psl&ref_=sbx_be_s_3psl_mbd_mb0_bkgd&pd_rd_w=LsJTc&content-id=amzn1.sym.7d5eb573-01e8-49db-b262-65baa247c724%3Aamzn1.sym.7d5eb573-01e8-49db-b262-65baa247c724&pf_rd_p=7d5eb573-01e8-49db-b262-65baa247c724&pf_rd_r=ASNWWATE2D0DH19RBHB1&pd_rd_wg=sUhyz&pd_rd_r=68008492-9c60-4ecf-b71c-1d13e87ebb6a","","","","","","","","","","","",""
"","https://aax-us-east-retail-direct.amazon.com/x/c/JOC5VeuXn0fyosT5hWmNjToAAAGdYBoUrgEAAAH2AQBvbm9fdHhuX2JpZDcgICBvbm9fdHhuX2ltcDEgICB-6Z8k/clv1c_ek-ww4HXFcbWDYHOHovrJ16WPjERPZsaVVtL-kEir_MG-oPjWZG31ryHNrkOZrssjbF3JVbH524gi8oCNSGMe074XQDkFk-xfNHlfdlm9vI2FnykRsMiTG_wtt3cF0B-6NWRiBPJDHBKLXo0o4di79ibINsQF138i4zGn1tCnG_vqiu7hwRqjBpQNPrpff_al_7Tgm_TKhNItAyeP0rwvswTinOp5F5TEZ_C9kk3WUb8FW5QBYl3vWyNV7FGmK0SBFCzET3aTVdrgddKsrXU_SKNVJyPFF-e4h918GjUjoiPuRQSj4dPGTqfHOEat257WkrjTUs3AIpyKnsbM_IGlV93dOo9jOi4cqdl0I0f3blWApbaZVrEDCc83Nll9GGXXKFuJI1bzs2BvkJXgsAvtiOiy9Can1BwXLFTDiByBn2EDBNVUJopq5Y5A6pj-bYFKUVw9W64BgJWuvTdfD8AcVum2LsPiz-fHFrkZvw-yPUGAziNj2mCI9UTnp80hijqIMl_U25-YM2wmmVg5X4Czuu-fqflZlKCwsBtxf8YQJVDRlbGGlYMhNIzYK4TIEtDKxIcIYWrczVN2uFXGHcU4w5HoOsQdr4zbsPTEeLDoqfpnE2u1skyvuP16jz250uNABXcyHyVVPKcOe7f6NqCoBW9QxRBxzZ9klSLjfysqJLte9L3z-lyOKVhvjJbR-_RsvOL75JLVIjmOeDclEka9IP9UFt1ZFWH0byroKiwWnb5lNyaxvb4WhXqx-J6jy-xwM3A9F0X-w6k3HLwH4Uzf02pPQMFmxbsZjYlEEwwvwQOU4yS8eexNw48-7KGtfOnV83jE3SKWcwU83pQu81iio46kC_GsphIeU5NNmE1nn1Hiq6K9DuaqXCjxRRPgUnxwgJMeGNO_MnzUlbQbnAvu3qqS21l81x-_G6nR0OEgd1rqepY-5NAxC0NV8lR0jY5Kb5CATca5GP7pcMeDzcot48LOTkwkiRZlkvxgmB-vIXdHI0qodZNJuHw7pOiwC6vVZUbEjPPOPXFv06qmkQgmjfZ9AVPdO4gLLXkDPltm7HY/https://www.amazon.com/stores/page/39F35EF5-977D-4ED8-AF23-DCC058F5D3FE/?_encoding=UTF8&store_ref=SB_A08817451WUTLNLLY5D1W-A04836022D66X3IY2YS2Q&pd_rd_plhdr=t&aaxitk=b075b2158eccddebdc7b1fa8210bdb25&hsa_cr_id=0&lp_asins=B0CP3MZZ75%2CB082WVQP5T%2CB0CP3MTP68&lp_query=gpu&lp_slot=auto-sparkle-hsa-tetris&ref_=sbx_be_s_sparkle_ssd_bkgd&pd_rd_w=HHeaY&content-id=amzn1.sym.cc961e39-6f5f-411e-8135-81c6c1187ac0%3Aamzn1.sym.cc961e39-6f5f-411e-8135-81c6c1187ac0&pf_rd_p=cc961e39-6f5f-411e-8135-81c6c1187ac0&pf_rd_r=XXGJWV591DHAC9V4D3EP&pd_rd_wg=3Rtbr&pd_rd_r=b4221bb3-f7cf-45d0-b5d7-d00f92bc586f","","","","","","","","","","","",""
"Only 19 left in stock - order soon.","https://www.amazon.com/sspa/click?ie=UTF8&spc=MTo2OTM1MzMxMzQ2MDk0MjYwOjE3NzU0MzM4MTU6c3BfYXRmX25leHQ6MzAxMTY1MDY4NjA2MDAyOjowOjo&url=%2FEZDIY-FAB-PCIe-5-0-Adapter-Compatible%2Fdp%2FB0CP3L4NJD%2Fref%3Dsr_1_177_sspa%3Fcrid%3D346W5D56T0W20%26dib%3DeyJ2IjoiMSJ9.ALwELcOJnrdXwqPnhbNXrUf7WxuFD6OkA3wBCBhBCQf9CFBaf4ZrJeJidcDnz96BY0826e4-MUPOweYUEaT2lfq-0ET_v1-9jm3-L1IWJehc7vQvA35dtibYqtwSwCElpSvPwGRy4n481_q9V1-jX6GRLEeE8VcLe70ACR_z1fhR8ZyuHrAb4k-wFux8rP_UUV3dJsr9p2_jvMaHfkOBbD3iBp97Wc42atB4wtClRuo.hlvmcUo3Z4o30kBZYeuzIqU5XjI5nuPPSAG_ina9ZZo%26dib_tag%3Dse%26keywords%3Dgpu%26qid%3D1775433814%26sprefix%3Dgp%252Caps%252C387%26sr%3D8-177-spons%26xpid%3DkRTaaIQ0Ql4iY%26sp_csd%3Dd2lkZ2V0TmFtZT1zcF9hdGZfbmV4dA%26psc%3D1","https://m.media-amazon.com/images/I/71yRJ0SB3yL._AC_UY218_.jpg","Sponsored","EZDIY-FAB PCIe 5.1 Adapter - 600W 12+4pin,16pin 12VHPWR GPU Power Connector,12V-2x6 GPU Adapter,90 Degree Right Angle - Compatible with RTX 3090Ti, 4070Ti, 4080, 4090 GPU - RVS Type, Black, 1 Pack","4.3","(44)","$26.99","","","Tomorrow","FREE delivery","Tomorrow, Apr 6",""
"(/count)","https://www.amazon.com/sspa/click?ie=UTF8&spc=MTo2OTM1MzMxMzQ2MDk0MjYwOjE3NzU0MzM4MTU6c3BfYXRmX25leHQ6MzAwMjU1MDkzMzIxNjAyOjowOjo&url=%2FAsiaHorse-Extension-Sleeved-Custom-Braided%2Fdp%2FB0D2KJSKMJ%2Fref%3Dsr_1_178_sspa%3Fcrid%3D346W5D56T0W20%26dib%3DeyJ2IjoiMSJ9.ALwELcOJnrdXwqPnhbNXrUf7WxuFD6OkA3wBCBhBCQf9CFBaf4ZrJeJidcDnz96BY0826e4-MUPOweYUEaT2lfq-0ET_v1-9jm3-L1IWJehc7vQvA35dtibYqtwSwCElpSvPwGRy4n481_q9V1-jX6GRLEeE8VcLe70ACR_z1fhR8ZyuHrAb4k-wFux8rP_UUV3dJsr9p2_jvMaHfkOBbD3iBp97Wc42atB4wtClRuo.hlvmcUo3Z4o30kBZYeuzIqU5XjI5nuPPSAG_ina9ZZo%26dib_tag%3Dse%26keywords%3Dgpu%26qid%3D1775433814%26sprefix%3Dgp%252Caps%252C387%26sr%3D8-178-spons%26xpid%3DkRTaaIQ0Ql4iY%26sp_csd%3Dd2lkZ2V0TmFtZT1zcF9hdGZfbmV4dA%26psc%3D1","https://m.media-amazon.com/images/I/81mtvI6hkYL._AC_UY218_.jpg","Sponsored","AsiaHorse 16AWG PSU Cable Extension Kit, Sleeved Custom Mod GPU PC Audio Video Power Supply Soft Braided Cables with Comb Kit, 24P/8P to 6+2P/ 8P to 4+4P 30CM","4.7","(2.4K)","$22.99","","$5.75","Overnight","FREE delivery  on $25 of qualifying items","Overnight 7 AM - 11 AM",""
"Only 3 left in stock - order soon.","https://www.amazon.com/ZOTAC-GeForce-Graphics-SFF-Ready-ZT-B50500G-10L/dp/B0FG9KQ9D7/ref=sr_1_179_mod_primary_new?crid=346W5D56T0W20&dib=eyJ2IjoiMSJ9.ALwELcOJnrdXwqPnhbNXrUf7WxuFD6OkA3wBCBhBCQf9CFBaf4ZrJeJidcDnz96BY0826e4-MUPOweYUEaT2lfq-0ET_v1-9jm3-L1IWJehc7vQvA35dtibYqtwSwCElpSvPwGRy4n481_q9V1-jX6GRLEeE8VcLe70ACR_z1fhR8ZyuHrAb4k-wFux8rP_UUV3dJsr9p2_jvMaHfkOBbD3iBp97Wc42atB4wtClRuo.hlvmcUo3Z4o30kBZYeuzIqU5XjI5nuPPSAG_ina9ZZo&dib_tag=se&keywords=gpu&qid=1775433814&sbo=RZvfv%2F%2FHxDF%2BO5021pAnSA%3D%3D&sprefix=gp%2Caps%2C387&sr=8-179&xpid=kRTaaIQ0Ql4iY","https://m.media-amazon.com/images/I/81xkS7kUTQL._AC_UY218_.jpg","","ZOTAC Gaming GeForce RTX 5050 Solo DLSS 4 8GB GDDR6 128-bit 20 Gbps PCIE 5.0 Gaming Graphics Card, SFF-Ready Super Compact Card, ZT-B50500G-10L","4.6","(19)","$335.99","","","","FREE delivery","Fri, Apr 10","Apr 7 - 8"
"100+ bought in past month","https://www.amazon.com/upHere-Addressable-Graphics-Adjustable-G276WTARGB/dp/B091TP4MPV/ref=sr_1_180?crid=346W5D56T0W20&dib=eyJ2IjoiMSJ9.ALwELcOJnrdXwqPnhbNXrUf7WxuFD6OkA3wBCBhBCQf9CFBaf4ZrJeJidcDnz96BY0826e4-MUPOweYUEaT2lfq-0ET_v1-9jm3-L1IWJehc7vQvA35dtibYqtwSwCElpSvPwGRy4n481_q9V1-jX6GRLEeE8VcLe70ACR_z1fhR8ZyuHrAb4k-wFux8rP_UUV3dJsr9p2_jvMaHfkOBbD3iBp97Wc42atB4wtClRuo.hlvmcUo3Z4o30kBZYeuzIqU5XjI5nuPPSAG_ina9ZZo&dib_tag=se&keywords=gpu&qid=1775433814&sprefix=gp%2Caps%2C387&sr=8-180&xpid=kRTaaIQ0Ql4iY","https://m.media-amazon.com/images/I/610Mrnm1cES._AC_UY218_.jpg","","upHere 5V Addressable RGB White Graphics Card GPU Brace Support Video Card Sag Holder,Built-in 5V ARGB Strip,Adjustable Length and Height Support,G276WTARGB","4.5","(587)","$15.99","","","Overnight","FREE delivery  on $25 of qualifying items","Overnight 7 AM - 11 AM",""
"","https://www.amazon.com/sspa/click?ie=UTF8&spc=MTo2OTM1MzMxMzQ2MDk0MjYwOjE3NzU0MzM4MTU6c3BfbXRmOjMwMTE4OTY5MjM5NDEwMjo6MDo6&url=%2FSUNGOOYUE-128Bit-Graphics-Performance-Freebsd%2Fdp%2FB0G3KTBQ5P%2Fref%3Dsr_1_181_sspa%3Fcrid%3D346W5D56T0W20%26dib%3DeyJ2IjoiMSJ9.ALwELcOJnrdXwqPnhbNXrUf7WxuFD6OkA3wBCBhBCQf9CFBaf4ZrJeJidcDnz96BY0826e4-MUPOweYUEaT2lfq-0ET_v1-9jm3-L1IWJehc7vQvA35dtibYqtwSwCElpSvPwGRy4n481_q9V1-jX6GRLEeE8VcLe70ACR_z1fhR8ZyuHrAb4k-wFux8rP_UUV3dJsr9p2_jvMaHfkOBbD3iBp97Wc42atB4wtClRuo.hlvmcUo3Z4o30kBZYeuzIqU5XjI5nuPPSAG_ina9ZZo%26dib_tag%3Dse%26keywords%3Dgpu%26qid%3D1775433814%26sprefix%3Dgp%252Caps%252C387%26sr%3D8-181-spons%26xpid%3DkRTaaIQ0Ql4iY%26sp_csd%3Dd2lkZ2V0TmFtZT1zcF9tdGY%26psc%3D1","https://m.media-amazon.com/images/I/61HZAvmKLRL._AC_UY218_.jpg","Sponsored","SUNGOOYUE 4GB GDDR6 128Bit Graphics Card, High Performance Gaming GPU with Dual Fans and PCIe 2.0 16X Slot, for 8 8.1 7 Freebsd x86","","","$192.45","","","","FREE delivery","Apr 15 - 24",""
"","https://www.amazon.com/sspa/click?ie=UTF8&spc=MTo2OTM1MzMxMzQ2MDk0MjYwOjE3NzU0MzM4MTU6c3BfbXRmOjMwMTA5ODQxOTQ1ODEwMjo6MDo6&url=%2FVBESTLIFE-Graphics-1600MHz-Desktop-Computer%2Fdp%2FB0G58XJ8M2%2Fref%3Dsr_1_182_sspa%3Fcrid%3D346W5D56T0W20%26dib%3DeyJ2IjoiMSJ9.ALwELcOJnrdXwqPnhbNXrUf7WxuFD6OkA3wBCBhBCQf9CFBaf4ZrJeJidcDnz96BY0826e4-MUPOweYUEaT2lfq-0ET_v1-9jm3-L1IWJehc7vQvA35dtibYqtwSwCElpSvPwGRy4n481_q9V1-jX6GRLEeE8VcLe70ACR_z1fhR8ZyuHrAb4k-wFux8rP_UUV3dJsr9p2_jvMaHfkOBbD3iBp97Wc42atB4wtClRuo.hlvmcUo3Z4o30kBZYeuzIqU5XjI5nuPPSAG_ina9ZZo%26dib_tag%3Dse%26keywords%3Dgpu%26qid%3D1775433814%26sprefix%3Dgp%252Caps%252C387%26sr%3D8-182-spons%26xpid%3DkRTaaIQ0Ql4iY%26sp_csd%3Dd2lkZ2V0TmFtZT1zcF9tdGY%26psc%3D1","https://m.media-amazon.com/images/I/61ZoxdUHGAL._AC_UY218_.jpg","Sponsored","VBESTLIFE GT730 4GB Graphics Card, DDR3 128bit GPU, 993/1600MHz, PCIE 2.0 x16 Desktop Computer Gaming Video Card with 4 HDMI Ports","","","$125.65","","","","FREE delivery","Apr 15 - 24",""
"| Based on star rating and number of customer ratings","https://www.amazon.com/s?k=gpu&page=12&crid=346W5D56T0W20&qid=1775433811&sprefix=gp%2Caps%2C387&xpid=kRTaaIQ0Ql4iY&ref=sr_pg_11#","https://m.media-amazon.com/images/I/61FwC22wkeL._AC_UL320_.jpg","","","4.5","(11)","$195.95","$18.10","$19.39","Tomorrow","FREE delivery  for Prime members","Sun, Apr 12","Apr 8 - 10"
"","https://aax-us-east-retail-direct.amazon.com/x/c/JJywYXi7TXjABM9GdvCMaDoAAAGdYBoUtgEAAAH2AQBvbm9fdHhuX2JpZDIgICBvbm9fdHhuX2ltcDEgICDWe1Af/clv1c_ek-wwvX3VcbWTfWY5yX3IfBwyrKYEIfmHxng4LuXOqP_b9-LsGc-ma194Iis-T_EZwFlzClyWq0KbafS_UisIrd23efSoeTRruxCk4r2VEdthwcoygZoYHu8Cnn0KHZc9zBeczvt_Meyn1vRhYVsn_KTINyZvuVqRTQQX7ZMzkeaWAZNVQMJRAWkDYeQej0gssyfxD8710_4_kw9x0WRZk97xTMmqxaqXahLrxr2_vwbVa6W4d_qwSSxrhEhzQ4Cj2F52XH_6__jd7ykgmj05VK_T8pwkcUXosTAkHEJ9jY7BDP2flVrFtf-4Igh8b-M0bSSHsnktoJ3U3SEBkKY_d7UNNRn_OJ5h_2kGWuQPdyFYpm4SBSFU1uRcPQWcF-19-mWhpikkfkK5eYQqkZ6GtWl-No36xENSebE04jA5aG6rrD1RgD6qwO_FBV1o9Dc8tFzCHGH93pgyWxuiIpSY-xmnFdR1myw0gJN2jcfBHpFJ6A2_ZNVR9KJBc09YUmmeVpOzBF_VhwlS_cLPuVgtg8fb_0WcjIVCU1Zlx2Z7fjz4C9Ytp4-1ob4rNISFrOq9k33aPnlW7Xf80DAGfk8Kul49K_VYIRN1tT4WqtwQMJrslBBazt4mRPi-zsDeWkzs80dFSvdHB-b0EsF3H_3ScIhT5FeFu_0sdn7kbnG0K_YVQ7kMp0QCSslFH0nk1BMV9JHv4umLNRcpGjQAHyiGJO_hTLbTCMlDnswX6JgxSy_MsA32OquTQQs26iZ2UiJvNaxPUXZJZeRK0eGxbjT--2Gq4YFLps6-zinJBVkVP4OeZ4HGchFFmU0Ir4PFvj9ie8tx7-37bimRhl7c8OKfW-lpJDWfWR7MLvlMkoOU8atn5e4cubfzMLlL3sPUMkc3kabAelAhV8oqqW6H399LbL8kYJWhW2nUtWYRA9eSD0UqaJGnzWXdN5N43YcqcQ6cm3DePa16rLB0TNBhGC1hTPhLFKxl4PVgWSmNHN0FjnZwN0f5Xb5wmStATJ1-n6Udg78NZSAPonfqDxx8wIMoQnvjQryHy4hFn1N2tjIob3eIcwicKAUAhZAGdKPCvvSja-dwn0V/https://www.amazon.com/stores/page/B916E14A-6EA6-40A0-B386-1C60ECE20F5C/?_encoding=UTF8&pd_rd_plhdr=t&pd_rd_i=B0DXV848ZP&ref_=sbx_be_s_sparkle_ssd_bkg&store_ref=SBV_A015425615D3KTO74ZXT-A01035051HCA5YTMELZVQ&lp_asins=B0DXV848ZP&pd_rd_w=AzmJj&content-id=amzn1.sym.a55e4c23-ba6c-4408-a37e-65ef6d7a1c73%3Aamzn1.sym.a55e4c23-ba6c-4408-a37e-65ef6d7a1c73&pf_rd_p=a55e4c23-ba6c-4408-a37e-65ef6d7a1c73&pf_rd_r=XXGJWV591DHAC9V4D3EP&pd_rd_wg=chiCw&pd_rd_r=45f5d078-8cb1-4560-b4d6-ecd0deb2e2bd","","","","4.4","Shop","","","","","","",""
"","https://aax-us-east-retail-direct.amazon.com/x/c/JKYTF0ruAXzH8hgNdQS-lTQAAAGdYBoUrwEAAAH2AQBvbm9fdHhuX2JpZDMgICBvbm9fdHhuX2ltcDIgICAZIZvh/clv1c_ek-wwoHXFcbaDoHOEIvrJ16WPjERPZsaVVv5dgHiXKvYgXprRE2gCS-4qkWrYCHFsYwBo1b_QLOqg02wnMkjvcUCDU4jZovJB-ka_la-HxyO-PExI6P0HbxpQjm1v-1yxTTniJjyCMuG1DZUGY7m-t3zEF0vdpTIkQf1TTynRuq6GOdaMkmEXwWCECVXrsDrxCWpxQrkPwQBYOC8ocmjQQ_SbGedTxqhwpo9eRwl0XUSc332diDrM4kh2eW4kE76v_G5-2bDGJt0XtDGGNTNctY22WgrRcSn_-Av8SMm9QYxIDLSTId8F1nxtmDmwWoBvx1ly6kXuejBbboQDnd23BLw5_veXv5gMuBFezlPldGvy0pE-LpkQq9koQGseqeFgZGVyPDEkJNXdUo_yW2BAEZqO5XvVMxYzuYUS01MsfuJBphsouRoBwf0QEyAIvyTjxmPQAFYIJVvlPc0H97B3NhoP_O9d40QRREOWzGSl8vDT8zqYfDBD-0BWIxTaL_roZIQMw23m7fexsPWsnzjwf8cQXzmin5I_KjAYN6gfoW6HMfv1mpB0ED1ANAzZbLZFjFJfqa6RV39Isk0thvd3ygiKDhX07e7cABM-v-4i665tnHukrhwuFRvGKa_9LSITHshePPWGImS3i1ykyyEsVIEsqTm7UqAFrjkANBjPqkqee5MEw68OH-SWJ0GQdjoVY1qSFEZNBNBWU1tkjxL4I57qgiyrzwB-V9vaRom6k3gcYwElEh4YhvXMEb0tspw8jHP2iQoilUT3szsqwMSG3eLgU7r9tMPQenU5UcxMqbT7d3qklzPY4qOSHPRabLzAB58EjgthTucv-AZFmCTfP7NjkNJhod9ekNWAKxR8wFYvU7FoEXVUdB48JzLIN31okJc74FUkeee98AgEnJ7DQBJ58Vc6x64YJGPn8Cn3FB0Lq_PYMfpcTf5BloqozDpeTTWUHPABpi_i3jEcGQZjRICNomeBDQUU9XDflWCK2-4Wijia3tgXimjAIKEOJs9YJu6sEq4xDdIvjJGk0lZdNwfS1DfzCwd9XABDLrb2XOySNcScZJarHhX1M7N_TNQHmcxYq1VrdAQfk9oZhRCAWXNzu_KZCvXCA9cKHvz/https://www.amazon.com/stores/page/B60ED8F6-5084-4059-A24F-16A102600FA1/?_encoding=UTF8&store_ref=SB_A0247514EVWOO9UH0O2U-A03296811CSHCSN2QPJP&pd_rd_plhdr=t&aaxitk=433ee6cd43b9ee6bb67723df1b223791&hsa_cr_id=0&lp_asins=B0FQ5CR4F7%2CB0FCMF217J%2CB0FCFM4PDV&lp_query=gpu&lp_slot=desktop-inline&ref_=sbx__sbtcd2_bkgd&pd_rd_w=DvXC9&content-id=amzn1.sym.8a47ec59-c206-4272-83cb-e2017cc774b4%3Aamzn1.sym.8a47ec59-c206-4272-83cb-e2017cc774b4&pf_rd_p=8a47ec59-c206-4272-83cb-e2017cc774b4&pf_rd_r=XXGJWV591DHAC9V4D3EP&pd_rd_wg=chiCw&pd_rd_r=45f5d078-8cb1-4560-b4d6-ecd0deb2e2bd","","","","4.5","|","$8.49","$8.99","","Overnight","FREE delivery  on $25 of qualifying items","Overnight 7 AM - 11 AM","Overnight 7 AM - 11 AM"
"Only 2 left in stock - order soon.","https://www.amazon.com/ASUS-Creator-Creation-Rendering-Streaming/dp/B0GQZ45GLF/ref=sr_1_183?crid=346W5D56T0W20&dib=eyJ2IjoiMSJ9.ALwELcOJnrdXwqPnhbNXrUf7WxuFD6OkA3wBCBhBCQf9CFBaf4ZrJeJidcDnz96BY0826e4-MUPOweYUEaT2lfq-0ET_v1-9jm3-L1IWJehc7vQvA35dtibYqtwSwCElpSvPwGRy4n481_q9V1-jX6GRLEeE8VcLe70ACR_z1fhR8ZyuHrAb4k-wFux8rP_UUV3dJsr9p2_jvMaHfkOBbD3iBp97Wc42atB4wtClRuo.hlvmcUo3Z4o30kBZYeuzIqU5XjI5nuPPSAG_ina9ZZo&dib_tag=se&keywords=gpu&qid=1775433814&sprefix=gp%2Caps%2C387&sr=8-183&xpid=kRTaaIQ0Ql4iY","https://m.media-amazon.com/images/I/614qwe9wcSL._AC_UY218_.jpg","","ASUS Prime RTX 5070 Ti OC 16GB GDDR7 GPU, PCIe 5.0, HDMI 2.1b, 3X DP 2.1b, High FPS 4K Gaming, Creator PC, AI Creation, Video Editing, 3D Rendering, Streaming, Local AI, with GPU Holder","","","$1,499.99","","","Two-Day","FREE delivery","Tue, Apr 7",""
"Save 5%","https://www.amazon.com/BOSGAME-External-Graphic-Oculink-Thunderbolt/dp/B0F491K9VZ/ref=sr_1_184?crid=346W5D56T0W20&dib=eyJ2IjoiMSJ9.ALwELcOJnrdXwqPnhbNXrUf7WxuFD6OkA3wBCBhBCQf9CFBaf4ZrJeJidcDnz96BY0826e4-MUPOweYUEaT2lfq-0ET_v1-9jm3-L1IWJehc7vQvA35dtibYqtwSwCElpSvPwGRy4n481_q9V1-jX6GRLEeE8VcLe70ACR_z1fhR8ZyuHrAb4k-wFux8rP_UUV3dJsr9p2_jvMaHfkOBbD3iBp97Wc42atB4wtClRuo.hlvmcUo3Z4o30kBZYeuzIqU5XjI5nuPPSAG_ina9ZZo&dib_tag=se&keywords=gpu&qid=1775433814&sprefix=gp%2Caps%2C387&sr=8-184&xpid=kRTaaIQ0Ql4iY","https://m.media-amazon.com/images/I/61qy043+eQL._AC_UY218_.jpg","","BOSGAME eGPU Dock, AMD Radeon RX 7600M XT External GPU Graphic Card, 8GB GDDR6, Oculink,Thunderbolt 3 for Laptop Mini PC Game Console","4.3","(17)","$699.00","","","Overnight","FREE delivery","Overnight 7 AM - 11 AM",""
"","https://www.amazon.com/sspa/click?ie=UTF8&spc=MTo2OTM1MzMxMzQ2MDk0MjYwOjE3NzU0MzM4MTU6c3BfbXRmOjMwMTE0NzUyNTc5MjAwMjo6MDo6&url=%2FVBESTLIFE-Graphics-1020MHz-Desktop-Gaming%2Fdp%2FB0GGBSP5MG%2Fref%3Dsr_1_185_sspa%3Fcrid%3D346W5D56T0W20%26dib%3DeyJ2IjoiMSJ9.ALwELcOJnrdXwqPnhbNXrUf7WxuFD6OkA3wBCBhBCQf9CFBaf4ZrJeJidcDnz96BY0826e4-MUPOweYUEaT2lfq-0ET_v1-9jm3-L1IWJehc7vQvA35dtibYqtwSwCElpSvPwGRy4n481_q9V1-jX6GRLEeE8VcLe70ACR_z1fhR8ZyuHrAb4k-wFux8rP_UUV3dJsr9p2_jvMaHfkOBbD3iBp97Wc42atB4wtClRuo.hlvmcUo3Z4o30kBZYeuzIqU5XjI5nuPPSAG_ina9ZZo%26dib_tag%3Dse%26keywords%3Dgpu%26qid%3D1775433814%26sprefix%3Dgp%252Caps%252C387%26sr%3D8-185-spons%26xpid%3DkRTaaIQ0Ql4iY%26sp_csd%3Dd2lkZ2V0TmFtZT1zcF9tdGY%26psc%3D1","https://m.media-amazon.com/images/I/61fEibTWUzL._AC_UY218_.jpg","Sponsored","VBESTLIFE GT750 4GB Graphics Card, GDDR5 128 Bit GPU, 1020MHz, PCIE 3.0 X16 Desktop PC Gaming Video Card with HDMI, DVI, VGA Ports","","","$94.19","","","","FREE delivery","Apr 15 - 24",""
"Only 1 left in stock - order soon.","https://www.amazon.com/sspa/click?ie=UTF8&spc=MTo2OTM1MzMxMzQ2MDk0MjYwOjE3NzU0MzM4MTU6c3BfbXRmOjMwMTIyNzk0MjU3NzQwMjo6MDo6&url=%2FVBESTLIFE-Graphics-Desktop-Computer-Support%2Fdp%2FB0G5Z4QV16%2Fref%3Dsr_1_186_sspa%3Fcrid%3D346W5D56T0W20%26dib%3DeyJ2IjoiMSJ9.ALwELcOJnrdXwqPnhbNXrUf7WxuFD6OkA3wBCBhBCQf9CFBaf4ZrJeJidcDnz96BY0826e4-MUPOweYUEaT2lfq-0ET_v1-9jm3-L1IWJehc7vQvA35dtibYqtwSwCElpSvPwGRy4n481_q9V1-jX6GRLEeE8VcLe70ACR_z1fhR8ZyuHrAb4k-wFux8rP_UUV3dJsr9p2_jvMaHfkOBbD3iBp97Wc42atB4wtClRuo.hlvmcUo3Z4o30kBZYeuzIqU5XjI5nuPPSAG_ina9ZZo%26dib_tag%3Dse%26keywords%3Dgpu%26qid%3D1775433814%26sprefix%3Dgp%252Caps%252C387%26sr%3D8-186-spons%26xpid%3DkRTaaIQ0Ql4iY%26sp_csd%3Dd2lkZ2V0TmFtZT1zcF9tdGY%26psc%3D1","https://m.media-amazon.com/images/I/61ujMOryzbL._AC_UY218_.jpg","Sponsored","VBESTLIFE GT210 1GB Graphics Card, DDR3 64Bit GPU, 550MHz PCIE 2.0 16X Gaming Video Card, Desktop Computer Graphics Card Support for DirectX 10.1","","","$29.99","","","Two-Day","FREE delivery","Tue, Apr 7",""
"50+ bought in past month","https://www.amazon.com/Seasonic-Vertex-GX-1200-Compliant-Warranty/dp/B0BQRFC497/ref=sr_1_187?crid=346W5D56T0W20&dib=eyJ2IjoiMSJ9.ALwELcOJnrdXwqPnhbNXrUf7WxuFD6OkA3wBCBhBCQf9CFBaf4ZrJeJidcDnz96BY0826e4-MUPOweYUEaT2lfq-0ET_v1-9jm3-L1IWJehc7vQvA35dtibYqtwSwCElpSvPwGRy4n481_q9V1-jX6GRLEeE8VcLe70ACR_z1fhR8ZyuHrAb4k-wFux8rP_UUV3dJsr9p2_jvMaHfkOBbD3iBp97Wc42atB4wtClRuo.hlvmcUo3Z4o30kBZYeuzIqU5XjI5nuPPSAG_ina9ZZo&dib_tag=se&keywords=gpu&qid=1775433814&sprefix=gp%2Caps%2C387&sr=8-187&ufe=app_do%3Aamzn1.fos.5998aa40-ec6f-4947-a68f-cd087fee0848&xpid=kRTaaIQ0Ql4iY","https://m.media-amazon.com/images/I/81r4Uhm3KHL._AC_UY218_.jpg","","Seasonic VERTEX GX-1200 - 1200W - 80+ Gold - ATX 3.0 & PCIe 5.0 Ready - Fully Modular - Premium Japanese Capacitors - 12 Year Warranty - Nvidia RTX 40/50 & AMD GPU Compatible","4.6","(427)","$239.99","","$48.00","Overnight","FREE delivery","Overnight 7 AM - 11 AM",""
"List:","https://www.amazon.com/ASUS-RTX5070-2482MHz-Compact-SFF-Ready/dp/B0DVH3R5WN/ref=sr_1_188?crid=346W5D56T0W20&dib=eyJ2IjoiMSJ9.ALwELcOJnrdXwqPnhbNXrUf7WxuFD6OkA3wBCBhBCQf9CFBaf4ZrJeJidcDnz96BY0826e4-MUPOweYUEaT2lfq-0ET_v1-9jm3-L1IWJehc7vQvA35dtibYqtwSwCElpSvPwGRy4n481_q9V1-jX6GRLEeE8VcLe70ACR_z1fhR8ZyuHrAb4k-wFux8rP_UUV3dJsr9p2_jvMaHfkOBbD3iBp97Wc42atB4wtClRuo.hlvmcUo3Z4o30kBZYeuzIqU5XjI5nuPPSAG_ina9ZZo&dib_tag=se&keywords=gpu&qid=1775433814&sprefix=gp%2Caps%2C387&sr=8-188&xpid=kRTaaIQ0Ql4iY","https://m.media-amazon.com/images/I/81qOec4Uz5L._AC_UY218_.jpg","","Asus Prime RTX5070 Ti, PCIe5, 16GB DDR7, HDMI, 3 DP, 2482MHz Clock, Compact SFF-Ready","5.0","(7)","$1,129.00","$1,249.99","$1,249.99","","FREE delivery","Fri, Apr 10","Tue, Apr 7"
"More Buying Choices","https://www.amazon.com/Lian-Li-Slots-Vertical-VG4v4/dp/B0FR54VKJY/ref=sr_1_189?crid=346W5D56T0W20&dib=eyJ2IjoiMSJ9.ALwELcOJnrdXwqPnhbNXrUf7WxuFD6OkA3wBCBhBCQf9CFBaf4ZrJeJidcDnz96BY0826e4-MUPOweYUEaT2lfq-0ET_v1-9jm3-L1IWJehc7vQvA35dtibYqtwSwCElpSvPwGRy4n481_q9V1-jX6GRLEeE8VcLe70ACR_z1fhR8ZyuHrAb4k-wFux8rP_UUV3dJsr9p2_jvMaHfkOBbD3iBp97Wc42atB4wtClRuo.hlvmcUo3Z4o30kBZYeuzIqU5XjI5nuPPSAG_ina9ZZo&dib_tag=se&keywords=gpu&qid=1775433814&sprefix=gp%2Caps%2C387&sr=8-189&xpid=kRTaaIQ0Ql4iY","https://m.media-amazon.com/images/I/71ZdAjFItGL._AC_UY218_.jpg","","Lian Li ATX PC Case 4 Slots Vertical GPU Kit (VG4v4) - Premium Gen 5 Riser Cable PCI-E 5.0 x16-200mm, PCIe 3.0/4.0 Compatible, Adjustable Position - Fits Most PC Cases (VG4v4 White)","4.4","(116)","$81.37","","","Overnight","FREE delivery","Overnight 7 AM - 11 AM",""
"Only 7 left in stock - order soon.","https://www.amazon.com/PNY-VCNRTXA4500-NVIDIA-A4500-GDDR6/dp/B09SD9RWT5/ref=sr_1_190?crid=346W5D56T0W20&dib=eyJ2IjoiMSJ9.ALwELcOJnrdXwqPnhbNXrUf7WxuFD6OkA3wBCBhBCQf9CFBaf4ZrJeJidcDnz96BY0826e4-MUPOweYUEaT2lfq-0ET_v1-9jm3-L1IWJehc7vQvA35dtibYqtwSwCElpSvPwGRy4n481_q9V1-jX6GRLEeE8VcLe70ACR_z1fhR8ZyuHrAb4k-wFux8rP_UUV3dJsr9p2_jvMaHfkOBbD3iBp97Wc42atB4wtClRuo.hlvmcUo3Z4o30kBZYeuzIqU5XjI5nuPPSAG_ina9ZZo&dib_tag=se&keywords=gpu&qid=1775433814&sprefix=gp%2Caps%2C387&sr=8-190&xpid=kRTaaIQ0Ql4iY","https://m.media-amazon.com/images/I/61ZJfdZ1IaL._AC_UY218_.jpg","","PNY NVIDIA RTX A4500 Professional Graphics Card, 20GB GDDR6 ECC Memory, Ampere Architecture, 7168 CUDA Cores, 4X DisplayPort 1.4a, PCIe 4.0, Workstation GPU for 3D Rendering & AI (VCNRTXA4500-PB)","4.3","(2)","$1,149.95","","","","FREE delivery  for Prime members","Sat, Apr 11",""
"List:","https://www.amazon.com/AMD-Professional-Workstation-Rendering-DisplaPortTM/dp/B0C5DK4R3G/ref=sr_1_191?crid=346W5D56T0W20&dib=eyJ2IjoiMSJ9.ALwELcOJnrdXwqPnhbNXrUf7WxuFD6OkA3wBCBhBCQf9CFBaf4ZrJeJidcDnz96BY0826e4-MUPOweYUEaT2lfq-0ET_v1-9jm3-L1IWJehc7vQvA35dtibYqtwSwCElpSvPwGRy4n481_q9V1-jX6GRLEeE8VcLe70ACR_z1fhR8ZyuHrAb4k-wFux8rP_UUV3dJsr9p2_jvMaHfkOBbD3iBp97Wc42atB4wtClRuo.hlvmcUo3Z4o30kBZYeuzIqU5XjI5nuPPSAG_ina9ZZo&dib_tag=se&keywords=gpu&qid=1775433814&sprefix=gp%2Caps%2C387&sr=8-191&xpid=kRTaaIQ0Ql4iY","https://m.media-amazon.com/images/I/51RD4y5M6NL._AC_UY218_.jpg","","AMD Radeon™ Pro W7900, Professional Graphics Card, Workstation, AI, 3D Rendering, 48GB GDDR6, AV1, 61 TFLOPS, 96CUS, 295W TDP, 8K, 1x Mini DisplayPort, 3 x DisplayPort™ 2.1","3.8","(10)","$3,769.00","$3,999.00","$3,999.00","","FREE delivery","Apr 16 - 27","Apr 10 - 14"
"100+ bought in past month","https://www.amazon.com/Temperature-Display%EF%BC%88Ambient-Universal-Bracket%EF%BC%8CGraphics-Adjustable%EF%BC%8CDY7-White/dp/B0F1TNT14G/ref=sr_1_192?crid=346W5D56T0W20&dib=eyJ2IjoiMSJ9.ALwELcOJnrdXwqPnhbNXrUf7WxuFD6OkA3wBCBhBCQf9CFBaf4ZrJeJidcDnz96BY0826e4-MUPOweYUEaT2lfq-0ET_v1-9jm3-L1IWJehc7vQvA35dtibYqtwSwCElpSvPwGRy4n481_q9V1-jX6GRLEeE8VcLe70ACR_z1fhR8ZyuHrAb4k-wFux8rP_UUV3dJsr9p2_jvMaHfkOBbD3iBp97Wc42atB4wtClRuo.hlvmcUo3Z4o30kBZYeuzIqU5XjI5nuPPSAG_ina9ZZo&dib_tag=se&keywords=gpu&qid=1775433814&sprefix=gp%2Caps%2C387&sr=8-192&xpid=kRTaaIQ0Ql4iY","https://m.media-amazon.com/images/I/61fcR1amDZL._AC_UY218_.jpg","","ARGB GPU Support Bracket with Temperature Display（Ambient Case Temp），5V 3pin Universal GPU Bracket，Graphics Video Card Brace with Height Adjustable，DY7-White","4.5","(74)","$25.99","","","Overnight","FREE delivery","Overnight 7 AM - 11 AM",""
"Only 17 left in stock - order soon.","https://www.amazon.com/ASRock-RX7900XTX-PG-24GO-Graphics/dp/B0BTPK5J68/ref=sr_1_193?crid=346W5D56T0W20&dib=eyJ2IjoiMSJ9.ALwELcOJnrdXwqPnhbNXrUf7WxuFD6OkA3wBCBhBCQf9CFBaf4ZrJeJidcDnz96BY0826e4-MUPOweYUEaT2lfq-0ET_v1-9jm3-L1IWJehc7vQvA35dtibYqtwSwCElpSvPwGRy4n481_q9V1-jX6GRLEeE8VcLe70ACR_z1fhR8ZyuHrAb4k-wFux8rP_UUV3dJsr9p2_jvMaHfkOBbD3iBp97Wc42atB4wtClRuo.hlvmcUo3Z4o30kBZYeuzIqU5XjI5nuPPSAG_ina9ZZo&dib_tag=se&keywords=gpu&qid=1775433814&sprefix=gp%2Caps%2C387&sr=8-193&xpid=kRTaaIQ0Ql4iY","https://m.media-amazon.com/images/I/61PGNPOQw4L._AC_UY218_.jpg","","ASRock AMD Radeon RX 7900 XTX Phantom Gaming 24GB OC GDDR6 Graphics Card DisplayPort HDMI 384-Bit","4.0","(130)","$1,295.00","","","","FREE delivery","Mon, Apr 13","Tue, Apr 7"
"50+ bought in past month","https://www.amazon.com/msi-Thin-A15-Gaming-Laptop/dp/B0FT53751J/ref=sr_1_194?crid=346W5D56T0W20&dib=eyJ2IjoiMSJ9.ALwELcOJnrdXwqPnhbNXrUf7WxuFD6OkA3wBCBhBCQf9CFBaf4ZrJeJidcDnz96BY0826e4-MUPOweYUEaT2lfq-0ET_v1-9jm3-L1IWJehc7vQvA35dtibYqtwSwCElpSvPwGRy4n481_q9V1-jX6GRLEeE8VcLe70ACR_z1fhR8ZyuHrAb4k-wFux8rP_UUV3dJsr9p2_jvMaHfkOBbD3iBp97Wc42atB4wtClRuo.hlvmcUo3Z4o30kBZYeuzIqU5XjI5nuPPSAG_ina9ZZo&dib_tag=se&keywords=gpu&qid=1775433814&sprefix=gp%2Caps%2C387&sr=8-194&ufe=app_do%3Aamzn1.fos.5998aa40-ec6f-4947-a68f-cd087fee0848&xpid=kRTaaIQ0Ql4iY","https://m.media-amazon.com/images/I/71Fr-EEsp6L._AC_UY218_.jpg","","msi Thin A15 Gaming Laptop - 15.6"" FHD 144Hz Display - Ryzen 5-7535HS Processor - GeForce RTX 3050 GPU - 16GB DDR5 RAM - 512GB SSD - Cooler Boost Cooling - Thin & Light - Windows 11 - B7UC-473US","3.7","(20)","$708.59","","$141.72","Two-Day","FREE delivery","Tue, Apr 7",""
"Only 3 left in stock - order soon.","https://www.amazon.com/ASUS-Graphics-DisplayPort-Axial-tech-2-9-Slot/dp/B09CQKTL31/ref=sr_1_195?crid=346W5D56T0W20&dib=eyJ2IjoiMSJ9.ALwELcOJnrdXwqPnhbNXrUf7WxuFD6OkA3wBCBhBCQf9CFBaf4ZrJeJidcDnz96BY0826e4-MUPOweYUEaT2lfq-0ET_v1-9jm3-L1IWJehc7vQvA35dtibYqtwSwCElpSvPwGRy4n481_q9V1-jX6GRLEeE8VcLe70ACR_z1fhR8ZyuHrAb4k-wFux8rP_UUV3dJsr9p2_jvMaHfkOBbD3iBp97Wc42atB4wtClRuo.hlvmcUo3Z4o30kBZYeuzIqU5XjI5nuPPSAG_ina9ZZo&dib_tag=se&keywords=gpu&qid=1775433814&sprefix=gp%2Caps%2C387&sr=8-195&xpid=kRTaaIQ0Ql4iY","https://m.media-amazon.com/images/I/81y6n-6vqZL._AC_UY218_.jpg","","ASUS ROG Strix NVIDIA GeForce RTX 3080 Ti OC Edition Gaming Graphics Card (PCIe 4.0, 12GB GDDR6X, HDMI 2.1, DisplayPort 1.4a, Axial-tech Fan , 2.9-Slot, Super Alloy Power II, GPU Tweak II) (Renewed)","3.6","(6)","$649.99","","","Two-Day","FREE delivery","Tue, Apr 7",""
"No featured offers available","https://www.amazon.com/ASUS-ProArt-GeForce-Graphics-DisplayPort/dp/B0CVR1TTS8/ref=sr_1_196?crid=346W5D56T0W20&dib=eyJ2IjoiMSJ9.ALwELcOJnrdXwqPnhbNXrUf7WxuFD6OkA3wBCBhBCQf9CFBaf4ZrJeJidcDnz96BY0826e4-MUPOweYUEaT2lfq-0ET_v1-9jm3-L1IWJehc7vQvA35dtibYqtwSwCElpSvPwGRy4n481_q9V1-jX6GRLEeE8VcLe70ACR_z1fhR8ZyuHrAb4k-wFux8rP_UUV3dJsr9p2_jvMaHfkOBbD3iBp97Wc42atB4wtClRuo.hlvmcUo3Z4o30kBZYeuzIqU5XjI5nuPPSAG_ina9ZZo&dib_tag=se&keywords=gpu&qid=1775433814&sprefix=gp%2Caps%2C387&sr=8-196&xpid=kRTaaIQ0Ql4iY","https://m.media-amazon.com/images/I/81H0Dyxn3pL._AC_UY218_.jpg","","ASUS ProArt GeForce RTX™ 4070 Super OC Edition Graphics Card (PCIe 4.0, 12GB GDDR6X, DLSS 3, HDMI 2.1a, DisplayPort 1.4a)","4.6","(54)","","","","","","",""
"Typical:","https://www.amazon.com/Xynsviu-GeForce-GTX750-Graphics-Computer/dp/B0F9SRPXJS/ref=sr_1_197?crid=346W5D56T0W20&dib=eyJ2IjoiMSJ9.ALwELcOJnrdXwqPnhbNXrUf7WxuFD6OkA3wBCBhBCQf9CFBaf4ZrJeJidcDnz96BY0826e4-MUPOweYUEaT2lfq-0ET_v1-9jm3-L1IWJehc7vQvA35dtibYqtwSwCElpSvPwGRy4n481_q9V1-jX6GRLEeE8VcLe70ACR_z1fhR8ZyuHrAb4k-wFux8rP_UUV3dJsr9p2_jvMaHfkOBbD3iBp97Wc42atB4wtClRuo.hlvmcUo3Z4o30kBZYeuzIqU5XjI5nuPPSAG_ina9ZZo&dib_tag=se&keywords=gpu&qid=1775433814&sprefix=gp%2Caps%2C387&sr=8-197&xpid=kRTaaIQ0Ql4iY","https://m.media-amazon.com/images/I/61YsyYFWDhL._AC_UY218_.jpg","","GeForce GTX750 Ti 8G Graphics Card, with 4K HDMI 4 Monitor Video Card PC,Computer GPU GDDR5 128 Bit DirectX 12 PCI Express X16 3.0, Low Profile 4 Port Video Cards (GTX750 Ti 8G 4HDMI)","4.3","(45)","$208.99","$219.99","$219.99","Tomorrow","FREE delivery","Tomorrow, Apr 6",""
"50+ bought in past month","https://www.amazon.com/AOOSTAR-EG02-Thunderbolt-PCIe4-0x4-Mainstream/dp/B0G3TV5HKJ/ref=sr_1_198?crid=346W5D56T0W20&dib=eyJ2IjoiMSJ9.ALwELcOJnrdXwqPnhbNXrUf7WxuFD6OkA3wBCBhBCQf9CFBaf4ZrJeJidcDnz96BY0826e4-MUPOweYUEaT2lfq-0ET_v1-9jm3-L1IWJehc7vQvA35dtibYqtwSwCElpSvPwGRy4n481_q9V1-jX6GRLEeE8VcLe70ACR_z1fhR8ZyuHrAb4k-wFux8rP_UUV3dJsr9p2_jvMaHfkOBbD3iBp97Wc42atB4wtClRuo.hlvmcUo3Z4o30kBZYeuzIqU5XjI5nuPPSAG_ina9ZZo&dib_tag=se&keywords=gpu&qid=1775433814&sprefix=gp%2Caps%2C387&sr=8-198&xpid=kRTaaIQ0Ql4iY","https://m.media-amazon.com/images/I/61nfAQoKqWL._AC_UY218_.jpg","","AOOSTAR EG02 External GPU Docking Station, Dual Thunderbolt 5 + OCuLink(PCIe4.0x4), Support ATX/SFX Power Supply, Supports Mainstream NVIDIA and AMD Graphics Cards","4.3","(9)","$299.00","","","Overnight","FREE delivery","Overnight 7 AM - 11 AM",""
"100+ bought in past month","https://www.amazon.com/s?k=gpu&page=12&crid=346W5D56T0W20&qid=1775433811&sprefix=gp%2Caps%2C387&xpid=kRTaaIQ0Ql4iY&ref=sr_pg_11#","https://m.media-amazon.com/images/I/71zKqU8xrML._AC_UL320_.jpg","","","4.2","(188)","$89.99","$96.99","$9.50","Tomorrow","FREE delivery","Tomorrow, Apr 6","Tue, Apr 7"
"cpu","https://www.amazon.com/s?k=cpu&ref=rsl_sug_0_0&pd_rd_w=BcCWX&content-id=amzn1.sym.3be64970-3b95-4a6d-a45d-78077a3ff871:amzn1.sym.3be64970-3b95-4a6d-a45d-78077a3ff871&pf_rd_p=3be64970-3b95-4a6d-a45d-78077a3ff871&pf_rd_r=XXGJWV591DHAC9V4D3EP&pd_rd_wg=7CtM8&pd_rd_r=c2b4e03c-1d6b-4c7e-8526-f7eedfad381e&qid=1775433814","","","","","","","","","","","",""
"","","","","","","","","","","","","",""
"","https://aax-us-east-retail-direct.amazon.com/x/c/JAOCFomNeqmPQxazOFcXlpIAAAGdYBoV_gEAAAH2AQBvbm9fdHhuX2JpZDMgICBvbm9fdHhuX2ltcDIgICDxz58y/clv1c_ek-wwofXFcbWDoHOEIvrJ16WPjERPZsaVRslQzHiXGviMk2BYmH8BR0VUGgJpkVO3YkaINb2fIXUkdzrhv_AAr4rKvmzbqaalS75jdqs1MpBhU3Qg3jgDnHx-P969Tb89kgn8Bb9gKSpCCCuRIZk9uijgM19V3XpWcF2xDTwCQyQN9xNPhjYUIAJTfqYd3NuVcSoJ-frneTSV6TtNitz-_j3bBs1XRfuxWIDomAoDxKm1JR_48dvTV8WKS6da2cBopO0yLvFAiWVHIMPkR-xVKmE8fQBxlhX1i-8a9udHzndmSefeQdllzLlQTSn0FQDnWkdwgMij8o-G00HuTxLxmhkDqD_YFxAj6oFE8v_6RtmQ2Ojkc94Tbaoc_L654WGKf4O-PmKFlRZhXTO-zP_Rg1GVWB97COyXJhwp4kks7YgobwJKB-7lwlAzLNjsjhv5NiL47rV5sbx7jE4TYZLxyyfKTUWq9tSliZFMoWPSJO7eNxng0FM4CwdS6cnUizsVJ8iG10QZHZdt5TkNgX1s5LSKl5130A3GgZfdQb9dD6_2gvHy1_aDp04vXiHaJtNfIOIdCeYEz5kObSfGzCDUBoRbXQjlgOjDnBct8NCkjLm6IyQx9vvxjdR8nZLuiPJy76Jh5_fCOn8UYnDgMbmUBVzP60JIV2tiHF8GtCOcdXusNNcHK5nDyj6kJCfqgQXz5QM6j6rIq77SvSyUuqfltgwwSaAG5fo7u9thURxcKfRWjd_h9kqYggpGLU3Z3Ln6lqLUoj_w3YE59fkHI_2njLD7OxGI-dWl-3EwHFYBAk_deN4ffsFn7LtUZhD_KP1d-Sz3vA0dVGbEaMc18si3Lgx0LCjUap6k-CqoX3v299nitLrIIUiNf3I21GVw_eOAYdvcdAQGbL5XoJ3qvCDFGP6bt0v28oheh_IjMCXXc6HwtaX38qXkdHb3VaTO6DwlvIGyD5svyian_fwj70DO_XJJ8yt5W0JV8-tpUcCXT50GxfAbdydh9fhXMScKMNCouBMssWx2dgk5sbDrZfvbGTHlPYtxICU9iR51fCmAA/https://www.amazon.com/stores/page/C5C2F7A1-A824-464D-9A57-796C998E6970/?_encoding=UTF8&store_ref=SB_A0915500OT8JCNAZFSO0-A0872516ZHWAQQQAVDXZ&pd_rd_plhdr=t&aaxitk=8a30c99615ce599d539c88559d41ea58&hsa_cr_id=0&lp_asins=B01MSSJ32J&lp_query=gpu&lp_slot=desktop-hsa-3psl&ref_=sbx_be_s_3psl_mbd_mb0_bkgd&pd_rd_w=dczsS&content-id=amzn1.sym.7d5eb573-01e8-49db-b262-65baa247c724%3Aamzn1.sym.7d5eb573-01e8-49db-b262-65baa247c724&pf_rd_p=7d5eb573-01e8-49db-b262-65baa247c724&pf_rd_r=XXGJWV591DHAC9V4D3EP&pd_rd_wg=9KwSA&pd_rd_r=fd50353b-839b-4fd9-a7f2-1275d215d5e3","","","","","","","","","","","",""
"","https://aax-us-east-retail-direct.amazon.com/x/c/JFZYzQjsDqkJPDn-5tM-BQoAAAGdYBokJQEAAAH2AQBvbm9fdHhuX2JpZDQgICBvbm9fdHhuX2ltcDEgICC1v80P/clv1c_ek-wwoH3LdTaDlXEIy7s7V7rNEmzewJkBYlBDnRv2QV-m64CMmmGYhCraGrz5gZqwAel_ZBie1AhsQGXi0qWGXqV31McfrA5g42QZVTMsc1e125JLbf_JwyYwLlVzwR_xU3F-egDGqpfwIwo9Edk34Bbo9KYHVP8g5ze_2vCnHCrq32S3AOQXUzv5DpAaZflmLA7bkObJM8IpPm05S3QKgbOzGOxGC5DhKuNCyXfLl2FTXeLLsbn12mRQO1Zu76z2C1vmwqWWPI0I7zfgOozbWaNojRMRsoYzhyNZ5OtxKdzef-ym5gJSdtFSH2JKK9mBhnMtbe6TGFaJOERqrmIzPMzJxMiVylMChQH3r795u021e4tx0K3nGNWXPi7U5SzzMiQz4OIoh9bVfoiYM1wuFcThtlXuIRyIKCJ7cTwefbH7_Pt-f8sQHFo09PGZzSdQxuJAkgPa2rZA_9kIL9R_BCpxaXrjisxB_t0iw2BEw1Wp8JHoWo4zI53lLPD8oZd94jvi3a7r74ZOBLcD9omFL61D6_xs-FWWsFUMr-4Db19S-CTiMpqEKb9zaaUDWJj2obHwFWeQEdBRhpL2-lj9vOn6xRiKH0qhK-x5rXEd57EfbEk_foSsiNoIaAl9cAgikUrd76_BerpzYRa-bbTDxmoru-sgxVRWE_9x-j0w-6eAfHYWlICI0HUgyJQfvHZsjOr7jN621XmNHsyOPPSMMUaYurlyFqlpcY61B5nXfS42y6dCF9hlzaVxfn3lb0cMpHuWGCj1WMqE4etNyvQDkuAeSApthirkJ1CpqZmbDuqCTRs4RTBNVHFVvltVE-sysm556RsWmBdSr3gQa52-W6mSmvdUGIQUVxqpSBpt4x1SMQVe3Z3QXiKYX3cVDvWY0n4vPAmtUCLBbVrnqDEqLdmLtcuUSrMuxkRpp4g053G79j_cmVRDuE4G6QmrzC7D9Ixaf740kRF7QQYgX4Vsiz5Awysemhr-lR2QLS6cne6mEomZkp_kPvF6F7rAP9Rp062djONmaUBVk4ogQm0VZAnAPVDUIh4K9ZTICjcxRh6dBb0wiE/https://www.amazon.com/stores/page/B60ED8F6-5084-4059-A24F-16A102600FA1/?_encoding=UTF8&store_ref=SB_A0247514EVWOO9UH0O2U-A03296811CSHCSN2QPJP&pd_rd_plhdr=t&aaxitk=433ee6cd43b9ee6bb67723df1b223791&hsa_cr_id=0&lp_asins=B0FQ5CR4F7%2CB0FCMF217J%2CB0FCFM4PDV&lp_query=gpu&lp_slot=auto-sparkle-hsa-tetris&ref_=sbx_s_sparkle_sbtcd_bkgd&pd_rd_w=ogpK1&content-id=amzn1.sym.cc961e39-6f5f-411e-8135-81c6c1187ac0%3Aamzn1.sym.cc961e39-6f5f-411e-8135-81c6c1187ac0&pf_rd_p=cc961e39-6f5f-411e-8135-81c6c1187ac0&pf_rd_r=025G9D6YNMK95QPN7FWP&pd_rd_wg=OhWIW&pd_rd_r=06f1fe8d-4e30-4aa7-93ef-2d42a9a82f91","","","","Typical:","|","$8.49","$8.99","","","","",""
"Only 9 left in stock - order soon.","https://www.amazon.com/sspa/click?ie=UTF8&spc=MTo2NDc0NzY2MzY5NTY4Mzc0OjE3NzU0MzM4MTk6c3BfYXRmX25leHQ6MzAxMjExMTk2MjQ3OTAyOjowOjo&url=%2FTREBLEET-Enclosure-Compatible-Thunderbolt-Controller%2Fdp%2FB0GM6B6XPP%2Fref%3Dsr_1_193_sspa%3Fcrid%3D346W5D56T0W20%26dib%3DeyJ2IjoiMSJ9.u3owQmjmtnoGM_owuY8XVHR7aKg0K8qiPVlbbWiWRPjQ-cBxeHUfg3u58VYdVpGAwQyBVNoQLwShkC1uKRybSs1AyxAkWtjTG_bBONrcW-bAFXo3ex6r3jxGKDhQSLcktmqvuOhQ50Oa3QPAxOgORibuDYqTbyEHnq73p5SNjxwingJ_Az8QEvBOx2iInBuICFzwtf28PlPOg0pQ1nGleNJCLblDgfF3GJ719Fq8dto.JFMGqbck-lZwI6uA9r5wcJop--pvx_Y40CbHMWboz_M%26dib_tag%3Dse%26keywords%3Dgpu%26qid%3D1775433818%26sprefix%3Dgp%252Caps%252C387%26sr%3D8-193-spons%26xpid%3DkRTaaIQ0Ql4iY%26sp_csd%3Dd2lkZ2V0TmFtZT1zcF9hdGZfbmV4dA%26psc%3D1","https://m.media-amazon.com/images/I/71SDctyAX6L._AC_UY218_.jpg","Sponsored","TREBLEET 80Gbps eGPU Enclosure Compatible with Thunderbolt 5 & USB4 v2, Built-in 600W SFX PSU, 140W PD Charging, JH9480 Controller, Aluminum GPU Dock for Windows & Intel Mac, Supports Daisy Chain","","","$359.99","","","Two-Day","FREE delivery","Tue, Apr 7",""
"Only 16 left in stock - order soon.","https://www.amazon.com/sspa/click?ie=UTF8&spc=MTo2NDc0NzY2MzY5NTY4Mzc0OjE3NzU0MzM4MTk6c3BfYXRmX25leHQ6MzAwMTUwNDIzODY1NTAyOjowOjo&url=%2FLINKUP-12VHPWR-PSU-GPU-Compatible-NIVIDA%2Fdp%2FB0CG2DQQV2%2Fref%3Dsr_1_194_sspa%3Fcrid%3D346W5D56T0W20%26dib%3DeyJ2IjoiMSJ9.u3owQmjmtnoGM_owuY8XVHR7aKg0K8qiPVlbbWiWRPjQ-cBxeHUfg3u58VYdVpGAwQyBVNoQLwShkC1uKRybSs1AyxAkWtjTG_bBONrcW-bAFXo3ex6r3jxGKDhQSLcktmqvuOhQ50Oa3QPAxOgORibuDYqTbyEHnq73p5SNjxwingJ_Az8QEvBOx2iInBuICFzwtf28PlPOg0pQ1nGleNJCLblDgfF3GJ719Fq8dto.JFMGqbck-lZwI6uA9r5wcJop--pvx_Y40CbHMWboz_M%26dib_tag%3Dse%26keywords%3Dgpu%26qid%3D1775433818%26sprefix%3Dgp%252Caps%252C387%26sr%3D8-194-spons%26xpid%3DkRTaaIQ0Ql4iY%26sp_csd%3Dd2lkZ2V0TmFtZT1zcF9hdGZfbmV4dA%26psc%3D1","https://m.media-amazon.com/images/I/71qDbrn40bL._AC_UY218_.jpg","Sponsored","LINKUP 12VHPWR PSU-GPU Power Cable | Compatible with NIVIDA RTX 5080/5070 and All RTX GPUs | 600W 16Pin/12+4 PCIe 5.0 Cable | 70cm - Straight","4.1","(53)","$27.96","","","Tomorrow","FREE delivery","Tomorrow, Apr 6",""
"More Buying Choices","https://www.amazon.com/ASUS-GeForce-Gaming-Graphics-DisplayPort/dp/B0BLFTWYLZ/ref=sr_1_195?crid=346W5D56T0W20&dib=eyJ2IjoiMSJ9.u3owQmjmtnoGM_owuY8XVHR7aKg0K8qiPVlbbWiWRPjQ-cBxeHUfg3u58VYdVpGAwQyBVNoQLwShkC1uKRybSs1AyxAkWtjTG_bBONrcW-bAFXo3ex6r3jxGKDhQSLcktmqvuOhQ50Oa3QPAxOgORibuDYqTbyEHnq73p5SNjxwingJ_Az8QEvBOx2iInBuICFzwtf28PlPOg0pQ1nGleNJCLblDgfF3GJ719Fq8dto.JFMGqbck-lZwI6uA9r5wcJop--pvx_Y40CbHMWboz_M&dib_tag=se&keywords=gpu&qid=1775433818&sprefix=gp%2Caps%2C387&sr=8-195&xpid=kRTaaIQ0Ql4iY","https://m.media-amazon.com/images/I/71stHfUBHXL._AC_UY218_.jpg","","ASUS ROG Strix GeForce RTX® 4080 OC Edition Gaming Graphics Card (PCIe 4.0, 16GB GDDR6X, HDMI 2.1a, DisplayPort 1.4a)","4.5","(133)","$1,679.95","","","","FREE delivery","Thu, Apr 23","Apr 14 - 16"
"More Buying Choices","https://www.amazon.com/PNY-NVIDIA-A4000-Graphic-Card/dp/B09G21MBW2/ref=sr_1_196?crid=346W5D56T0W20&dib=eyJ2IjoiMSJ9.u3owQmjmtnoGM_owuY8XVHR7aKg0K8qiPVlbbWiWRPjQ-cBxeHUfg3u58VYdVpGAwQyBVNoQLwShkC1uKRybSs1AyxAkWtjTG_bBONrcW-bAFXo3ex6r3jxGKDhQSLcktmqvuOhQ50Oa3QPAxOgORibuDYqTbyEHnq73p5SNjxwingJ_Az8QEvBOx2iInBuICFzwtf28PlPOg0pQ1nGleNJCLblDgfF3GJ719Fq8dto.JFMGqbck-lZwI6uA9r5wcJop--pvx_Y40CbHMWboz_M&dib_tag=se&keywords=gpu&qid=1775433818&sprefix=gp%2Caps%2C387&sr=8-196&xpid=kRTaaIQ0Ql4iY","https://m.media-amazon.com/images/I/41TBE+A2kLL._AC_UY218_.jpg","","PNY NVIDIA RTX A4000","3.4","(50)","$1,149.99","","","","FREE delivery","Thu, Apr 23",""
"","https://www.amazon.com/sspa/click?ie=UTF8&spc=MTo2NDc0NzY2MzY5NTY4Mzc0OjE3NzU0MzM4MTk6c3BfbXRmOjMwMTIxOTM4MTA2MzYwMjo6MDo6&url=%2FHD7670-Graphics-128Bit-Express-Cooling%2Fdp%2FB0CYYCJVQ4%2Fref%3Dsr_1_197_sspa%3Fcrid%3D346W5D56T0W20%26dib%3DeyJ2IjoiMSJ9.u3owQmjmtnoGM_owuY8XVHR7aKg0K8qiPVlbbWiWRPjQ-cBxeHUfg3u58VYdVpGAwQyBVNoQLwShkC1uKRybSs1AyxAkWtjTG_bBONrcW-bAFXo3ex6r3jxGKDhQSLcktmqvuOhQ50Oa3QPAxOgORibuDYqTbyEHnq73p5SNjxwingJ_Az8QEvBOx2iInBuICFzwtf28PlPOg0pQ1nGleNJCLblDgfF3GJ719Fq8dto.JFMGqbck-lZwI6uA9r5wcJop--pvx_Y40CbHMWboz_M%26dib_tag%3Dse%26keywords%3Dgpu%26qid%3D1775433818%26sprefix%3Dgp%252Caps%252C387%26sr%3D8-197-spons%26xpid%3DkRTaaIQ0Ql4iY%26sp_csd%3Dd2lkZ2V0TmFtZT1zcF9tdGY%26psc%3D1","https://m.media-amazon.com/images/I/61cOh5BS-CL._AC_UY218_.jpg","Sponsored","HD7670 Graphics Card, 128Bit GDDR5 650/900MHz PCI Express 2.0 Gaming GPU Graphics Card, HDMI VGA DVI with Cooling Fan for Office and PC Gaming","","","$49.33","","","","FREE delivery","Apr 15 - 24",""
"Only 1 left in stock - order soon.","https://www.amazon.com/sspa/click?ie=UTF8&spc=MTo2NDc0NzY2MzY5NTY4Mzc0OjE3NzU0MzM4MTk6c3BfbXRmOjMwMDgyNDcwNjAyNzcwMjo6MDo6&url=%2FGraphics-1000MHz-DirectX-Computer-Accessories%2Fdp%2FB0BN6PF3NR%2Fref%3Dsr_1_198_sspa%3Fcrid%3D346W5D56T0W20%26dib%3DeyJ2IjoiMSJ9.u3owQmjmtnoGM_owuY8XVHR7aKg0K8qiPVlbbWiWRPjQ-cBxeHUfg3u58VYdVpGAwQyBVNoQLwShkC1uKRybSs1AyxAkWtjTG_bBONrcW-bAFXo3ex6r3jxGKDhQSLcktmqvuOhQ50Oa3QPAxOgORibuDYqTbyEHnq73p5SNjxwingJ_Az8QEvBOx2iInBuICFzwtf28PlPOg0pQ1nGleNJCLblDgfF3GJ719Fq8dto.JFMGqbck-lZwI6uA9r5wcJop--pvx_Y40CbHMWboz_M%26dib_tag%3Dse%26keywords%3Dgpu%26qid%3D1775433818%26sprefix%3Dgp%252Caps%252C387%26sr%3D8-198-spons%26xpid%3DkRTaaIQ0Ql4iY%26sp_csd%3Dd2lkZ2V0TmFtZT1zcF9tdGY%26psc%3D1","https://m.media-amazon.com/images/I/61JZfwmEWaL._AC_UY218_.jpg","Sponsored","HD 7670 Graphics Card, 4GB GDDR5 Gaming Graphics Card 128bit 1000MHz Video Card DirectX 11 GPU, HDML/DP/DVI for Upgrade Computer Accessories","3.6","(33)","$69.83","","","Two-Day","FREE delivery","Tue, Apr 7",""
"","https://aax-us-east-retail-direct.amazon.com/x/c/JMZ9Kd-LAhpLsugA-stzO_8AAAGdYBokPgEAAAH2AQBvbm9fdHhuX2JpZDYgICBvbm9fdHhuX2ltcDEgICCKSf7S/clv1c_ek-wAoHzLdbW7g5LO9xIguwAQdqXnkHwWxoEmtKj8NDKmqn_RqVKoU1DRSwxyff5tFL4yLZ9ynJe_x43KYCGQX-bZbGfHuBDV_H-ux8C9VF2aCvgF5LxrW762PtgoO6qxTujXUSpW9iEYQp_A-Que9HaiG0cYVmaGoSDTtPoT6R3yrmu-vqa_vabC5ACOfnN0Exr9lrrqJdJNAbY_tlBkdmOsTVMYNke7SxqZ4v0dykeSnCYtuN7XcwS4aChuhbPCsyksFOHq2zB6RXDjBxSbqbohPXzzxrz14p-XTkqd7brVQYRklT2S19jVCcQw0wjpUKUAPE5KqR4WOuxVhleAOusYVPWUVy04n2rtrq4_vCORA1HIWSTwenrvX6y73eprkf1_N8Hmc1H1q6xe9IQHOn6E9DQG7Q8gY4A2COZ2qzQsaHhLUgYltpWWgm-ytYqg4JIx31tadDIKSfkYF2f8GGZJlXniYChi6IPvZlwln1NYJ02AOA4JgzmLXpxjOF38KzGzuCdfwM87mjHd9gwJMwzmg1ymHLZdzZmE090E4aYqmHACBlibEu8lbY3-6lcYCZIygMmJqwTr0llwAo3pi41rlGwG6lnv4yNRY-qH7k_-JeG7Ca6Qk7un4jjRJBVaUOnRyWyyHVoEjHFPKZ8LtGT1dpNPJ2thEqNWYjND4qN6IH0hKBDYrGOOaJeT-sttjKvB8Set8QqRRLAHD0AO0Cq-TGFfIZbXcO6L8fcSa8HIdemb8PXlNezMdoiYZ_5cdbS74eEWfJdKF2AO50DplEkp0jotq0WrCGm_us9SYTdWUY1SrxYbodKxo6xlE-Ttmt1KRZzPtdmj8S9QDC-gh8jICMpYRyL15IjKqSPc8snVoTooJHyT-2oGeMnNS_nev4kX_KQnEC1JJb6ToV8e5DD_CqnW1rsPEUn64RG7bTVcCThKFN-F-jwPbINSYQRyNIvbeUaZE_TL3L964Tk2wW2wxV9vEibNJodppyIakraYr2xR5gG_5kswlohd1QGpsaM9pvv-TaElsgqEmT1feyiC7DR8Jm0vmSvXMde5AZQsmvFi9UMAOSlUsgxzhZW_Q/https://www.amazon.com/stores/page/B916E14A-6EA6-40A0-B386-1C60ECE20F5C/?_encoding=UTF8&pd_rd_plhdr=t&pd_rd_i=B0FF4R4HH5&ref_=sbx_be_s_sparkle_ssd_bkg&store_ref=SBV_A04921433J7IU47RF0WTL-A06084247UALMRTEA2UJ&lp_asins=B0FF4R4HH5&pd_rd_w=bMTLL&content-id=amzn1.sym.a55e4c23-ba6c-4408-a37e-65ef6d7a1c73%3Aamzn1.sym.a55e4c23-ba6c-4408-a37e-65ef6d7a1c73&pf_rd_p=a55e4c23-ba6c-4408-a37e-65ef6d7a1c73&pf_rd_r=025G9D6YNMK95QPN7FWP&pd_rd_wg=KIlxR&pd_rd_r=2cadf050-e582-427a-b62d-cf07897539f3","","","","4.1","Shop","","","","","","",""
"","https://aax-us-east-retail-direct.amazon.com/x/c/JFmqhovqof7LMpPurgq31yoAAAGdYBokMQEAAAH2AQBvbm9fdHhuX2JpZDYgICBvbm9fdHhuX2ltcDIgICD3KZjv/clv1c_ek-wwgHWLdTaDdVAul8TgMCVbgx7K6YToOZgjvA3VXzZs2T_woMvCqhoj8DBDKHONFOLHQQYZ0yCIUh2CbeDx9gOi2E6dIMRPFM6s-ZOXRyuRdNlJKxJje5x5jx_WnDWjq2CSBUXbWzl2eAErMZo77AboQxfFRbsBM3U3C2-s2VtJK0EEoHNe9MpEB53sfU6nuqS7zFABm9uFBdvt3Rd3OMp0E9jhvyHFr5Nhniobs-fRpGYLd8lem2LlmpCVYO6yvYZrQPfCCUNywQxHX-hkFh4xuOHsEN-wG1-7fHS4N_c8K_34QDdm-9FME6eYqd3a5mdopfmpdnmfsVl4Oiz9FYK6jo-pY08TMsJkz5y8ueaDa2h6wuz1EalnaoXnyMlN4ToGbScncRroHlUm0NlS1PqP-z05Or4JbcER-zhcD-KbeSf1nCZHtB4PzlDp2isIqkNuer0EHe9QRL-_nLW3jvgXEDcM3KnvZTxebr3vi-seMFaJAuN4M_-e_ChW49h78UaV1vuG6KRN36KiSdQNGlelxu0XCzQABmUTENvYPJmzHpJgSBUf0nw8rzQh6JNNbPKn-3xWRKG-MnHboTBc_mr5_2VMJeL_EBcX1nW5c7e1_uitysH9kcr6yN5zxNz-7Jy2D5RZIzpxea3VsB6fm8Tu0zak_yvu8JLeo2ixPgrwWv8Kia-upKVpc0iLFRu20KHXDAtzmHjVwRLVNjKiOFKpTyUbHijn_V2ZZ0friTbDwl-c4hQZhgMMKjsjU6piAujNTASX5htrv6O4juqpsMNsXRaDSO9HzpKtohGRVfeZjnzDFPPpBpsC5g1A1qQ0Q64GKs0s5piosLnNxmIRJlEroJcixNGUipJd9SfhydDrJl1e8tkz8CdZm5l0gT9nVCQxghgfrYrMq1DuG9XA5hRRhUtdRKY_5ft4J21MCJJLAsdJl0OgULq2-SBNOnDjEhh4ehCTgovI9jPQSz_8ZPrYVHkrPBtQpZnKLKHLJj9nKEHENZYV5iFA8yxd1pdLjYJZ8bw5Kn6tM5Pcxl-NvbUiA5hLAdJOWafUAPXlE9g7t1YGMe2AMxwPRPqiFHJiA23EN0kLPQk_OZbyDeKbMUbfKdO9KFY/https://www.amazon.com/stores/page/3AE2EDDA-7CFB-442E-80B2-6AD9D9F36AA3/?_encoding=UTF8&store_ref=SB_A0518627ZQMNUJV450QY-A0563921292RFWOZMAJII&pd_rd_plhdr=t&aaxitk=272a79a595384f5701a71c719329e6ec&hsa_cr_id=0&lp_asins=B0BZC16C8J%2CB0C8CYVVC9%2CB0CLP57WF7&lp_query=gpu&lp_slot=desktop-inline&ref_=sbx__sbtcd2_bkgd&pd_rd_w=j1RlQ&content-id=amzn1.sym.8a47ec59-c206-4272-83cb-e2017cc774b4%3Aamzn1.sym.8a47ec59-c206-4272-83cb-e2017cc774b4&pf_rd_p=8a47ec59-c206-4272-83cb-e2017cc774b4&pf_rd_r=025G9D6YNMK95QPN7FWP&pd_rd_wg=KIlxR&pd_rd_r=2cadf050-e582-427a-b62d-cf07897539f3","","","","4.4","|","$9.99","$14.99","","Overnight","FREE delivery  on $25 of qualifying items","Overnight 7 AM - 11 AM","Overnight 7 AM - 11 AM"
"Only 13 left in stock - order soon.","https://www.amazon.com/NVIDIA-NVLink-Bridge-Graphics-900-53651-2500-000/dp/B0GG9W1KYK/ref=sr_1_199?crid=346W5D56T0W20&dib=eyJ2IjoiMSJ9.u3owQmjmtnoGM_owuY8XVHR7aKg0K8qiPVlbbWiWRPjQ-cBxeHUfg3u58VYdVpGAwQyBVNoQLwShkC1uKRybSs1AyxAkWtjTG_bBONrcW-bAFXo3ex6r3jxGKDhQSLcktmqvuOhQ50Oa3QPAxOgORibuDYqTbyEHnq73p5SNjxwingJ_Az8QEvBOx2iInBuICFzwtf28PlPOg0pQ1nGleNJCLblDgfF3GJ719Fq8dto.JFMGqbck-lZwI6uA9r5wcJop--pvx_Y40CbHMWboz_M&dib_tag=se&keywords=gpu&qid=1775433818&sprefix=gp%2Caps%2C387&sr=8-199&xpid=kRTaaIQ0Ql4iY","https://m.media-amazon.com/images/I/31URVPRyGdL._AC_UY218_.jpg","","NVIDIA NVLink Bridge 2-Slot for 3090 A30 A40 A100 A800 A5000 A5500 A6000 H100 Graphics Cards 900-53651-2500-000 P3651","1.0","(1)","$259.99","","","Overnight","FREE delivery","Overnight 7 AM - 11 AM",""
"","https://www.amazon.com/ZOTAC-Graphics-IceStorm-Advanced-ZT-D40620F-10M/dp/B0CMJQZQC6/ref=sr_1_200?crid=346W5D56T0W20&dib=eyJ2IjoiMSJ9.u3owQmjmtnoGM_owuY8XVHR7aKg0K8qiPVlbbWiWRPjQ-cBxeHUfg3u58VYdVpGAwQyBVNoQLwShkC1uKRybSs1AyxAkWtjTG_bBONrcW-bAFXo3ex6r3jxGKDhQSLcktmqvuOhQ50Oa3QPAxOgORibuDYqTbyEHnq73p5SNjxwingJ_Az8QEvBOx2iInBuICFzwtf28PlPOg0pQ1nGleNJCLblDgfF3GJ719Fq8dto.JFMGqbck-lZwI6uA9r5wcJop--pvx_Y40CbHMWboz_M&dib_tag=se&keywords=gpu&qid=1775433818&sprefix=gp%2Caps%2C387&sr=8-200&xpid=kRTaaIQ0Ql4iY","https://m.media-amazon.com/images/I/8153eBeVpQL._AC_UY218_.jpg","","ZOTAC Gaming GeForce RTX 4060 Ti 16GB AMP DLSS 3 16GB GDDR6 128-bit 18 Gbps PCIE 4.0 Compact Gaming Graphics Card, IceStorm 2.0 Advanced Cooling, Spectra RGB Lighting, ZT-D40620F-10M","4.7","(196)","","","","","","",""
"Only 1 left in stock - order soon.","https://www.amazon.com/sspa/click?ie=UTF8&spc=MTo2NDc0NzY2MzY5NTY4Mzc0OjE3NzU0MzM4MTk6c3BfbXRmOjMwMDA4MDM0NjA5MTMwMjo6MDo6&url=%2F51RISC-RTX-3070-DisplayPort-Protective%2Fdp%2FB0BYJNQ1KW%2Fref%3Dsr_1_201_sspa%3Fcrid%3D346W5D56T0W20%26dib%3DeyJ2IjoiMSJ9.u3owQmjmtnoGM_owuY8XVHR7aKg0K8qiPVlbbWiWRPjQ-cBxeHUfg3u58VYdVpGAwQyBVNoQLwShkC1uKRybSs1AyxAkWtjTG_bBONrcW-bAFXo3ex6r3jxGKDhQSLcktmqvuOhQ50Oa3QPAxOgORibuDYqTbyEHnq73p5SNjxwingJ_Az8QEvBOx2iInBuICFzwtf28PlPOg0pQ1nGleNJCLblDgfF3GJ719Fq8dto.JFMGqbck-lZwI6uA9r5wcJop--pvx_Y40CbHMWboz_M%26dib_tag%3Dse%26keywords%3Dgpu%26qid%3D1775433818%26sprefix%3Dgp%252Caps%252C387%26sr%3D8-201-spons%26xpid%3DkRTaaIQ0Ql4iY%26sp_csd%3Dd2lkZ2V0TmFtZT1zcF9tdGY%26psc%3D1","https://m.media-amazon.com/images/I/61FHS+kpPCL._AC_UY218_.jpg","Sponsored","RTX 3070 Graphics Card, 8GB GDDR6 White Edition PCIe 4.0 256-bit HDMI 2.1 DisplayPort 1.4a Dual Fan Cooling Protective Backplate (RTX 3070 8GB)","4.4","(3)","$399.99","","","","FREE delivery","Thu, Apr 9",""
"Save 5%","https://www.amazon.com/sspa/click?ie=UTF8&spc=MTo2NDc0NzY2MzY5NTY4Mzc0OjE3NzU0MzM4MTk6c3BfbXRmOjMwMTA5NTcwNjM0NDAwMjo6MDo6&url=%2FComputer-Graphics-2560x1600-Multimedia-Interface%2Fdp%2FB0CFS5FK9Y%2Fref%3Dsr_1_202_sspa%3Fcrid%3D346W5D56T0W20%26dib%3DeyJ2IjoiMSJ9.u3owQmjmtnoGM_owuY8XVHR7aKg0K8qiPVlbbWiWRPjQ-cBxeHUfg3u58VYdVpGAwQyBVNoQLwShkC1uKRybSs1AyxAkWtjTG_bBONrcW-bAFXo3ex6r3jxGKDhQSLcktmqvuOhQ50Oa3QPAxOgORibuDYqTbyEHnq73p5SNjxwingJ_Az8QEvBOx2iInBuICFzwtf28PlPOg0pQ1nGleNJCLblDgfF3GJ719Fq8dto.JFMGqbck-lZwI6uA9r5wcJop--pvx_Y40CbHMWboz_M%26dib_tag%3Dse%26keywords%3Dgpu%26qid%3D1775433818%26sprefix%3Dgp%252Caps%252C387%26sr%3D8-202-spons%26xpid%3DkRTaaIQ0Ql4iY%26sp_csd%3Dd2lkZ2V0TmFtZT1zcF9tdGY%26psc%3D1","https://m.media-amazon.com/images/I/619lJ+i5VQL._AC_UY218_.jpg","Sponsored","Low Gpu Computer Video Card Graphics Card,Graphics Card 589MHz 1000MHz 2560x1600 Gaming Graphics Card for HD Multimedia Interface DVI VGA Interface (GT210 1GD3 64BIT)","3.6","(4)","$34.43","","","Tomorrow","FREE delivery","Tomorrow, Apr 6",""
"Only 2 left in stock - order soon.","https://www.amazon.com/GeForce-Vanguard-Launch-Graphics-VD8998/dp/B0DT6RMFLK/ref=sr_1_203?crid=346W5D56T0W20&dib=eyJ2IjoiMSJ9.u3owQmjmtnoGM_owuY8XVHR7aKg0K8qiPVlbbWiWRPjQ-cBxeHUfg3u58VYdVpGAwQyBVNoQLwShkC1uKRybSs1AyxAkWtjTG_bBONrcW-bAFXo3ex6r3jxGKDhQSLcktmqvuOhQ50Oa3QPAxOgORibuDYqTbyEHnq73p5SNjxwingJ_Az8QEvBOx2iInBuICFzwtf28PlPOg0pQ1nGleNJCLblDgfF3GJ719Fq8dto.JFMGqbck-lZwI6uA9r5wcJop--pvx_Y40CbHMWboz_M&dib_tag=se&keywords=gpu&qid=1775433818&sprefix=gp%2Caps%2C387&sr=8-203&xpid=kRTaaIQ0Ql4iY","https://m.media-amazon.com/images/I/71REccUuaTL._AC_UY218_.jpg","","MSI GeForce RTX 5090 32G Vanguard SOC Launch Edition Graphics Card VD8998","4.2","(4)","$4,979.97","","","","FREE delivery","Mon, Apr 13","Wed, Apr 8"
"50+ bought in past month","https://www.amazon.com/Thunderbolt-compatible-external-Graphics-featuring/dp/B0FGJLL4L1/ref=sr_1_204?crid=346W5D56T0W20&dib=eyJ2IjoiMSJ9.u3owQmjmtnoGM_owuY8XVHR7aKg0K8qiPVlbbWiWRPjQ-cBxeHUfg3u58VYdVpGAwQyBVNoQLwShkC1uKRybSs1AyxAkWtjTG_bBONrcW-bAFXo3ex6r3jxGKDhQSLcktmqvuOhQ50Oa3QPAxOgORibuDYqTbyEHnq73p5SNjxwingJ_Az8QEvBOx2iInBuICFzwtf28PlPOg0pQ1nGleNJCLblDgfF3GJ719Fq8dto.JFMGqbck-lZwI6uA9r5wcJop--pvx_Y40CbHMWboz_M&dib_tag=se&keywords=gpu&qid=1775433818&sprefix=gp%2Caps%2C387&sr=8-204&xpid=kRTaaIQ0Ql4iY","https://m.media-amazon.com/images/I/71FG7TphMfL._AC_UY218_.jpg","","PCIE 3.0 x16 22Gbps eGPU DOCK, Thunderbolt 4 cable, compatible with external GPU NVIDIA AMD Graphics Card for Windows Laptop Console featuring Thunderbolt 3/4 USB 4, Powered by PD/8PinCPU/Molex/DC5521","3.8","(28)","$99.99","","","Overnight","FREE delivery","Overnight 7 AM - 11 AM",""
"100+ bought in past month","https://www.amazon.com/Compatible-SFF-8612-SFF-8611-Enclosure-supports/dp/B0F9FBN5P5/ref=sr_1_205?crid=346W5D56T0W20&dib=eyJ2IjoiMSJ9.u3owQmjmtnoGM_owuY8XVHR7aKg0K8qiPVlbbWiWRPjQ-cBxeHUfg3u58VYdVpGAwQyBVNoQLwShkC1uKRybSs1AyxAkWtjTG_bBONrcW-bAFXo3ex6r3jxGKDhQSLcktmqvuOhQ50Oa3QPAxOgORibuDYqTbyEHnq73p5SNjxwingJ_Az8QEvBOx2iInBuICFzwtf28PlPOg0pQ1nGleNJCLblDgfF3GJ719Fq8dto.JFMGqbck-lZwI6uA9r5wcJop--pvx_Y40CbHMWboz_M&dib_tag=se&keywords=gpu&qid=1775433818&sprefix=gp%2Caps%2C387&sr=8-205&xpid=kRTaaIQ0Ql4iY","https://m.media-amazon.com/images/I/6150Ftz6MNL._AC_UY218_.jpg","","PCIe 4.0 x4 64Gbps Compatible eGPU DOCK, with OCuLink SFF-8612 8311 to PCIe x16 and SFF-8611 Male Cable, Enclosure supports Standard ATX Power and External Graphics Cards GPU for Laptop Mini PC","4.5","(57)","$94.99","$99.99","$99.99","Overnight","FREE delivery","Overnight 7 AM - 11 AM",""
"Only 1 left in stock - order soon.","https://www.amazon.com/PNY-NVIDIA-A5000-Graphic-Card/dp/B09G1Y6ZGT/ref=sr_1_206?crid=346W5D56T0W20&dib=eyJ2IjoiMSJ9.u3owQmjmtnoGM_owuY8XVHR7aKg0K8qiPVlbbWiWRPjQ-cBxeHUfg3u58VYdVpGAwQyBVNoQLwShkC1uKRybSs1AyxAkWtjTG_bBONrcW-bAFXo3ex6r3jxGKDhQSLcktmqvuOhQ50Oa3QPAxOgORibuDYqTbyEHnq73p5SNjxwingJ_Az8QEvBOx2iInBuICFzwtf28PlPOg0pQ1nGleNJCLblDgfF3GJ719Fq8dto.JFMGqbck-lZwI6uA9r5wcJop--pvx_Y40CbHMWboz_M&dib_tag=se&keywords=gpu&qid=1775433818&sprefix=gp%2Caps%2C387&sr=8-206&xpid=kRTaaIQ0Ql4iY","https://m.media-amazon.com/images/I/41C7y8yVVWL._AC_UY218_.jpg","","PNY NVIDIA RTX A5000","3.1","(15)","$2,399.00","","","Tomorrow","FREE delivery","Tomorrow, Apr 6",""
"100+ bought in past month","https://www.amazon.com/ASUS-ROG-Graphics-Tool-Free-Included/dp/B0DGB5RLLV/ref=sr_1_207?crid=346W5D56T0W20&dib=eyJ2IjoiMSJ9.u3owQmjmtnoGM_owuY8XVHR7aKg0K8qiPVlbbWiWRPjQ-cBxeHUfg3u58VYdVpGAwQyBVNoQLwShkC1uKRybSs1AyxAkWtjTG_bBONrcW-bAFXo3ex6r3jxGKDhQSLcktmqvuOhQ50Oa3QPAxOgORibuDYqTbyEHnq73p5SNjxwingJ_Az8QEvBOx2iInBuICFzwtf28PlPOg0pQ1nGleNJCLblDgfF3GJ719Fq8dto.JFMGqbck-lZwI6uA9r5wcJop--pvx_Y40CbHMWboz_M&dib_tag=se&keywords=gpu&qid=1775433818&sprefix=gp%2Caps%2C387&sr=8-207&xpid=kRTaaIQ0Ql4iY","https://m.media-amazon.com/images/I/71MZGikmirL._AC_UY218_.jpg","","ASUS ROG Herculx Graphics Card Holder White Edition (Tool-Free Design, Included Spirit Level, Solid zinc Alloy, 72-128mm, Aura Sync)","4.6","(191)","$44.99","","","Overnight","FREE delivery","Overnight 7 AM - 11 AM",""
"50+ bought in past month","https://www.amazon.com/ROG-X870E-BTF-Hidden-Connector-high-Power/dp/B0FP3XLWXL/ref=sr_1_208?crid=346W5D56T0W20&dib=eyJ2IjoiMSJ9.u3owQmjmtnoGM_owuY8XVHR7aKg0K8qiPVlbbWiWRPjQ-cBxeHUfg3u58VYdVpGAwQyBVNoQLwShkC1uKRybSs1AyxAkWtjTG_bBONrcW-bAFXo3ex6r3jxGKDhQSLcktmqvuOhQ50Oa3QPAxOgORibuDYqTbyEHnq73p5SNjxwingJ_Az8QEvBOx2iInBuICFzwtf28PlPOg0pQ1nGleNJCLblDgfF3GJ719Fq8dto.JFMGqbck-lZwI6uA9r5wcJop--pvx_Y40CbHMWboz_M&dib_tag=se&keywords=gpu&qid=1775433818&sprefix=gp%2Caps%2C387&sr=8-208&ufe=app_do%3Aamzn1.fos.5998aa40-ec6f-4947-a68f-cd087fee0848&xpid=kRTaaIQ0Ql4iY","https://m.media-amazon.com/images/I/810x5c0PU-L._AC_UY218_.jpg","","ROG Crosshair X870E Hero BTF AMD ATX Board with Hidden-Connector Design & high-Power GPU Slot for Clean Cable Management, 18+2+2 Power, DDR5, WiFi 7, 5X M.2, PCIe 5.0, USB4, Advanced AI PC Ready","4.9","(33)","$799.99","","$160.00","Two-Day","FREE delivery","Tue, Apr 7",""
"More Buying Choices","https://www.amazon.com/Tesla-L40-GPU-Computing-Processor/dp/B0CJK57DMZ/ref=sr_1_209?crid=346W5D56T0W20&dib=eyJ2IjoiMSJ9.u3owQmjmtnoGM_owuY8XVHR7aKg0K8qiPVlbbWiWRPjQ-cBxeHUfg3u58VYdVpGAwQyBVNoQLwShkC1uKRybSs1AyxAkWtjTG_bBONrcW-bAFXo3ex6r3jxGKDhQSLcktmqvuOhQ50Oa3QPAxOgORibuDYqTbyEHnq73p5SNjxwingJ_Az8QEvBOx2iInBuICFzwtf28PlPOg0pQ1nGleNJCLblDgfF3GJ719Fq8dto.JFMGqbck-lZwI6uA9r5wcJop--pvx_Y40CbHMWboz_M&dib_tag=se&keywords=gpu&qid=1775433818&sprefix=gp%2Caps%2C387&sr=8-209&xpid=kRTaaIQ0Ql4iY","https://m.media-amazon.com/images/I/412HFhb-D6L._AC_UY218_.jpg","","Generic Tesla L40 GPU - 48GB GDDR6X, DisplayPort, PCIe, Workstation/Server, Professional","","","$6,099.00","","","","$10.99 delivery","Apr 14 - 15",""
"Only 1 left in stock - order soon.","https://www.amazon.com/ASUS-NVIDIA-GeForce-Overclocked-Graphics/dp/B0FNBS4FNM/ref=sr_1_210?crid=346W5D56T0W20&dib=eyJ2IjoiMSJ9.u3owQmjmtnoGM_owuY8XVHR7aKg0K8qiPVlbbWiWRPjQ-cBxeHUfg3u58VYdVpGAwQyBVNoQLwShkC1uKRybSs1AyxAkWtjTG_bBONrcW-bAFXo3ex6r3jxGKDhQSLcktmqvuOhQ50Oa3QPAxOgORibuDYqTbyEHnq73p5SNjxwingJ_Az8QEvBOx2iInBuICFzwtf28PlPOg0pQ1nGleNJCLblDgfF3GJ719Fq8dto.JFMGqbck-lZwI6uA9r5wcJop--pvx_Y40CbHMWboz_M&dib_tag=se&keywords=gpu&qid=1775433818&sprefix=gp%2Caps%2C387&sr=8-210&xpid=kRTaaIQ0Ql4iY","https://m.media-amazon.com/images/I/61gejvrrg+L._AC_UY218_.jpg","","ASUS NVIDIA GeForce RTX 5080 ROG Astral Dhahab CORE Overclocked Triple Fan 16GB GDDR7 PCIe 5.0 Graphics Card","","","$2,319.99","","","","FREE delivery","Mon, Apr 13","Tue, Apr 7"
"200+ bought in past month","https://www.amazon.com/Cooler-Master-MasterAccessory-Vertical-Graphics/dp/B0B72D88KL/ref=sr_1_211?crid=346W5D56T0W20&dib=eyJ2IjoiMSJ9.u3owQmjmtnoGM_owuY8XVHR7aKg0K8qiPVlbbWiWRPjQ-cBxeHUfg3u58VYdVpGAwQyBVNoQLwShkC1uKRybSs1AyxAkWtjTG_bBONrcW-bAFXo3ex6r3jxGKDhQSLcktmqvuOhQ50Oa3QPAxOgORibuDYqTbyEHnq73p5SNjxwingJ_Az8QEvBOx2iInBuICFzwtf28PlPOg0pQ1nGleNJCLblDgfF3GJ719Fq8dto.JFMGqbck-lZwI6uA9r5wcJop--pvx_Y40CbHMWboz_M&dib_tag=se&keywords=gpu&qid=1775433818&sprefix=gp%2Caps%2C387&sr=8-211&ufe=app_do%3Aamzn1.fos.9fe8cbfa-bf43-43d1-a707-3f4e65a4b666&xpid=kRTaaIQ0Ql4iY","https://m.media-amazon.com/images/I/61OAE-LAotL._AC_UY218_.jpg","","Cooler Master MasterAccessory Vertical GPU Card Holder Kit V3 Black, Premium Riser Cable PCI-E 4.0 x16-165mm, PCIe 3.0 Compatible, Adjustable Length for E-ATX|ATX|Micro ATX Case (MCA-U000R-KFVK03)","4.3","(1.2K)","$60.03","$69.99","$69.99","Two-Day","FREE delivery","Tue, Apr 7",""
"","https://www.amazon.com/upHere-Addressable-Graphics-Support-Bracket-GL28ARGB/dp/B07TT2RVFH/ref=sr_1_212?crid=346W5D56T0W20&dib=eyJ2IjoiMSJ9.u3owQmjmtnoGM_owuY8XVHR7aKg0K8qiPVlbbWiWRPjQ-cBxeHUfg3u58VYdVpGAwQyBVNoQLwShkC1uKRybSs1AyxAkWtjTG_bBONrcW-bAFXo3ex6r3jxGKDhQSLcktmqvuOhQ50Oa3QPAxOgORibuDYqTbyEHnq73p5SNjxwingJ_Az8QEvBOx2iInBuICFzwtf28PlPOg0pQ1nGleNJCLblDgfF3GJ719Fq8dto.JFMGqbck-lZwI6uA9r5wcJop--pvx_Y40CbHMWboz_M&dib_tag=se&keywords=gpu&qid=1775433818&sprefix=gp%2Caps%2C387&sr=8-212&xpid=kRTaaIQ0Ql4iY","https://m.media-amazon.com/images/I/61OHyiqqZjL._AC_UY218_.jpg","","upHere 5V 3-pin Addressable RGB Graphics Card GPU Brace Support Holder,Support Video Card Sag Holder/Holster Bracket-GL28ARGB","3.9","(934)","$11.99","","","Overnight","FREE delivery  on $25 of qualifying items","Overnight 7 AM - 11 AM",""
"Only 3 left in stock - order soon.","https://www.amazon.com/XAMMUE-ONEXGPU-Expansion-Architecture-Thunderbolt/dp/B0CY1S6KN5/ref=sr_1_213?crid=346W5D56T0W20&dib=eyJ2IjoiMSJ9.u3owQmjmtnoGM_owuY8XVHR7aKg0K8qiPVlbbWiWRPjQ-cBxeHUfg3u58VYdVpGAwQyBVNoQLwShkC1uKRybSs1AyxAkWtjTG_bBONrcW-bAFXo3ex6r3jxGKDhQSLcktmqvuOhQ50Oa3QPAxOgORibuDYqTbyEHnq73p5SNjxwingJ_Az8QEvBOx2iInBuICFzwtf28PlPOg0pQ1nGleNJCLblDgfF3GJ719Fq8dto.JFMGqbck-lZwI6uA9r5wcJop--pvx_Y40CbHMWboz_M&dib_tag=se&keywords=gpu&qid=1775433818&sprefix=gp%2Caps%2C387&sr=8-213&xpid=kRTaaIQ0Ql4iY","https://m.media-amazon.com/images/I/51YuSmLsMkL._AC_UY218_.jpg","","ONEXGPU eGPU Graphic Card Dock Expansion Card with Radeon RX 7600M XT 8GB GDDR6 RDNA3 Architecture M.2 2280 Oculink Thunderbolt 3 and 4","3.4","(28)","$699.99","","","Two-Day","FREE delivery","Tue, Apr 7",""
"List:","https://www.amazon.com/Khadas-Mind-Graphics-16GB-Thunderbolt/dp/B0DHCNSKFH/ref=sr_1_214?crid=346W5D56T0W20&dib=eyJ2IjoiMSJ9.u3owQmjmtnoGM_owuY8XVHR7aKg0K8qiPVlbbWiWRPjQ-cBxeHUfg3u58VYdVpGAwQyBVNoQLwShkC1uKRybSs1AyxAkWtjTG_bBONrcW-bAFXo3ex6r3jxGKDhQSLcktmqvuOhQ50Oa3QPAxOgORibuDYqTbyEHnq73p5SNjxwingJ_Az8QEvBOx2iInBuICFzwtf28PlPOg0pQ1nGleNJCLblDgfF3GJ719Fq8dto.JFMGqbck-lZwI6uA9r5wcJop--pvx_Y40CbHMWboz_M&dib_tag=se&keywords=gpu&qid=1775433818&sprefix=gp%2Caps%2C387&sr=8-214&xpid=kRTaaIQ0Ql4iY","https://m.media-amazon.com/images/I/61Qt6aeDHsL._AC_UY218_.jpg","","Khadas Mind Graphics Card RTX 4060 Ti Desktop GPU, 16GB GDDR6, External GPU Dock with Speakers for Laptop, Up to PCIe 4.0 x8,128 GT/s, HDMI 2.1a×2, USB4×1, Supports 4K & 8K Display via Thunderbolt 4/3","3.7","(35)","$949.00","$1,199.00","$1,199.00","Two-Day","FREE delivery","Tue, Apr 7",""
"200+ bought in past month","https://aax-us-east-retail-direct.amazon.com/x/c/JNfjfWjt87UAiF_g9swnImUAAAGdYBokIQEAAAH2AQBvbm9fdHhuX2JpZDEgICBvbm9fdHhuX2ltcDIgICBYKWkZ/clv1c_ek-wwofXbdbWTNXQ9wXz8e9gSspXIfdA6uCZUWwwtWn2Ejkmpgi_fsXQ-2f0lPdd7waznnOllF8Zgrnb8mt_2O0Y-8fFJ8s4bxaMEtRmhAqOkwuQZwm-vTz54-R9LIGKl0yyFRoP0Lb4OJgZF0Jg3yA7odiGJkP0jvZgoxdyHCbrusikitaAEECSYbo98fBOurD7LgObBM-IZKms42wgaibeSzKp4F6Dg60PC92vTkH6LWvLT0m0Ptgys2UjhKkSBky_EbdX5tTTzcIEBjutsxG5j7l2A8wqFt-WVoYyv4pru-cvYRc8Ih5L7pmLgP3lxnJIHO6BwBqB0hOQpCS_zULSGg-teVSADKjEvLF98daTJ62AobMPQU7nP7y8EI06xAl1bGsVmy1eQNeBf5AovIULkbnI7_Rv-I2LiS94X_OtBAplhFd1gvpIXgi-1SIrkwYJulJoEtsmDa_P-WbZzSAnUVgf4aEOC3x7k71nfZs44ZDn5wgar-5G3HybW5vTwOaCizVKsu23lg8agFOBpVgj9NIQsP0JimBcPh4Fk745fEc6_oz_SNNnf-l7uu4w8lYC4x3w-bElrodhyJGSID9ELXQCdTPKoAb68f-u4hLuOa7L1y9tVsxs4oIJHf44q_whkcxWnWJwG63GKzLEbvVrnyuKXZbH_K8sRLIDp9DuHjHCz3z9DSZAkERRdpwhYUqOTlxvzubdXUFqEA63bVY8wYtCyYhyIU1NmdB9k5juqj3Im7Z8qWAjU1daV2T6jyP20h408QZLSg1rOpBlZo6iYdhLb12Fs_YrNrXs40_taCD5C5C6mw1n2s6JLlmyGV97Mf84eqj7srGussBn4YNCbvFGMBA8e4od6TSYp0N5TWkDIlaNGZt1Nmq7VPXRUuSEOFNtMu24lbr7CipqguRim5c6kSGBMcuv8JNLr7Eu9yFS2eKj7b80rdjaHeqoZ2mz2N0TBkR-ixS05-R5ntS-b0tczCWMKV0zmhbMK2_HxBuOmu_jLBjl0oMRK8ACeGgCP2YBjvhsy-UCbxMtb4WbdMhem4UQwnp6u8mcQN_3W6j__0-2PkRVkQ/https://www.amazon.com/dp/B0F4M5DZK9?pd_rd_i=B0F4M5DZK9&pf_rd_p=2c8e5d59-6279-4999-832d-be45d1ca8e79&pf_rd_r=025G9D6YNMK95QPN7FWP&pd_rd_wg=2QMwf&pd_rd_w=fcAtV&pd_rd_r=b529b5a8-642b-474e-b1bc-fbd91ca03620","https://m.media-amazon.com/images/I/61N0I1UIyJL._AC_UL640_QL65_.jpg","","Thermal Paste for Computer CPU GPU Laptop 12.8W/mk Made in USA 4 Gram High Thermal Conductivity - Non Corrosive/Non-Conductive All Processor","4.7","Sponsored","$5.49","","","Overnight","FREE delivery  on $25 of qualifying items","Overnight 7 AM - 11 AM",""
"cpu","https://www.amazon.com/s?k=cpu&ref=rsl_sug_0_0&pd_rd_w=ruBFa&content-id=amzn1.sym.3be64970-3b95-4a6d-a45d-78077a3ff871:amzn1.sym.3be64970-3b95-4a6d-a45d-78077a3ff871&pf_rd_p=3be64970-3b95-4a6d-a45d-78077a3ff871&pf_rd_r=025G9D6YNMK95QPN7FWP&pd_rd_wg=2QMwf&pd_rd_r=b529b5a8-642b-474e-b1bc-fbd91ca03620&qid=1775433818","","","","","","","","","","","",""
"","","","","","","","","","","","","",""
"","https://aax-us-east-retail-direct.amazon.com/x/c/JPpwA_dLONhT61rRKxeqiNMAAAGdYBolbAEAAAH2AQBvbm9fdHhuX2JpZDUgICBvbm9fdHhuX2ltcDIgICBK5897/clv1c_ek-wwof3LcTCDtXUIy7o_V7jdEmzfwJkxcSmQz9GSkHidxEqoG7_GfPQZnpaFoG_1KscptsgET4IfpBbzo0XB5fuVuEoc6q68WZfSc5y7PjYEamF6-rkASDcytUq8HQviW8qHqtBWvChb34bTcdwsxBap18ZlkPziuogk1_6tj8xw0Qtxczj8uk_lUCeNbQ7nvKS7zFGBj9m6-K8t8kN1OIJ1E4XYJd0nsxp-PH7kjiY5EzgkqjkMLnz0_V1dciGeOy1EzFtTMfzmMRbmPXB8PbOfb2gRCpr_MRg6IeMUCx6yeY7kQDEg8BVXgO82vWE2DeYVQAzJiRNbf_wzt9xplj1CXV-gkSG7Yd6OzkvkSYL0kp8z0W88caGQ0HRXZmMw8B4vPg1hBXSOoiPhYaEI6K0RF4EOHik7Ex9xO7HOag5yzf6JCFGyVNjs4e0Ga6TXm12CwPbaPkC5UE65JayGvpUrS1Phx7sf98oSNot2mnYJ9Qqr31v8eB0aA8PU9h_jCq_4QlHmgOmYqDaAJrfllwgiQ9HHlGgGw10TefYB7680gx53ddwyabtXIrtCmMVhPSnTgfkEXaJwuMYt4Ef1yBX6y5QvMK0EUAtsE4AIw0aaqcA4rdpo52eb04jUccI-rb7iRE7H-P-cLJmYjnxMkRu1tcUbyeMO7Dg9S5EK6gybKeyq_0Po0YaN-k64a_2yi4qJxeQ02h-50zEzL3VJJv4ikr9b8_pwe0-RndMbP8KLxDY2TcM2XuNAGYfmXT0ygfyUanRo99Qv5MCMs7rHHlpYS7WQ5kygycAEyE1Lp-amVTCnJCoK2cRv9pjj3KbeY2_4-To5Hi-HAoyAT9xTfrpvNZOZ1e2ThoDmayPGQ3nQLKfX1fYOP0bdJ7GdQ2Ch5-t85XIGydMjflA_mKc7ObpyrxHyQWDhUV6c8uboXWnwCkrq6x51RY83eQaXHJeVhxJa3QQnjx50-dEksxX1ccs2tMfw06oc5WXKmIZ9H-YeA4nqyISzSt6ahwQMlsK4wHxJszHwpKn1wCaivs3pnYcrY0FmJ40enaJNhCTnnrO_amQ/https://www.amazon.com/stores/page/C5C2F7A1-A824-464D-9A57-796C998E6970/?_encoding=UTF8&store_ref=SB_A0915500OT8JCNAZFSO0-A0872516ZHWAQQQAVDXZ&pd_rd_plhdr=t&aaxitk=8a30c99615ce599d539c88559d41ea58&hsa_cr_id=0&lp_asins=B01MSSJ32J&lp_query=gpu&lp_slot=desktop-hsa-3psl&ref_=sbx_be_s_3psl_mbd_mb0_bkgd&pd_rd_w=WpQzr&content-id=amzn1.sym.7d5eb573-01e8-49db-b262-65baa247c724%3Aamzn1.sym.7d5eb573-01e8-49db-b262-65baa247c724&pf_rd_p=7d5eb573-01e8-49db-b262-65baa247c724&pf_rd_r=025G9D6YNMK95QPN7FWP&pd_rd_wg=WJCDL&pd_rd_r=5769a3bf-dd84-4673-871b-ac10ae494903","","","","","","","","","","","",""
"","https://aax-us-east-retail-direct.amazon.com/x/c/JMJO8CZk_kRYhavS6KIaMlkAAAGdYBo0CQEAAAH2AQBvbm9fdHhuX2JpZDEgICBvbm9fdHhuX2ltcDIgICAJvb99/clv1c_ek-wwoHXFcbaDoHOEIvrJ16WPjERPZsaVVs5JjbiXGtg5dQSsg8DKfrfA2u9bnh1-nnvHM7J215H7URZziX9XVmJi8jPd7I_g6mW7VXMIs1e52phl-VjB3QQyqnQpVm_mcU39DRJSzRPrFM5DNQ2u9DVvpWam1nAIqiQF-cKxI1OEd5tYnkzDX884zlqiMPuVUQppiRrnGTTR2BuNivygzJef5YxVZM0uAH06-0O5TvrZlEdDH0be4F0wmPq0ebeAY2XrKjrPgPgCoC_D3ortWB0mq_hafRxdPR4SZ3UuIx-eUeAn0QKdeI1zzLpG45Sq96zkoRdCV_teaDZXB6rkgPz1oPohApdpkaIyqjP8Zu4xBvIvO4DJ0coxPsrB_F3fW9p_DJQTVB4rswjNZYqIL7ut_-8P96j5n6lsQdDCrLGvHnItc6Tz-oz4WiVmwgHI99whwaTza48NWqS1mtFh1ccsrhs9rK2ZH62KJ6f98l8a4NSZs0u-S1Qw9QYE66LNQXC8f0_-JAR5bhH7W0rem5nMYENPNwfB3f25Zf_v2Ppkcnn3LLNaqiUIyC_CiNvAl5Xem9RJCQBPZX-GHqSMjmv89Qhmrcgx-jNcsJS38wDh8t8CtLPdM0LGIGeCs5YN-ZYcGc1X0EvOCGbbaKbw2R_BpLEaritEfneWnupte6xW_PkmCjWPT2DzU0f9qwlPki6oa76fXOIbFPbgUjuvMKq-c9mZVaf0YTZPjIcl0bD309VTp8Q2ZhmYNP7LKzs7B2FaXCnp8-4gt_WjbA7Rkyal905SlkY37_KhJEatJbi3TVffm_0P2-plvgUzCtQcel1M82ikms4ev-KYjbqv7tv3Gv3DuKprCWWIgTzjgMnU8ZfNx4vjXTxxuSr1qpbKZ4eeUuaOkWHGqxp6PWd1X0WCLXs23VpIR1EWu5HBHjazSje-DGAGVJaZhP4KwR2DtFGvXri0JA9LCVsGNDibAgK8k3qJYzlC5jr4Ts4kSynB7ML-1dW6Af3dqvKh4b2Ju5IUeRywpyV9BoYDn9m-o4NIltFdmBv1GI77ymwtE2-H-YEM2w/https://www.amazon.com/stores/page/1DEBDE67-61D1-43C7-AFA6-D8197A1277A1/?_encoding=UTF8&store_ref=SB_A09624673R44HFZMWIFEM-A0496054YPLII1R6CGXA&pd_rd_plhdr=t&aaxitk=4955bdf125e2aa2b128b8a866db81c6e&hsa_cr_id=0&lp_asins=B0D6YGDVBY%2CB0BZC16C8J%2CB0C8CYVVC9&lp_query=gpu&lp_slot=auto-sparkle-hsa-tetris&ref_=sbx_s_sparkle_sbtcd_bkgd&pd_rd_w=jhUVE&content-id=amzn1.sym.cc961e39-6f5f-411e-8135-81c6c1187ac0%3Aamzn1.sym.cc961e39-6f5f-411e-8135-81c6c1187ac0&pf_rd_p=cc961e39-6f5f-411e-8135-81c6c1187ac0&pf_rd_r=K92GF8MH11YHY5NRA4TD&pd_rd_wg=NCSPW&pd_rd_r=a9452aef-560a-47bc-b5b6-a2a1a827243e","","","","Typical:","|","$23.69","$11.99","","","","",""
"","https://www.amazon.com/sspa/click?ie=UTF8&spc=MTo3NTA1MzY1NzAxMTIxMzE1OjE3NzU0MzM4MjM6c3BfYXRmX25leHQ6MzAwNzg1OTU0OTY2MTAyOjowOjo&url=%2FSupport-Bracket-Holder-Non-Slip-50-80mm%2Fdp%2FB0CBTZVR3Y%2Fref%3Dsr_1_209_sspa%3Fcrid%3D346W5D56T0W20%26dib%3DeyJ2IjoiMSJ9.X4t5TsXbtt3YhRZebXDXV1C1NVopidR-h9kMJETAtvj8BwD-bR7SsfRD-J4vEQYG3-stAnc826T-zIgJ-oIXIkytsBCvRMWR2kZRD9yrIHVUfFSgiD4ypC8hsXNTqaze9wZ2mJ37a7t43FAfjxCW9pxia5nebryFVT-6-2ck_JKZl1Z8fDMKFNfJt6AGsMakhNfjAPiPomrf_RWjfk6RkIOChSsYH8wCoqXD3q6IzNw.XsmUqFKX0aixIChc3KP7hCj_uiouB-hcK3pYCRlZVRk%26dib_tag%3Dse%26keywords%3Dgpu%26qid%3D1775433823%26sprefix%3Dgp%252Caps%252C387%26sr%3D8-209-spons%26xpid%3DkRTaaIQ0Ql4iY%26sp_csd%3Dd2lkZ2V0TmFtZT1zcF9hdGZfbmV4dA%26psc%3D1","https://m.media-amazon.com/images/I/41iWhqbf3SL._AC_UY218_.jpg","Sponsored","GPU Support Bracket,Video Card Sag Holder Bracket, GPU Stand with Magnet & Non-Slip Sheet, M(50-80mm)","4.5","(322)","$5.99","","","Overnight","FREE delivery  on $25 of qualifying items","Overnight 7 AM - 11 AM",""
"","https://www.amazon.com/sspa/click?ie=UTF8&spc=MTo3NTA1MzY1NzAxMTIxMzE1OjE3NzU0MzM4MjM6c3BfYXRmX25leHQ6MzAxMDYzNjUwMjgwMzAyOjowOjo&url=%2FTRYX-Vertical-Graphic-Flexible-Near-Zero%2Fdp%2FB0FM3WNJPS%2Fref%3Dsr_1_210_sspa%3Fcrid%3D346W5D56T0W20%26dib%3DeyJ2IjoiMSJ9.X4t5TsXbtt3YhRZebXDXV1C1NVopidR-h9kMJETAtvj8BwD-bR7SsfRD-J4vEQYG3-stAnc826T-zIgJ-oIXIkytsBCvRMWR2kZRD9yrIHVUfFSgiD4ypC8hsXNTqaze9wZ2mJ37a7t43FAfjxCW9pxia5nebryFVT-6-2ck_JKZl1Z8fDMKFNfJt6AGsMakhNfjAPiPomrf_RWjfk6RkIOChSsYH8wCoqXD3q6IzNw.XsmUqFKX0aixIChc3KP7hCj_uiouB-hcK3pYCRlZVRk%26dib_tag%3Dse%26keywords%3Dgpu%26qid%3D1775433823%26sprefix%3Dgp%252Caps%252C387%26sr%3D8-210-spons%26xpid%3DkRTaaIQ0Ql4iY%26sp_csd%3Dd2lkZ2V0TmFtZT1zcF9hdGZfbmV4dA%26psc%3D1","https://m.media-amazon.com/images/I/61LKeJJwNYL._AC_UY218_.jpg","Sponsored","TRYX String PCIE 5.0 x 16 Riser Cable 200mm 128GB/s Vertical Graphic Card/GPU Mount Flexible PCIE 4.0 Support Near-Zero Signal Loss with EMI Shield for RTX 4090/5070/5080/5090RX 9070XT/7900XT","4.7","(54)","$69.99","","","Tomorrow","FREE delivery","Tomorrow, Apr 6",""
"","https://www.amazon.com/msi-Graphics-256-bit-Extreme-Performance/dp/B0FLSMNFVP/ref=sr_1_211?crid=346W5D56T0W20&dib=eyJ2IjoiMSJ9.X4t5TsXbtt3YhRZebXDXV1C1NVopidR-h9kMJETAtvj8BwD-bR7SsfRD-J4vEQYG3-stAnc826T-zIgJ-oIXIkytsBCvRMWR2kZRD9yrIHVUfFSgiD4ypC8hsXNTqaze9wZ2mJ37a7t43FAfjxCW9pxia5nebryFVT-6-2ck_JKZl1Z8fDMKFNfJt6AGsMakhNfjAPiPomrf_RWjfk6RkIOChSsYH8wCoqXD3q6IzNw.XsmUqFKX0aixIChc3KP7hCj_uiouB-hcK3pYCRlZVRk&dib_tag=se&keywords=gpu&qid=1775433823&sprefix=gp%2Caps%2C387&sr=8-211&xpid=kRTaaIQ0Ql4iY","https://m.media-amazon.com/images/I/71eWD7q0A+L._AC_UY218_.jpg","","msi Gaming RTX 5070 Ti 16G Expert OC Graphics Card (16GB GDDR7, 256-bit, Extreme Performance: 2588, DisplayPort x 3 2.1a, HDMI 2.1b, NVIDIA Blackwell Architecture)","4.2","(19)","$1,270.01","","","","$29.99 delivery","Apr 10 - 13",""
"200+ bought in past month","https://www.amazon.com/TGDGAMER-Temperature-Display%EF%BC%88Ambient-Bracket%EF%BC%8CGraphics-Adjustable%EF%BC%8CDY7-Black/dp/B0F1TGS98X/ref=sr_1_212?crid=346W5D56T0W20&dib=eyJ2IjoiMSJ9.X4t5TsXbtt3YhRZebXDXV1C1NVopidR-h9kMJETAtvj8BwD-bR7SsfRD-J4vEQYG3-stAnc826T-zIgJ-oIXIkytsBCvRMWR2kZRD9yrIHVUfFSgiD4ypC8hsXNTqaze9wZ2mJ37a7t43FAfjxCW9pxia5nebryFVT-6-2ck_JKZl1Z8fDMKFNfJt6AGsMakhNfjAPiPomrf_RWjfk6RkIOChSsYH8wCoqXD3q6IzNw.XsmUqFKX0aixIChc3KP7hCj_uiouB-hcK3pYCRlZVRk&dib_tag=se&keywords=gpu&qid=1775433823&sprefix=gp%2Caps%2C387&sr=8-212&xpid=kRTaaIQ0Ql4iY","https://m.media-amazon.com/images/I/61N29sHspsL._AC_UY218_.jpg","","ARGB GPU Support Bracket with Temperature Display（Ambient Case Temp），5V 3pin Universal GPU Bracket，Graphics Video Card Brace with Height Adjustable，DY7-Black","4.5","(135)","$25.99","","","Overnight","FREE delivery","Overnight 7 AM - 11 AM",""
"","https://www.amazon.com/sspa/click?ie=UTF8&spc=MTo3NTA1MzY1NzAxMTIxMzE1OjE3NzU0MzM4MjM6c3BfbXRmOjMwMTIxMzA5ODExNTcwMjo6MDo6&url=%2FGraphics-128Bit-Computer-Express-Display%2Fdp%2FB0B5FSJF1R%2Fref%3Dsr_1_213_sspa%3Fcrid%3D346W5D56T0W20%26dib%3DeyJ2IjoiMSJ9.X4t5TsXbtt3YhRZebXDXV1C1NVopidR-h9kMJETAtvj8BwD-bR7SsfRD-J4vEQYG3-stAnc826T-zIgJ-oIXIkytsBCvRMWR2kZRD9yrIHVUfFSgiD4ypC8hsXNTqaze9wZ2mJ37a7t43FAfjxCW9pxia5nebryFVT-6-2ck_JKZl1Z8fDMKFNfJt6AGsMakhNfjAPiPomrf_RWjfk6RkIOChSsYH8wCoqXD3q6IzNw.XsmUqFKX0aixIChc3KP7hCj_uiouB-hcK3pYCRlZVRk%26dib_tag%3Dse%26keywords%3Dgpu%26qid%3D1775433823%26sprefix%3Dgp%252Caps%252C387%26sr%3D8-213-spons%26xpid%3DkRTaaIQ0Ql4iY%26sp_csd%3Dd2lkZ2V0TmFtZT1zcF9tdGY%26psc%3D1","https://m.media-amazon.com/images/I/61LJ4wBN6RL._AC_UY218_.jpg","Sponsored","950 Graphics Card, 2GB GDDR5 128Bit Computer PC Gaming Video GPU Graphics Card, PCI Express 3.0 x 16, DVI,Display Port, HDMI, 4K HDR, Fan","5.0","(1)","$123.17","","","","FREE delivery","Apr 24 - May 4",""
"Only 3 left in stock - order soon.","https://www.amazon.com/sspa/click?ie=UTF8&spc=MTo3NTA1MzY1NzAxMTIxMzE1OjE3NzU0MzM4MjM6c3BfbXRmOjMwMTA5ODQxOTQ1NjIwMjo6MDo6&url=%2FVBESTLIFE-Graphics-Gaming-Desktop-Computer%2Fdp%2FB0FCM8C2PG%2Fref%3Dsr_1_214_sspa%3Fcrid%3D346W5D56T0W20%26dib%3DeyJ2IjoiMSJ9.X4t5TsXbtt3YhRZebXDXV1C1NVopidR-h9kMJETAtvj8BwD-bR7SsfRD-J4vEQYG3-stAnc826T-zIgJ-oIXIkytsBCvRMWR2kZRD9yrIHVUfFSgiD4ypC8hsXNTqaze9wZ2mJ37a7t43FAfjxCW9pxia5nebryFVT-6-2ck_JKZl1Z8fDMKFNfJt6AGsMakhNfjAPiPomrf_RWjfk6RkIOChSsYH8wCoqXD3q6IzNw.XsmUqFKX0aixIChc3KP7hCj_uiouB-hcK3pYCRlZVRk%26dib_tag%3Dse%26keywords%3Dgpu%26qid%3D1775433823%26sprefix%3Dgp%252Caps%252C387%26sr%3D8-214-spons%26xpid%3DkRTaaIQ0Ql4iY%26sp_csd%3Dd2lkZ2V0TmFtZT1zcF9tdGY%26psc%3D1","https://m.media-amazon.com/images/I/71RVtMJbg7L._AC_UY218_.jpg","Sponsored","VBESTLIFE GT610 2GB Graphics Card, DDR3 64 Bit GPU, PCIE 2.0 X16 Gaming Video Card for Desktop Computer with DVI, VGA, HDMI Ports","","","$40.99","","","Two-Day","FREE delivery","Tue, Apr 7",""
"| Based on star rating and number of customer ratings","https://www.amazon.com/s?k=gpu&page=14&crid=346W5D56T0W20&qid=1775433818&sprefix=gp%2Caps%2C387&xpid=kRTaaIQ0Ql4iY&ref=sr_pg_13#","https://m.media-amazon.com/images/I/618RM7KdL8L._AC_UL320_.jpg","","","4.2","(14)","$6.99","Typical: $7.59","$7.59","Two-Day","FREE delivery","Tue, Apr 7","Tomorrow, Apr 6"
"","https://aax-us-east-retail-direct.amazon.com/x/c/JM5tzk_l3Rk0vJ5x-lq98ZcAAAGdYBo0FgEAAAH2AQBvbm9fdHhuX2JpZDQgICBvbm9fdHhuX2ltcDIgICCAogjy/clv1c_ek-wAvHzFdbWrtcXpgMHrFNkZlJZAUHwWxIEihYyRN2xw0AvlHcBLIZaQWTHHEiVWeTcRtWUMBtb2NY_Clfb392J0cKWfYv-yEkK2PN1e7g0CKr8UHSR3W359_huIbuSGlEHLNgMb2ED_gGGLrJG-9HDAM2cebyKg0UWzf4vzYt6rc8mmY7c3XCG9RHvdDD1EOqd90otGBL0wsO0HUTMacexh5yuWcxYHTx6Yxd-EfRfc3RjzmjAwHBMJFrKatMLtCRsmrXZyeI0I_wfj4orbmaN4nVARsxm0R-yY4cpb6RH2PV8OiEGoOa8GowZvBtKtaC-YfGOl7o_egaEt-qdVg9m2-e7hVtVZZsfsaFeOzOOkJ67xJ1jJLDBcacHaIZuY5zo8N8HicU_WK2xe9IwrP_LeozAhD9KRYtewIG11jpMvEpDa91AjmcoIHhgG5gLe8VIOq63vJSSKM8YXVYis1Xmub_gAcfFK5MA0Ajb4AqxeM3W0xAVzkWDBjGgG2IPHJ3BsxuIfaB0d-cDAjAYlEAmBwQHarA7xXadKA7HSDhdsMEs3RDLcK4VG7W3Cvt_Ak1aaQLAp69CUPuPwGk2RtxDjM6ZdIoIPAYIM95icy-7Meytm3ZmlvXaqc4nRVYHwY0RSMHe-rIl7iwCZ2B2hGKVbh0pPElnIdv-iW8XzBKg8s_jKxKeOUiqN6PKxrAQmm2fRR4_aJpMDTDNH7sYoGkeS7JYTFas4yS2LUXA31WqNpisMR6mz83uren0ZmdwKq2D_HyVdkAte-fu11tImV1C6avFiMVp43zIeQh-QkQDSYJcnAAWCT7s3j2QeOTZPx7gbOC3FXKT44nkg39Cubz2AiJwV6xPEhpD7b0KjjisSQrNph664BIefDvHJOdrvw4mFJxm0aYQ9KZmxD8gWqnghK2iFE_jn6QqZBCClbAuH2FW2vhjpjuOV4aJZ20DvIanXkvd11KWmwt-dNvj3neA46niQ8aG0hyyZtmup6QvReYzTnq3WycdjR9cwnx2D5hxpUwmgYuaWgtnOFvfNlSzVet_evsPuE_laXNq3cjfcDnYMbFwJFClLd-ETu7ROzng/https://www.amazon.com/stores/page/B916E14A-6EA6-40A0-B386-1C60ECE20F5C/?_encoding=UTF8&pd_rd_plhdr=t&pd_rd_i=B0FF4R4HH5&ref_=sbx_be_s_sparkle_ssd_bkg&store_ref=SBV_A04921433J7IU47RF0WTL-A06084247UALMRTEA2UJ&lp_asins=B0FF4R4HH5&pd_rd_w=GSYqc&content-id=amzn1.sym.a55e4c23-ba6c-4408-a37e-65ef6d7a1c73%3Aamzn1.sym.a55e4c23-ba6c-4408-a37e-65ef6d7a1c73&pf_rd_p=a55e4c23-ba6c-4408-a37e-65ef6d7a1c73&pf_rd_r=K92GF8MH11YHY5NRA4TD&pd_rd_wg=yZegE&pd_rd_r=c585d967-e71a-444f-885a-552c4ec5726e","","","","4.1","Shop","","","","","","",""
"","https://aax-us-east-retail-direct.amazon.com/x/c/JJ-1TUb5ZuWRBwm3xcE-RX8AAAGdYBo0DgEAAAH2AQBvbm9fdHhuX2JpZDcgICBvbm9fdHhuX2ltcDIgICAS9gDo/clv1c_ek-wwgHWbdbaDdXQn5ooHgAJ7byaDJhnsD_s-kiLivokkHnAh5_XlWkE7mcabJq57p_zbiOngdyIYGo2KQShI15KtYFqKyiP9N3Y9LeuX2yEFpgGN_DJjex25mA-62nwIY9VmIYRpgShPZEHDd8uO9Der-WfiHnYoqjQF2eLZ4440NpOdTcqZZZKJwGlJLM_lvKS7zFIFi9-_OxPv3RT2yER0E1ipvSGNrbMhugvb08YZ0EfDd8qei-LhmVDRYO6yIKsSFPPiOY1C4MPnX6xlJmcc9RV9nj8HRqkdSbFdgzmpNi8xUtgjRN6fjDsyioIe9rpgh_Ebb2Yx9YoffdnOdkyg6umoYwghMpNYAVy8qeVCc1bdbSk1idlmniKAcwGBmf9IWSfrSSSsGnLFmpqgbeH2Z4-TgW6QxTRoisr6BPDTCOkxtuOfP-pAFIh1O6BlyINaBwoaGxk6m1fdGytq-plXECUWJEjZyrgzP3mPoMYfaHsXxqH4K0n5-s-hGM6t6P0Gwzu-D6-8b8tZVEw-KNTyDZlQm3f-DvbJ_n8lG7QlaTo_YTbZwki4iQEMXe1OILG9LWnn94f3-N77jlxcv3pDBkEDin9CgLwauI8VWoPZS0asfz_1YonDipB_8GIzAYlFb9GGpWaHu19cx2EsVJEvuXG7UpBDr4cMsguNtzUp17JDuaygbUAufiNriFfTycJvotPI0VLjXRQvBqVd_ZniCoU5XyottK6zLjCL3kWtIBUckVuvsbiOr7VrkropUnRpGSGwRm9P69MuwPS-jlg-5-D7cfrQPnW5Uf1Mqax_S2JkrxIY3a5m_A1LTnwpLOI1P8sr97UMMI3kz8d0SGXZ0esKa_dcz88zOBi8gxYMqNnAIGTjM_UYE5x0K2LInhQm8zN8TqzhRJKy3J8dgwCkbXXBHEJgZmkzGj8w5sh9z2TdeSnLL3NO7ib5whqblHGGniBcdixfPhITRUt5ztdnoTrNw7QZjLfEuB-duOvgTHMqJLqT_sD0QzRG0_a5SXB0-Pf8ojkDT-P7P0k3jxwFPosYGhB_Yh3e100ypicoRO_cJs2uSdGbTPAgpK8lAXvJIYYgFxSSoErV9QB1E1ayKfPFgQR7iqpWQ/https://www.amazon.com/stores/page/B60ED8F6-5084-4059-A24F-16A102600FA1/?_encoding=UTF8&store_ref=SB_A0247514EVWOO9UH0O2U-A03296811CSHCSN2QPJP&pd_rd_plhdr=t&aaxitk=433ee6cd43b9ee6bb67723df1b223791&hsa_cr_id=0&lp_asins=B0FQ5CR4F7%2CB0FCMF217J%2CB0FCFM4PDV&lp_query=gpu&lp_slot=desktop-inline&ref_=sbx__sbtcd2_bkgd&pd_rd_w=VBJOA&content-id=amzn1.sym.8a47ec59-c206-4272-83cb-e2017cc774b4%3Aamzn1.sym.8a47ec59-c206-4272-83cb-e2017cc774b4&pf_rd_p=8a47ec59-c206-4272-83cb-e2017cc774b4&pf_rd_r=K92GF8MH11YHY5NRA4TD&pd_rd_wg=yZegE&pd_rd_r=c585d967-e71a-444f-885a-552c4ec5726e","","","","4.5","|","$8.49","$8.99","","Overnight","FREE delivery  on $25 of qualifying items","Overnight 7 AM - 11 AM","Overnight 7 AM - 11 AM"
"","https://www.amazon.com/quiet-Performance-12V-Rail-BP002US-Warranty/dp/B0F2TQV194/ref=sr_1_215?crid=346W5D56T0W20&dib=eyJ2IjoiMSJ9.X4t5TsXbtt3YhRZebXDXV1C1NVopidR-h9kMJETAtvj8BwD-bR7SsfRD-J4vEQYG3-stAnc826T-zIgJ-oIXIkytsBCvRMWR2kZRD9yrIHVUfFSgiD4ypC8hsXNTqaze9wZ2mJ37a7t43FAfjxCW9pxia5nebryFVT-6-2ck_JKZl1Z8fDMKFNfJt6AGsMakhNfjAPiPomrf_RWjfk6RkIOChSsYH8wCoqXD3q6IzNw.XsmUqFKX0aixIChc3KP7hCj_uiouB-hcK3pYCRlZVRk&dib_tag=se&keywords=gpu&qid=1775433823&sprefix=gp%2Caps%2C387&sr=8-215&xpid=kRTaaIQ0Ql4iY","https://m.media-amazon.com/images/I/71-f9oX7bEL._AC_UY218_.jpg","","be quiet! Pure Power 12 650W PSU | 80 Plus Gold | ATX 3.1 | PCIe 5.1 GPU Support Power Supply | Silent 120mm Fan | High Performance 12V-Rail | Black | BP002US | 10 Year Warranty","4.5","(53)","$64.90","","","Overnight","FREE delivery","Overnight 7 AM - 11 AM",""
"","https://www.amazon.com/AOOSTAR-AG02-External-Suitable-Enclosure/dp/B0FBWJ88HJ/ref=sr_1_216?crid=346W5D56T0W20&dib=eyJ2IjoiMSJ9.X4t5TsXbtt3YhRZebXDXV1C1NVopidR-h9kMJETAtvj8BwD-bR7SsfRD-J4vEQYG3-stAnc826T-zIgJ-oIXIkytsBCvRMWR2kZRD9yrIHVUfFSgiD4ypC8hsXNTqaze9wZ2mJ37a7t43FAfjxCW9pxia5nebryFVT-6-2ck_JKZl1Z8fDMKFNfJt6AGsMakhNfjAPiPomrf_RWjfk6RkIOChSsYH8wCoqXD3q6IzNw.XsmUqFKX0aixIChc3KP7hCj_uiouB-hcK3pYCRlZVRk&dib_tag=se&keywords=gpu&qid=1775433823&sprefix=gp%2Caps%2C387&sr=8-216&xpid=kRTaaIQ0Ql4iY","https://m.media-amazon.com/images/I/61kVSJw1I8L._AC_UY218_.jpg","","AOOSTAR AG02 External GPU Dock Station with USB4+OCULINK Ports and 800W PSU,EGPU Suitable for Graphics Cards Under 600W Power,eGPU Enclosure for RTX 4090, AMD RX 7900 XTX etc","4.0","(21)","$229.00","","","Overnight","FREE delivery","Overnight 7 AM - 11 AM",""
"Save 6%","https://www.amazon.com/sspa/click?ie=UTF8&spc=MTo3NTA1MzY1NzAxMTIxMzE1OjE3NzU0MzM4MjM6c3BfbXRmOjMwMTE5MDg0Mzk2MjgwMjo6MDo6&url=%2FFAUOSWUK-Graphics-1244MHz-7000MHz-Express%2Fdp%2FB0GMKCFKZW%2Fref%3Dsr_1_217_sspa%3Fcrid%3D346W5D56T0W20%26dib%3DeyJ2IjoiMSJ9.X4t5TsXbtt3YhRZebXDXV1C1NVopidR-h9kMJETAtvj8BwD-bR7SsfRD-J4vEQYG3-stAnc826T-zIgJ-oIXIkytsBCvRMWR2kZRD9yrIHVUfFSgiD4ypC8hsXNTqaze9wZ2mJ37a7t43FAfjxCW9pxia5nebryFVT-6-2ck_JKZl1Z8fDMKFNfJt6AGsMakhNfjAPiPomrf_RWjfk6RkIOChSsYH8wCoqXD3q6IzNw.XsmUqFKX0aixIChc3KP7hCj_uiouB-hcK3pYCRlZVRk%26dib_tag%3Dse%26keywords%3Dgpu%26qid%3D1775433823%26sprefix%3Dgp%252Caps%252C387%26sr%3D8-217-spons%26xpid%3DkRTaaIQ0Ql4iY%26sp_csd%3Dd2lkZ2V0TmFtZT1zcF9tdGY%26psc%3D1","https://m.media-amazon.com/images/I/71s07elBgBL._AC_UY218_.jpg","Sponsored","Graphics Card 8GB GDDR5 256 Bit, 1244MHz 7000MHz PCI Express 3.0 16X Gaming Video Card GPU with 2 Cooling Fans","","","$139.09","","","","FREE delivery","Apr 15 - 24",""
"Save 6%","https://www.amazon.com/sspa/click?ie=UTF8&spc=MTo3NTA1MzY1NzAxMTIxMzE1OjE3NzU0MzM4MjM6c3BfbXRmOjMwMTE5MTUzNjc4MjYwMjo6MDo6&url=%2FGraphics-Support-Cooling-Express-Control%2Fdp%2FB0CFF44F8R%2Fref%3Dsr_1_218_sspa%3Fcrid%3D346W5D56T0W20%26dib%3DeyJ2IjoiMSJ9.X4t5TsXbtt3YhRZebXDXV1C1NVopidR-h9kMJETAtvj8BwD-bR7SsfRD-J4vEQYG3-stAnc826T-zIgJ-oIXIkytsBCvRMWR2kZRD9yrIHVUfFSgiD4ypC8hsXNTqaze9wZ2mJ37a7t43FAfjxCW9pxia5nebryFVT-6-2ck_JKZl1Z8fDMKFNfJt6AGsMakhNfjAPiPomrf_RWjfk6RkIOChSsYH8wCoqXD3q6IzNw.XsmUqFKX0aixIChc3KP7hCj_uiouB-hcK3pYCRlZVRk%26dib_tag%3Dse%26keywords%3Dgpu%26qid%3D1775433823%26sprefix%3Dgp%252Caps%252C387%26sr%3D8-218-spons%26xpid%3DkRTaaIQ0Ql4iY%26sp_csd%3Dd2lkZ2V0TmFtZT1zcF9tdGY%26psc%3D1","https://m.media-amazon.com/images/I/7174kq8tpWL._AC_UY218_.jpg","Sponsored","RX 580 Graphics Card 8GB GDDR5 256 Bit, Support Cooling Fans PCI Express 3.0 Gaming Graphics Card Slot, Active Fan Control Freeze Fan Stop for Home Office","1.0","(1)","$207.74","","","Two-Day","FREE delivery","Tue, Apr 7",""
"300+ bought in past month","https://www.amazon.com/Thermal-Grizzly-Putty-Advance-Non-Conductive/dp/B0DQDDB9T7/ref=sr_1_219?crid=346W5D56T0W20&dib=eyJ2IjoiMSJ9.X4t5TsXbtt3YhRZebXDXV1C1NVopidR-h9kMJETAtvj8BwD-bR7SsfRD-J4vEQYG3-stAnc826T-zIgJ-oIXIkytsBCvRMWR2kZRD9yrIHVUfFSgiD4ypC8hsXNTqaze9wZ2mJ37a7t43FAfjxCW9pxia5nebryFVT-6-2ck_JKZl1Z8fDMKFNfJt6AGsMakhNfjAPiPomrf_RWjfk6RkIOChSsYH8wCoqXD3q6IzNw.XsmUqFKX0aixIChc3KP7hCj_uiouB-hcK3pYCRlZVRk&dib_tag=se&keywords=gpu&qid=1775433823&sprefix=gp%2Caps%2C387&sr=8-219&xpid=kRTaaIQ0Ql4iY","https://m.media-amazon.com/images/I/71TiYilHnDL._AC_UY218_.jpg","","Thermal Grizzly TG Putty Advance - 30 Gram - Electrically Non-Conductive Thermal Putty for GPU Modding and Thermal Pad Replacement","4.6","(266)","$26.99","","","Overnight","FREE delivery","Overnight 7 AM - 11 AM",""
"50+ bought in past month","https://www.amazon.com/NZXT-Vertical-GPU-Mounting-AB-RH175-B1-175/dp/B0B1L86PMQ/ref=sr_1_220?crid=346W5D56T0W20&dib=eyJ2IjoiMSJ9.X4t5TsXbtt3YhRZebXDXV1C1NVopidR-h9kMJETAtvj8BwD-bR7SsfRD-J4vEQYG3-stAnc826T-zIgJ-oIXIkytsBCvRMWR2kZRD9yrIHVUfFSgiD4ypC8hsXNTqaze9wZ2mJ37a7t43FAfjxCW9pxia5nebryFVT-6-2ck_JKZl1Z8fDMKFNfJt6AGsMakhNfjAPiPomrf_RWjfk6RkIOChSsYH8wCoqXD3q6IzNw.XsmUqFKX0aixIChc3KP7hCj_uiouB-hcK3pYCRlZVRk&dib_tag=se&keywords=gpu&qid=1775433823&sprefix=gp%2Caps%2C387&sr=8-220&ufe=app_do%3Aamzn1.fos.9fe8cbfa-bf43-43d1-a707-3f4e65a4b666&xpid=kRTaaIQ0Ql4iY","https://m.media-amazon.com/images/I/610dt6UQuXL._AC_UY218_.jpg","","NZXT Vertical GPU Mounting Kit - AB-RH175-B1-175 mm PCIe 4.0x16 Riser Cable - GPU Holder - Sturdy Steel Bracket - Black","4.5","(529)","$76.50","","$25.50","Overnight","FREE delivery","Overnight 7 AM - 11 AM",""
"Only 2 left in stock - order soon.","https://www.amazon.com/PNY-Quadro-M6000-VCQM6000-24GB-PB-Graphics/dp/B01DPPPCM2/ref=sr_1_221?crid=346W5D56T0W20&dib=eyJ2IjoiMSJ9.X4t5TsXbtt3YhRZebXDXV1C1NVopidR-h9kMJETAtvj8BwD-bR7SsfRD-J4vEQYG3-stAnc826T-zIgJ-oIXIkytsBCvRMWR2kZRD9yrIHVUfFSgiD4ypC8hsXNTqaze9wZ2mJ37a7t43FAfjxCW9pxia5nebryFVT-6-2ck_JKZl1Z8fDMKFNfJt6AGsMakhNfjAPiPomrf_RWjfk6RkIOChSsYH8wCoqXD3q6IzNw.XsmUqFKX0aixIChc3KP7hCj_uiouB-hcK3pYCRlZVRk&dib_tag=se&keywords=gpu&qid=1775433823&sprefix=gp%2Caps%2C387&sr=8-221&xpid=kRTaaIQ0Ql4iY","https://m.media-amazon.com/images/I/51Fx0XibbFL._AC_UY218_.jpg","","PNY NVIDIA Quadro M6000 24 GB","3.4","(6)","$595.00","","","Two-Day","FREE delivery","Tue, Apr 7",""
"Typical:","https://www.amazon.com/PNY-VCQRTX6000-PB-Quadro-6000-Graphic/dp/B07HY86LMV/ref=sr_1_222?crid=346W5D56T0W20&dib=eyJ2IjoiMSJ9.X4t5TsXbtt3YhRZebXDXV1C1NVopidR-h9kMJETAtvj8BwD-bR7SsfRD-J4vEQYG3-stAnc826T-zIgJ-oIXIkytsBCvRMWR2kZRD9yrIHVUfFSgiD4ypC8hsXNTqaze9wZ2mJ37a7t43FAfjxCW9pxia5nebryFVT-6-2ck_JKZl1Z8fDMKFNfJt6AGsMakhNfjAPiPomrf_RWjfk6RkIOChSsYH8wCoqXD3q6IzNw.XsmUqFKX0aixIChc3KP7hCj_uiouB-hcK3pYCRlZVRk&dib_tag=se&keywords=gpu&qid=1775433823&sprefix=gp%2Caps%2C387&sr=8-222&xpid=kRTaaIQ0Ql4iY","https://m.media-amazon.com/images/I/41JfC7adkYL._AC_UY218_.jpg","","NVIDIA Quadro RTX 6000","4.3","(7)","$1,194.96","$1,296.96","$1,296.96","","FREE delivery","Thu, Apr 23",""
"Only 10 left in stock - order soon.","https://www.amazon.com/PNY-TCSV100MPCIE-PB-Nvidia-Tesla-v100/dp/B076P84525/ref=sr_1_223?crid=346W5D56T0W20&dib=eyJ2IjoiMSJ9.X4t5TsXbtt3YhRZebXDXV1C1NVopidR-h9kMJETAtvj8BwD-bR7SsfRD-J4vEQYG3-stAnc826T-zIgJ-oIXIkytsBCvRMWR2kZRD9yrIHVUfFSgiD4ypC8hsXNTqaze9wZ2mJ37a7t43FAfjxCW9pxia5nebryFVT-6-2ck_JKZl1Z8fDMKFNfJt6AGsMakhNfjAPiPomrf_RWjfk6RkIOChSsYH8wCoqXD3q6IzNw.XsmUqFKX0aixIChc3KP7hCj_uiouB-hcK3pYCRlZVRk&dib_tag=se&keywords=gpu&qid=1775433823&sprefix=gp%2Caps%2C387&sr=8-223&xpid=kRTaaIQ0Ql4iY","https://m.media-amazon.com/images/I/61S5ttfWftL._AC_UY218_.jpg","","PNY Nvidia Tesla v100 16GB","4.7","(5)","$491.00","","","","FREE delivery","Wed, Apr 8",""
"More Buying Choices","https://www.amazon.com/PNY-Datacenter-Express-Passive-Cooling/dp/B07QF9MJFR/ref=sr_1_224?crid=346W5D56T0W20&dib=eyJ2IjoiMSJ9.X4t5TsXbtt3YhRZebXDXV1C1NVopidR-h9kMJETAtvj8BwD-bR7SsfRD-J4vEQYG3-stAnc826T-zIgJ-oIXIkytsBCvRMWR2kZRD9yrIHVUfFSgiD4ypC8hsXNTqaze9wZ2mJ37a7t43FAfjxCW9pxia5nebryFVT-6-2ck_JKZl1Z8fDMKFNfJt6AGsMakhNfjAPiPomrf_RWjfk6RkIOChSsYH8wCoqXD3q6IzNw.XsmUqFKX0aixIChc3KP7hCj_uiouB-hcK3pYCRlZVRk&dib_tag=se&keywords=gpu&qid=1775433823&sprefix=gp%2Caps%2C387&sr=8-224&xpid=kRTaaIQ0Ql4iY","https://m.media-amazon.com/images/I/7141EnOzClL._AC_UY218_.jpg","","PNY NVIDIA Tesla T4 Datacenter Card 16GB GDDR6 PCI Express 3.0 x16, Single Slot, Passive Cooling","4.7","(13)","$836.96","","","","FREE delivery","Wed, Apr 15","Wed, Apr 8"
"More Buying Choices","https://www.amazon.com/PNY-NVIDIA-RTXTM-A1000-VCNRTXA1000ATX-PB/dp/B0DCCZY5CS/ref=sr_1_225?crid=346W5D56T0W20&dib=eyJ2IjoiMSJ9.X4t5TsXbtt3YhRZebXDXV1C1NVopidR-h9kMJETAtvj8BwD-bR7SsfRD-J4vEQYG3-stAnc826T-zIgJ-oIXIkytsBCvRMWR2kZRD9yrIHVUfFSgiD4ypC8hsXNTqaze9wZ2mJ37a7t43FAfjxCW9pxia5nebryFVT-6-2ck_JKZl1Z8fDMKFNfJt6AGsMakhNfjAPiPomrf_RWjfk6RkIOChSsYH8wCoqXD3q6IzNw.XsmUqFKX0aixIChc3KP7hCj_uiouB-hcK3pYCRlZVRk&dib_tag=se&keywords=gpu&qid=1775433823&sprefix=gp%2Caps%2C387&sr=8-225&xpid=kRTaaIQ0Ql4iY","https://m.media-amazon.com/images/I/51ApYIaZqwL._AC_UY218_.jpg","","PNY NVIDIA RTX™ A1000 8GB GDDR6 (VCNRTXA1000ATX-PB)","4.0","(5)","$471.48","","","","FREE delivery","Apr 7 - 9","Wed, Apr 8"
"No featured offers available","https://www.amazon.com/NVIDIA-Quadro-P6000-Graphics-DisplayPort/dp/B01M0S2FKR/ref=sr_1_226?crid=346W5D56T0W20&dib=eyJ2IjoiMSJ9.X4t5TsXbtt3YhRZebXDXV1C1NVopidR-h9kMJETAtvj8BwD-bR7SsfRD-J4vEQYG3-stAnc826T-zIgJ-oIXIkytsBCvRMWR2kZRD9yrIHVUfFSgiD4ypC8hsXNTqaze9wZ2mJ37a7t43FAfjxCW9pxia5nebryFVT-6-2ck_JKZl1Z8fDMKFNfJt6AGsMakhNfjAPiPomrf_RWjfk6RkIOChSsYH8wCoqXD3q6IzNw.XsmUqFKX0aixIChc3KP7hCj_uiouB-hcK3pYCRlZVRk&dib_tag=se&keywords=gpu&qid=1775433823&sprefix=gp%2Caps%2C387&sr=8-226&xpid=kRTaaIQ0Ql4iY","https://m.media-amazon.com/images/I/61z2U3oAaDL._AC_UY218_.jpg","","PNY NVIDIA Quadro P6000 VCQP6000-PB 24GB 384-bit GDDR5X PCI Video Cards","4.4","(8)","","","","","","",""
"Typical:","https://www.amazon.com/NVIDIA-Titan-RTX-Graphics-Card/dp/B07L8YGDL5/ref=sr_1_227?crid=346W5D56T0W20&dib=eyJ2IjoiMSJ9.X4t5TsXbtt3YhRZebXDXV1C1NVopidR-h9kMJETAtvj8BwD-bR7SsfRD-J4vEQYG3-stAnc826T-zIgJ-oIXIkytsBCvRMWR2kZRD9yrIHVUfFSgiD4ypC8hsXNTqaze9wZ2mJ37a7t43FAfjxCW9pxia5nebryFVT-6-2ck_JKZl1Z8fDMKFNfJt6AGsMakhNfjAPiPomrf_RWjfk6RkIOChSsYH8wCoqXD3q6IzNw.XsmUqFKX0aixIChc3KP7hCj_uiouB-hcK3pYCRlZVRk&dib_tag=se&keywords=gpu&qid=1775433823&sprefix=gp%2Caps%2C387&sr=8-227&xpid=kRTaaIQ0Ql4iY","https://m.media-amazon.com/images/I/71OpiCVK+0L._AC_UY218_.jpg","","NVIDIA Titan RTX Graphics Card","4.2","(109)","$1,053.99","$1,141.22","$1,141.22","","FREE delivery","Apr 8 - 9","Wed, Apr 8"
"Only 14 left in stock - order soon.","https://www.amazon.com/NVIDIA-Tesla-Volta-Accelerator-Graphics/dp/B07JVNHFFX/ref=sr_1_228?crid=346W5D56T0W20&dib=eyJ2IjoiMSJ9.X4t5TsXbtt3YhRZebXDXV1C1NVopidR-h9kMJETAtvj8BwD-bR7SsfRD-J4vEQYG3-stAnc826T-zIgJ-oIXIkytsBCvRMWR2kZRD9yrIHVUfFSgiD4ypC8hsXNTqaze9wZ2mJ37a7t43FAfjxCW9pxia5nebryFVT-6-2ck_JKZl1Z8fDMKFNfJt6AGsMakhNfjAPiPomrf_RWjfk6RkIOChSsYH8wCoqXD3q6IzNw.XsmUqFKX0aixIChc3KP7hCj_uiouB-hcK3pYCRlZVRk&dib_tag=se&keywords=gpu&qid=1775433823&sprefix=gp%2Caps%2C387&sr=8-228&xpid=kRTaaIQ0Ql4iY","https://m.media-amazon.com/images/I/51qRRKD71ML._AC_UY218_.jpg","","NVIDIA Tesla V100 Volta GPU Accelerator 32GB Graphics Card","2.0","(4)","$880.00","","","","FREE delivery","Thu, Apr 16","Wed, Apr 8"
"New Price:","https://www.amazon.com/Apple-MacBook-Laptop-14%E2%80%91core-32%E2%80%91core/dp/B0FDJ29TQX/ref=sr_1_229?crid=346W5D56T0W20&dib=eyJ2IjoiMSJ9.X4t5TsXbtt3YhRZebXDXV1C1NVopidR-h9kMJETAtvj8BwD-bR7SsfRD-J4vEQYG3-stAnc826T-zIgJ-oIXIkytsBCvRMWR2kZRD9yrIHVUfFSgiD4ypC8hsXNTqaze9wZ2mJ37a7t43FAfjxCW9pxia5nebryFVT-6-2ck_JKZl1Z8fDMKFNfJt6AGsMakhNfjAPiPomrf_RWjfk6RkIOChSsYH8wCoqXD3q6IzNw.XsmUqFKX0aixIChc3KP7hCj_uiouB-hcK3pYCRlZVRk&dib_tag=se&keywords=gpu&qid=1775433823&sprefix=gp%2Caps%2C387&sr=8-229&xpid=kRTaaIQ0Ql4iY","https://m.media-amazon.com/images/I/61hw7aZWYSL._AC_UY218_.jpg","","Apple 2024 MacBook Pro Laptop with M4 Max, 14‑core CPU, 32‑core GPU: Built for Apple Intelligence, 16.2-inch Liquid Retina XDR Display, 36GB Unified Memory, 1TB SSD Storage; Space Black (Renewed)","5.0","(3)","$2,699.00","$3,399.00","$3,399.00","","FREE delivery","Apr 7 - 8",""
"More Buying Choices","https://www.amazon.com/ASUS-Graphics-DisplayPort-Axial-tech-2-9-Slot/dp/B08R133PYZ/ref=sr_1_230?crid=346W5D56T0W20&dib=eyJ2IjoiMSJ9.X4t5TsXbtt3YhRZebXDXV1C1NVopidR-h9kMJETAtvj8BwD-bR7SsfRD-J4vEQYG3-stAnc826T-zIgJ-oIXIkytsBCvRMWR2kZRD9yrIHVUfFSgiD4ypC8hsXNTqaze9wZ2mJ37a7t43FAfjxCW9pxia5nebryFVT-6-2ck_JKZl1Z8fDMKFNfJt6AGsMakhNfjAPiPomrf_RWjfk6RkIOChSsYH8wCoqXD3q6IzNw.XsmUqFKX0aixIChc3KP7hCj_uiouB-hcK3pYCRlZVRk&dib_tag=se&keywords=gpu&qid=1775433823&sprefix=gp%2Caps%2C387&sr=8-230&xpid=kRTaaIQ0Ql4iY","https://m.media-amazon.com/images/I/81ms5W5CCvL._AC_UY218_.jpg","","ASUS ROG STRIX NVIDIA GeForce RTX™ 3090 White OC Edition Gaming Graphics Card (PCIe 4.0, 24GB GDDR6X, HDMI 2.1, DisplayPort 1.4a, White color scheme, Axial-tech Fan Design, 2.9-slot, Super Alloy Power","4.4","(183)","$1,999.99","","","","FREE delivery","Thu, Apr 23",""
"Small Business","https://www.amazon.com/s?k=gpu&page=14&crid=346W5D56T0W20&qid=1775433818&sprefix=gp%2Caps%2C387&xpid=kRTaaIQ0Ql4iY&ref=sr_pg_13#","https://m.media-amazon.com/images/I/71GIZ-551+L._AC_UL320_.jpg","","","4.6","(39)","$16.99","$5.99","$169.69","Two-Day","FREE delivery","Apr 8 - 10","Wed, Apr 8"
"cpu","https://www.amazon.com/s?k=cpu&ref=rsl_sug_0_0&pd_rd_w=TLOM1&content-id=amzn1.sym.3be64970-3b95-4a6d-a45d-78077a3ff871:amzn1.sym.3be64970-3b95-4a6d-a45d-78077a3ff871&pf_rd_p=3be64970-3b95-4a6d-a45d-78077a3ff871&pf_rd_r=K92GF8MH11YHY5NRA4TD&pd_rd_wg=eTrSb&pd_rd_r=50e0d3cd-f7b1-4160-959f-62b51e63f438&qid=1775433823","","","","","","","","","","","",""
"","","","","","","","","","","","","",""
"","https://aax-us-east-retail-direct.amazon.com/x/c/JLoXtQ2xhc9omHwtS6Ph0QoAAAGdYBo1GQEAAAH2AQBvbm9fdHhuX2JpZDIgICBvbm9fdHhuX2ltcDIgICCQqXg_/clv1c_ek-wwof3LcTCDtXUIy7o_V7jdEmzfwJkbWILcmEwlXLietZb4e4M9oEOfo5iGCGw6BsaKKi9tJbOlBVLPs3LeX6LRZR5bgBj31oRsN-lPwK35jbyAMiBLizRu1WoJdYFRtt_2xqpJZAm0M1gjMR68zBaxBwd1VF8mcjn1SM2rTCmxM-1WLfli4G73dAptpo816ALuApNkWzA17r5PoUGudheDDKttn4UTAVw4a7zGA_yYlKIegpikAqjbY0zN6ZLro1PiqXNfjjWbxqRDnu2bdgv5KrZRpUi9mYnmcU9mtgeSU96O9hlS5_7f5egpi9OjcXxP2wlMnC5tEwHubZ3kl9kDqDfeFxAh6oFF-95GkjgsN7824i6y2C_hJhF2gMxn9n4t5yFaZND5Rj2c2bhfK_dfy--P2RVpwb_7La7sbY44YQJtNTwFvnVBef6WfX-5HJCXhB3vPKRSquYX7f22HdyrkKQhsHluLaN5asbuESkFD0vL7-YrRnxMov596QiyworESsgYNepnTjeYDJ3dCXraW29T6XK1o7qC0ObcCy9b0dLL1S0bP7c6OTstmBj5suUQ7pAaX6dB9hwtND8kgaHL98K24i-zWE03mKFBVXpRKHFpG-4HCb_tzLu76aTIt0Dmg5y2K2ALfIrJ09sIn2i1ufEMWCeEv8wVXHBXMN36ln3Iby4q8aa-onEvmoRMPJ2KqVhxQMx-bLUZOEjSFgNu_fI30EbbVvg_lc8NVfc3UFfXWYrsbSAcCtkVPU499Qk-Riz6aQrEEyYA1djFrVS__bH2AOF3bmboSHaBppY88KYUxJI3vN2QJgFQnzfnFXJdxGNtbP63I49Qw55vpujEEwqRmhpDG5WgjO3FlknbI7sjP2sZqj2Zq9NksTgZMDAxyw13M1JLPz2ewqaz22vAF8uHZkWFux4XGdzxwIq2dUvQ4rGsezaqIx1LiTQSvPreR58WWsf9EHP0yRtsJzI2QGhrfAeaFStnKcxF9FJLO0nEknmb7JodufFsU7v9yB0aW3tEHkYZ07qZd8IuDDPkFhxSSZXzBppA2NbIvqNtg/https://www.amazon.com/stores/page/C5C2F7A1-A824-464D-9A57-796C998E6970/?_encoding=UTF8&store_ref=SB_A0915500OT8JCNAZFSO0-A0872516ZHWAQQQAVDXZ&pd_rd_plhdr=t&aaxitk=8a30c99615ce599d539c88559d41ea58&hsa_cr_id=0&lp_asins=B01MSSJ32J&lp_query=gpu&lp_slot=desktop-hsa-3psl&ref_=sbx_be_s_3psl_mbd_mb0_bkgd&pd_rd_w=2p7fQ&content-id=amzn1.sym.7d5eb573-01e8-49db-b262-65baa247c724%3Aamzn1.sym.7d5eb573-01e8-49db-b262-65baa247c724&pf_rd_p=7d5eb573-01e8-49db-b262-65baa247c724&pf_rd_r=K92GF8MH11YHY5NRA4TD&pd_rd_wg=0Vn9S&pd_rd_r=a3b79d89-6cf0-43b1-ad48-22b1a16a6604","","","","","","","","","","","",""
"","https://aax-us-east-retail-direct.amazon.com/x/c/JOo7DcFCBpzm5kuhsDIW_c0AAAGdYBpD8wEAAAH2AQBvbm9fdHhuX2JpZDUgICBvbm9fdHhuX2ltcDIgICDNXcmp/clv1c_ek-ww4HXFcbWDYHOHovrJ16WPjERPZsaVbwmhn1i_hsJ6dSYLn2gicC6qkUD1nDSwNY08W1gSavhwWuMA_pv95SlrEmwY8p2US6djlrpXOYIi4wGZmSW7c355tNm8oeFy46BY83m9jpv3LJh5F9v2TCbod-oNlnAyqDQF3cYbcVaneKUDlDfSyKCt2pQAr31dYbjhtrafzGY1WKcO2lJMloCDwmJXew9wxhmIoRXoe0kxPgn1D9IliCnlXOfp6pg8qG54NgP4D_lGr7Ly16LoiH73Um_Hr4yXiVyVsZy-UmrOffDCU5NdN-_eRs-cIaJxiJ_v2nZQItHfU9ph4fGd7AA8eC2c3bJGsD2qjXQeDTsUAA6O_mxFuN5nr_u9GllEt2RKm03a6sGtdG4kZXXEoQWTPahUiEBvi8ViqQJjKnoCjLddY5clcZvBGpD8bQljZo2-rhSCd-5B6mTdoCg0E4Zs07ZYnHLhdeW2MpYdaSPYLOzBPfDWu_GnF-dZLYBe8j2B5Vv3NPs3MIqE5EUu8T4CQBu1tBMiyHNtdQXG0ggLhBNGll-JJzBPcng-cSBWsB5PZiBIdk7Xhg61bIo-JBV0lay6X5J6cLnEKMTpUBZyo9cm6kOHBObjjafpGVPPqrYBpxtXsccR0jncrNpUbAj9GHnszXR-EpmFD7ryNw4SI2jP81MjpT00O3_0f5RGf-GXQlUbpGW9Z1H-hfZjLJs_2S6sePe9tt9v5jmnoulSz-Bvygcpt4JFnfU_0jjultKbfPRFCLCkERvM8N79efXeZGQpCzJyl25V3P5wpLpzKz0e1JUHMsiQBZeIJPayZc4uEKs91sy9RtyG9sm1n1lEDSwVY8eGTUAYnwvGVBPKDCPTy486G-KDw3ha8na6IIM_TKF9p3dzl-MBW7CKZrw-i4N6iCCXF5dikhBjle0dP91SUjGkYSnqMxVbiVwhLY_gC0oK4hb_urGHti4yWnjE8W-19VTawmh-amEbh656-PujGYKHlGXAmDR0YpGkNB1eTX1ROnNi37IYNM3J0wGAnZToKjhBLLMc-U4DLQ4BQ/https://www.amazon.com/stores/page/39F35EF5-977D-4ED8-AF23-DCC058F5D3FE/?_encoding=UTF8&store_ref=SB_A08817451WUTLNLLY5D1W-A04836022D66X3IY2YS2Q&pd_rd_plhdr=t&aaxitk=b075b2158eccddebdc7b1fa8210bdb25&hsa_cr_id=0&lp_asins=B0CP3MZZ75%2CB082WVQP5T%2CB0CP3MTP68&lp_query=gpu&lp_slot=auto-sparkle-hsa-tetris&ref_=sbx_be_s_sparkle_ssd_bkgd&pd_rd_w=sQ5dE&content-id=amzn1.sym.cc961e39-6f5f-411e-8135-81c6c1187ac0%3Aamzn1.sym.cc961e39-6f5f-411e-8135-81c6c1187ac0&pf_rd_p=cc961e39-6f5f-411e-8135-81c6c1187ac0&pf_rd_r=NT87PDDSN0MMR9YZC0NH&pd_rd_wg=YXoI6&pd_rd_r=368c1f9d-8a86-49c9-9066-cc1524a2cb8c","","","","","","","","","","","",""
"Only 10 left in stock - order soon.","https://www.amazon.com/sspa/click?ie=UTF8&spc=MTo1NTA2NDE4NTMyMDYyNTc5OjE3NzU0MzM4Mjc6c3BfYXRmX25leHQ6MjAwMTY0NDUyMjA5OTk4OjowOjo&url=%2FEnrunnig-lick-mat-for-dogs%2Fdp%2FB0B9S8G7TR%2Fref%3Dsr_1_225_sspa%3Fcrid%3D346W5D56T0W20%26dib%3DeyJ2IjoiMSJ9.oE3eohjCRv1P4QUdjC7vBbtRJWKMX_oXQnNHm9vVIj3mOIBDvExvgLqrHIuy8yGV51V-SIuP1hMG7nprnhRTJ965irTW9paybSuspoZisih2TnPvpLVwVjQdAWcXOFc-mjZ1VUFsHsRT4Hq5UoKY6AwaitcCSixfhKpZIS2anz0OfB8K8NOEQswUozE5rpSjKS6w-lgl5jo0YtpDWoIbsgpqJNQNBx1TCt9nVA-PbiY.3phlKLXt-CVN0b_uIpLZVyqfMxsumBI5KCJQgRTg5Y8%26dib_tag%3Dse%26keywords%3Dgpu%26qid%3D1775433827%26sprefix%3Dgp%252Caps%252C387%26sr%3D8-225-spons%26xpid%3DkRTaaIQ0Ql4iY%26sp_csd%3Dd2lkZ2V0TmFtZT1zcF9hdGZfbmV4dA%26psc%3D1","https://m.media-amazon.com/images/I/61tH9GgdhPL._AC_UY218_.jpg","Sponsored","Partyreal CA10968","4.5","(334)","$9.95","","","Overnight","FREE delivery  on $25 of qualifying items","Overnight 7 AM - 11 AM",""
"","https://www.amazon.com/sspa/click?ie=UTF8&spc=MTo1NTA2NDE4NTMyMDYyNTc5OjE3NzU0MzM4Mjc6c3BfYXRmX25leHQ6MzAxMTk4MzczMDIxNzAyOjowOjo&url=%2FYATENG-Graphics-Anodized-Aerospace-Aluminum%2Fdp%2FB07S7ZYF6L%2Fref%3Dsr_1_226_sspa%3Fcrid%3D346W5D56T0W20%26dib%3DeyJ2IjoiMSJ9.oE3eohjCRv1P4QUdjC7vBbtRJWKMX_oXQnNHm9vVIj3mOIBDvExvgLqrHIuy8yGV51V-SIuP1hMG7nprnhRTJ965irTW9paybSuspoZisih2TnPvpLVwVjQdAWcXOFc-mjZ1VUFsHsRT4Hq5UoKY6AwaitcCSixfhKpZIS2anz0OfB8K8NOEQswUozE5rpSjKS6w-lgl5jo0YtpDWoIbsgpqJNQNBx1TCt9nVA-PbiY.3phlKLXt-CVN0b_uIpLZVyqfMxsumBI5KCJQgRTg5Y8%26dib_tag%3Dse%26keywords%3Dgpu%26qid%3D1775433827%26sprefix%3Dgp%252Caps%252C387%26sr%3D8-226-spons%26xpid%3DkRTaaIQ0Ql4iY%26sp_csd%3Dd2lkZ2V0TmFtZT1zcF9hdGZfbmV4dA%26psc%3D1","https://m.media-amazon.com/images/I/41cK8-tQLIL._AC_UY218_.jpg","Sponsored","MHQJRH Graphics Card GPU Brace Support, Video Card Sag Holder Bracket, Anodized Aerospace Aluminum (Silver)","4.4","(127)","$6.99","","","Overnight","FREE delivery  on $25 of qualifying items","Overnight 7 AM - 11 AM",""
"","https://www.amazon.com/ASRock-Phantom-Gaming-Radeon-Express/dp/B0F6YRGX5Z/ref=sr_1_227?crid=346W5D56T0W20&dib=eyJ2IjoiMSJ9.oE3eohjCRv1P4QUdjC7vBbtRJWKMX_oXQnNHm9vVIj3mOIBDvExvgLqrHIuy8yGV51V-SIuP1hMG7nprnhRTJ965irTW9paybSuspoZisih2TnPvpLVwVjQdAWcXOFc-mjZ1VUFsHsRT4Hq5UoKY6AwaitcCSixfhKpZIS2anz0OfB8K8NOEQswUozE5rpSjKS6w-lgl5jo0YtpDWoIbsgpqJNQNBx1TCt9nVA-PbiY.3phlKLXt-CVN0b_uIpLZVyqfMxsumBI5KCJQgRTg5Y8&dib_tag=se&keywords=gpu&qid=1775433827&sprefix=gp%2Caps%2C387&sr=8-227&xpid=kRTaaIQ0Ql4iY","https://m.media-amazon.com/images/I/71wRZSP5YOL._AC_UY218_.jpg","","ASRock Phantom Gaming Radeon RX 7900 XTX 24GB OC GDDR6 PCI Express 4.0, Boost Clock*: Up to 2615MHz / 20Gbps, 24GB GDDR6 on 384-Bit Memory Bus, Polychrome SYNC, Phantom Gaming 3X Cooling System.","3.8","(4)","$1,299.99","","","","FREE delivery","Tue, Apr 14","Tue, Apr 7"
"","https://www.amazon.com/MSI-RTX-4080-16G-3X/dp/B0CSZBB691/ref=sr_1_228?crid=346W5D56T0W20&dib=eyJ2IjoiMSJ9.oE3eohjCRv1P4QUdjC7vBbtRJWKMX_oXQnNHm9vVIj3mOIBDvExvgLqrHIuy8yGV51V-SIuP1hMG7nprnhRTJ965irTW9paybSuspoZisih2TnPvpLVwVjQdAWcXOFc-mjZ1VUFsHsRT4Hq5UoKY6AwaitcCSixfhKpZIS2anz0OfB8K8NOEQswUozE5rpSjKS6w-lgl5jo0YtpDWoIbsgpqJNQNBx1TCt9nVA-PbiY.3phlKLXt-CVN0b_uIpLZVyqfMxsumBI5KCJQgRTg5Y8&dib_tag=se&keywords=gpu&qid=1775433827&sprefix=gp%2Caps%2C387&sr=8-228&xpid=kRTaaIQ0Ql4iY","https://m.media-amazon.com/images/I/71n2sKzireL._AC_UY218_.jpg","","MSI Gaming RTX 4080 Super 16G Ventus 3X OC Graphics Card (NVIDIA RTX 4080 Super, 256-Bit, Extreme Clock: 2595 MHz, 16GB GDRR6X 23 Gbps, HDMI/DP, Ada Lovelace Architecture)","4.6","(107)","","","","","","",""
"","https://www.amazon.com/sspa/click?ie=UTF8&spc=MTo1NTA2NDE4NTMyMDYyNTc5OjE3NzU0MzM4Mjc6c3BfbXRmOjMwMTE0NzUyNTc5MzkwMjo6MDo6&url=%2FVBESTLIFE-Graphics-Desktop-Support-DirectX%2Fdp%2FB0GGHCBD19%2Fref%3Dsr_1_229_sspa%3Fcrid%3D346W5D56T0W20%26dib%3DeyJ2IjoiMSJ9.oE3eohjCRv1P4QUdjC7vBbtRJWKMX_oXQnNHm9vVIj3mOIBDvExvgLqrHIuy8yGV51V-SIuP1hMG7nprnhRTJ965irTW9paybSuspoZisih2TnPvpLVwVjQdAWcXOFc-mjZ1VUFsHsRT4Hq5UoKY6AwaitcCSixfhKpZIS2anz0OfB8K8NOEQswUozE5rpSjKS6w-lgl5jo0YtpDWoIbsgpqJNQNBx1TCt9nVA-PbiY.3phlKLXt-CVN0b_uIpLZVyqfMxsumBI5KCJQgRTg5Y8%26dib_tag%3Dse%26keywords%3Dgpu%26qid%3D1775433827%26sprefix%3Dgp%252Caps%252C387%26sr%3D8-229-spons%26xpid%3DkRTaaIQ0Ql4iY%26sp_csd%3Dd2lkZ2V0TmFtZT1zcF9tdGY%26psc%3D1","https://m.media-amazon.com/images/I/71+FVfWuYeL._AC_UY218_.jpg","Sponsored","VBESTLIFE P400 2GB Graphics Card, GDDR5 64 Bit GPU, PCIE 3.0 X16 Desktop PC Gaming Video Card with 3 Small DP Ports, Support DirectX 12","","","$81.71","","","","FREE delivery","Apr 15 - 24",""
"Only 4 left in stock - order soon.","https://www.amazon.com/sspa/click?ie=UTF8&spc=MTo1NTA2NDE4NTMyMDYyNTc5OjE3NzU0MzM4Mjc6c3BfbXRmOjMwMDgwNTI2NTc5NTAwMjo6MDo6&url=%2FComputer-Graphics-625MHz-Profile-Express%2Fdp%2FB0F621R3YX%2Fref%3Dsr_1_230_sspa%3Fcrid%3D346W5D56T0W20%26dib%3DeyJ2IjoiMSJ9.oE3eohjCRv1P4QUdjC7vBbtRJWKMX_oXQnNHm9vVIj3mOIBDvExvgLqrHIuy8yGV51V-SIuP1hMG7nprnhRTJ965irTW9paybSuspoZisih2TnPvpLVwVjQdAWcXOFc-mjZ1VUFsHsRT4Hq5UoKY6AwaitcCSixfhKpZIS2anz0OfB8K8NOEQswUozE5rpSjKS6w-lgl5jo0YtpDWoIbsgpqJNQNBx1TCt9nVA-PbiY.3phlKLXt-CVN0b_uIpLZVyqfMxsumBI5KCJQgRTg5Y8%26dib_tag%3Dse%26keywords%3Dgpu%26qid%3D1775433827%26sprefix%3Dgp%252Caps%252C387%26sr%3D8-230-spons%26xpid%3DkRTaaIQ0Ql4iY%26sp_csd%3Dd2lkZ2V0TmFtZT1zcF9tdGY%26psc%3D1","https://m.media-amazon.com/images/I/71xKUOEaCWL._AC_UY218_.jpg","Sponsored","R5 230 Computer Graphics Card, 2GB 64 Bit GDDR3, DVI,HDMI,VGA, 625MHz Low Profile Video Card, PCI Express X16 Computer Graphics Card, Ready GPU","","","$53.95","","","Two-Day","FREE delivery","Tue, Apr 7",""
"| Based on star rating and number of customer ratings","https://www.amazon.com/s?k=gpu&page=15&crid=346W5D56T0W20&qid=1775433823&sprefix=gp%2Caps%2C387&xpid=kRTaaIQ0Ql4iY&ref=sr_pg_14#","https://m.media-amazon.com/images/I/61J9jHmRb8L._AC_UL320_.jpg","","","4.6","(122)","$10.97","$14.99","$5.00","Two-Day","FREE delivery","Tue, Apr 7","Apr 23 - May 14"
"","https://aax-us-east-retail-direct.amazon.com/x/c/JDaMu79eWB58l_9VzlkWc_MAAAGdYBpEBgEAAAH2AQBvbm9fdHhuX2JpZDEgICBvbm9fdHhuX2ltcDEgICA_WkeS/clv1c_ek-wwoH3FcbSDYHQdocZsmPktCySuXb-GHQbuVHSk1U4-gOv63vCR9b5YVsF2nabS4QBIceKtYdyutEdcOSiwdMJ9kpkZtILmS4D_laaItUOSPEFr7bWSYR4YnN0a9AGG4ZYL3sy5h1r3g_0mlFCedDf2J29loM5U-byCjI2x4XFDhIbZKSrmkcnn2s2LJUxNm9bJ2lp3-to1ylIkwFRcwsoCPPVdCohNPfkhPYNCKg5l3mdbWzW9ic3xqw1lDvPnAYTe2meMN5l7jFh_KHEg1qRNZtEt5aTJbEDtVHY7pTkn_ORledKK-T9yShh9Rpj3TXjCpp8HSKIIpJ_bgK_S0XZYfPulbX2BUUZ52dBvyVkwBAyFVSYchmMrXgwfYQ78uIsfzPIa3U8P9WO3r7Bc9UgLFk0_igpRBFksT3tzX_Sh2hhaJp5IsnFIlMLwgEB-7rXY9hTKTmANEamD2_wO_J1_W468Kxl5cBML0fvVs0FTHI3nWeBxKn02CXo0iflTU7fv5YEAX1pjafsp-81nYXWGZbOOpStZgH2pp_8TbdlTyVccBaTxdVej9I9eXRFdn1_C5jhORnaEFQCm-BNZEE0DatoWPuD5-uA44Mrcje5ADboFJ6jNzIFhVwy7uPpJj4xFDI6GKg4ebzdnNH1REC8fWYDJQH_HghkjMSf3-_Fzvvys5E_KRAh1aplwrJEh5TWLaODRNzFDedVVVe280IgNeERm_1dawtwiw-9MGW309cVq4ngJVaEbamG0vusxxqxQ-t4psTS0p0SdI_oESFFvUqkMkqJnxN7B9oncCFr0jVgTqXTCH7hxjCO9woT9v1UoyHgvndASf3u8n9dlkoFYrUJJg7dLuzAI-yP00o43x9eP6XhsGyRPMae4azOP2kzxmOcqBmKWfUJHRobC7PKrDdKkEOHa5uZiR2nv2HBF8PnXc_z9g2rK_DreTUOg5O6Iv2ksigV8LYfq-EsE-Dfe7SKgsPwBBu7LQ1OxBShIg15ugRdelTFUMaCK8Jnf05N9rcg_GvFZlPFqxghnxZDfLqp7fnptMZj0DfYbjcylC6bLNBdY1abFKXc4YxdKIjowwA/https://www.amazon.com/stores/page/B916E14A-6EA6-40A0-B386-1C60ECE20F5C/?_encoding=UTF8&pd_rd_plhdr=t&pd_rd_i=B0FBX5HTST&ref_=sbx_be_s_sparkle_ssd_bkg&store_ref=SBV_A015425615D3KTO74ZXT-A08817093SDZY5BORXUEU&lp_asins=B0FBX5HTST&pd_rd_w=k5DKU&content-id=amzn1.sym.a55e4c23-ba6c-4408-a37e-65ef6d7a1c73%3Aamzn1.sym.a55e4c23-ba6c-4408-a37e-65ef6d7a1c73&pf_rd_p=a55e4c23-ba6c-4408-a37e-65ef6d7a1c73&pf_rd_r=NT87PDDSN0MMR9YZC0NH&pd_rd_wg=zCLLl&pd_rd_r=f0297992-14eb-4f9e-8a34-0f4425333707","","","","3.7","Shop","","","","","","",""
"","https://aax-us-east-retail-direct.amazon.com/x/c/JLYB8ygYY4yNh0AQE6mIfCAAAAGdYBpD_wEAAAH2AQBvbm9fdHhuX2JpZDUgICBvbm9fdHhuX2ltcDIgICBMCCeW/clv1c_ek-wwoHXFcbaDoHOEIvrJ16WPjERPZsaVWi6c35i_nsvRM3QVZIf1ryHNjlkZU1beOXqJlQfrsmDegDqpv-iwdMJ9krAOCiPZNl68vYw7PjQEemV6-nkCTjsyqZa6tGdRwlqy_Uf67S-BdQ7D8d6q1DZrYUXlkP_2uIQg1_69IUBWsrLF0QBTbVdtchEnHlo1OEAbEn2ngvMhgPFJk9GvH2e1D3PMh9orBBZ0aIXSj4lKLExuyR2XkrmOpf0RcyfO3EiZIVpp6vQt0tWNGqtZuw5XnQPQOvo_Kw6xCgu9zWMoRARfdNMUUIdmTsmx7iZ2A0tgaes0TmSKZ2xNZ133hACx30C9g2sHctHYiVJlnOewpDEwQ9lBSV1YMrir2qGCYKNLPFxV8PM9K8VxDdKugVpCZO01zHYwqRBJTGnAvMcuEq1j66sIUhsFeOiF4pHwGZy_6SkQZ1KfTFzQvRKOQL8-RItes8IqOLEUhyb5QsJSv36gXcgL8nVtA221u199mpnjwUt7be4L6_LSiDzMueYAKUZfHCgLXkmGgpcwkI29nnCcm9j7p1qRwsuRfThVqiUnbVIB14slqYpuGqdriStVFPv-HnNQVuiy52A7SQjiwtCw0b1_0l5WD16LydMVe5Lv5dXGZA4LDCihm3fi7gwFU8-gcR29qK8oTvJm5VtA2HRpAhRMqBqxy4Mn0T5nyFjoAl_xQzc4wuGKzEqvmpXmT2t1jurhB2Wev1BWmxqxv1k88vwvOVaTVsJC_hCDrpgL6dHE2dUthn4c2h_4eGcH7swEcWd-WxoLAESMdyKWObQbSs7vBoqAS7eGEq5HZEc-cSIs3U_zXJhOmLxCvEXbKrSh8deGYq2rVECMODaB9-XiqnNIu7Esm7fybkNIS-CvhA5fCjpakBC5rKlAFwc5q1wM3GJgtmkzGicw3s5_0wTVUWAcL1JKt-IsID_r1jXHhiBcW-pBdRrSTAs35tBmoTrNw7SWjW2h9TxQ7i7Tk1xX2Pp1d06OeMGbnBJnHnC2sn6z_flnFYsg2xFqFEvU55R8aUdeo9iQBBO2VYS_ZKmjHlUsY55lC2gJG6gsLX333cYAapg0EGD45k2yAX9NPCquOeejXKfL4I/https://www.amazon.com/stores/page/B60ED8F6-5084-4059-A24F-16A102600FA1/?_encoding=UTF8&store_ref=SB_A0247514EVWOO9UH0O2U-A03296811CSHCSN2QPJP&pd_rd_plhdr=t&aaxitk=433ee6cd43b9ee6bb67723df1b223791&hsa_cr_id=0&lp_asins=B0FQ5CR4F7%2CB0FCMF217J%2CB0FCFM4PDV&lp_query=gpu&lp_slot=desktop-inline&ref_=sbx__sbtcd2_bkgd&pd_rd_w=EBnQP&content-id=amzn1.sym.8a47ec59-c206-4272-83cb-e2017cc774b4%3Aamzn1.sym.8a47ec59-c206-4272-83cb-e2017cc774b4&pf_rd_p=8a47ec59-c206-4272-83cb-e2017cc774b4&pf_rd_r=NT87PDDSN0MMR9YZC0NH&pd_rd_wg=zCLLl&pd_rd_r=f0297992-14eb-4f9e-8a34-0f4425333707","","","","4.5","|","$8.49","$8.99","","Overnight","FREE delivery  on $25 of qualifying items","Overnight 7 AM - 11 AM","Overnight 7 AM - 11 AM"
"Only 1 left in stock - order soon.","https://www.amazon.com/PNY-Geforce-Super-Verto-Overclocked/dp/B0DHLJ6C1C/ref=sr_1_231?crid=346W5D56T0W20&dib=eyJ2IjoiMSJ9.oE3eohjCRv1P4QUdjC7vBbtRJWKMX_oXQnNHm9vVIj3mOIBDvExvgLqrHIuy8yGV51V-SIuP1hMG7nprnhRTJ965irTW9paybSuspoZisih2TnPvpLVwVjQdAWcXOFc-mjZ1VUFsHsRT4Hq5UoKY6AwaitcCSixfhKpZIS2anz0OfB8K8NOEQswUozE5rpSjKS6w-lgl5jo0YtpDWoIbsgpqJNQNBx1TCt9nVA-PbiY.3phlKLXt-CVN0b_uIpLZVyqfMxsumBI5KCJQgRTg5Y8&dib_tag=se&keywords=gpu&qid=1775433827&sprefix=gp%2Caps%2C387&sr=8-231&xpid=kRTaaIQ0Ql4iY","https://m.media-amazon.com/images/I/41i+rJDJ63L._AC_UY218_.jpg","","PNY Geforce RTX 4070 Ti Super 16GB Verto Overclocked Edition DLSS 3","4.7","(146)","$1,490.00","","","","FREE delivery","Apr 8 - 10","Apr 7 - 8"
"","https://www.amazon.com/MINISFORUM-External-Enclosure-Expansion-Interface/dp/B0DCZLPWXK/ref=sr_1_232?crid=346W5D56T0W20&dib=eyJ2IjoiMSJ9.oE3eohjCRv1P4QUdjC7vBbtRJWKMX_oXQnNHm9vVIj3mOIBDvExvgLqrHIuy8yGV51V-SIuP1hMG7nprnhRTJ965irTW9paybSuspoZisih2TnPvpLVwVjQdAWcXOFc-mjZ1VUFsHsRT4Hq5UoKY6AwaitcCSixfhKpZIS2anz0OfB8K8NOEQswUozE5rpSjKS6w-lgl5jo0YtpDWoIbsgpqJNQNBx1TCt9nVA-PbiY.3phlKLXt-CVN0b_uIpLZVyqfMxsumBI5KCJQgRTg5Y8&dib_tag=se&keywords=gpu&qid=1775433827&sprefix=gp%2Caps%2C387&sr=8-232&xpid=kRTaaIQ0Ql4iY","https://m.media-amazon.com/images/I/51cs-T55DKL._AC_UY218_.jpg","","MINISFORUM DEG1 External GPU Dock Station, Mini eGPU Enclosure for RTX 4090, AMD RX 7900 XTX, Support ATX/SFX Standard Power Supplies, Oculink Interface Graphics Dock Station","4.3","(82)","$109.90","","","Overnight","FREE delivery","Overnight 7 AM - 11 AM",""
"","https://www.amazon.com/sspa/click?ie=UTF8&spc=MTo1NTA2NDE4NTMyMDYyNTc5OjE3NzU0MzM4Mjc6c3BfbXRmOjMwMTE1NjU4MjE5MDYwMjo6MDo6&url=%2FJiawu-Graphics-Cooling-Express-Computer%2Fdp%2FB0GH5QG28W%2Fref%3Dsr_1_233_sspa%3Fcrid%3D346W5D56T0W20%26dib%3DeyJ2IjoiMSJ9.oE3eohjCRv1P4QUdjC7vBbtRJWKMX_oXQnNHm9vVIj3mOIBDvExvgLqrHIuy8yGV51V-SIuP1hMG7nprnhRTJ965irTW9paybSuspoZisih2TnPvpLVwVjQdAWcXOFc-mjZ1VUFsHsRT4Hq5UoKY6AwaitcCSixfhKpZIS2anz0OfB8K8NOEQswUozE5rpSjKS6w-lgl5jo0YtpDWoIbsgpqJNQNBx1TCt9nVA-PbiY.3phlKLXt-CVN0b_uIpLZVyqfMxsumBI5KCJQgRTg5Y8%26dib_tag%3Dse%26keywords%3Dgpu%26qid%3D1775433827%26sprefix%3Dgp%252Caps%252C387%26sr%3D8-233-spons%26xpid%3DkRTaaIQ0Ql4iY%26sp_csd%3Dd2lkZ2V0TmFtZT1zcF9tdGY%26psc%3D1","https://m.media-amazon.com/images/I/71024-nNjsL._AC_UY218_.jpg","Sponsored","Jiawu Graphics Cards, GT 610 1GB GDDR3 64 Bit PC Gaming Video Card with Single Cooling Fan, PCI Express 2.0 X16, Computer Gaming GPU with, VGA and DVI Output, HDCP Support","","","$57.32","","","","FREE delivery","Apr 20 - May 4",""
"","https://www.amazon.com/sspa/click?ie=UTF8&spc=MTo1NTA2NDE4NTMyMDYyNTc5OjE3NzU0MzM4Mjc6c3BfbXRmOjMwMTIyNzk0MjU3OTQwMjo6MDo6&url=%2FVBESTLIFE-Graphics-Desktop-Computer-Support%2Fdp%2FB0G5Z4WBX6%2Fref%3Dsr_1_234_sspa%3Fcrid%3D346W5D56T0W20%26dib%3DeyJ2IjoiMSJ9.oE3eohjCRv1P4QUdjC7vBbtRJWKMX_oXQnNHm9vVIj3mOIBDvExvgLqrHIuy8yGV51V-SIuP1hMG7nprnhRTJ965irTW9paybSuspoZisih2TnPvpLVwVjQdAWcXOFc-mjZ1VUFsHsRT4Hq5UoKY6AwaitcCSixfhKpZIS2anz0OfB8K8NOEQswUozE5rpSjKS6w-lgl5jo0YtpDWoIbsgpqJNQNBx1TCt9nVA-PbiY.3phlKLXt-CVN0b_uIpLZVyqfMxsumBI5KCJQgRTg5Y8%26dib_tag%3Dse%26keywords%3Dgpu%26qid%3D1775433827%26sprefix%3Dgp%252Caps%252C387%26sr%3D8-234-spons%26xpid%3DkRTaaIQ0Ql4iY%26sp_csd%3Dd2lkZ2V0TmFtZT1zcF9tdGY%26psc%3D1","https://m.media-amazon.com/images/I/61HqyTx9qjL._AC_UY218_.jpg","Sponsored","VBESTLIFE GT210 1GB Graphics Card, DDR2 64Bit GPU, 532MHz PCIE 2.0 Gaming Video Card, Desktop Computer Graphics Card Support for DirectX 10","","","$29.99","","","","FREE delivery  for Prime members","Apr 10 - 13",""
"List Price:","https://www.amazon.com/GOLDSOUN-Enclosure-Compatible-Thunderbolt-Handhelds/dp/B0DTJZ3JGW/ref=sr_1_235?crid=346W5D56T0W20&dib=eyJ2IjoiMSJ9.oE3eohjCRv1P4QUdjC7vBbtRJWKMX_oXQnNHm9vVIj3mOIBDvExvgLqrHIuy8yGV51V-SIuP1hMG7nprnhRTJ965irTW9paybSuspoZisih2TnPvpLVwVjQdAWcXOFc-mjZ1VUFsHsRT4Hq5UoKY6AwaitcCSixfhKpZIS2anz0OfB8K8NOEQswUozE5rpSjKS6w-lgl5jo0YtpDWoIbsgpqJNQNBx1TCt9nVA-PbiY.3phlKLXt-CVN0b_uIpLZVyqfMxsumBI5KCJQgRTg5Y8&dib_tag=se&keywords=gpu&qid=1775433827&sprefix=gp%2Caps%2C387&sr=8-235&xpid=kRTaaIQ0Ql4iY","https://m.media-amazon.com/images/I/51VTzrpQwuL._AC_UY218_.jpg","","External GPU Enclosure Dock Compatible with Thunderbolt 3/4, eGPU Dock for Laptops and Gaming Handhelds,External Graphics Card Dock Compatible with NVIDIA/AMD PCIe,ATX Power Supply","4.5","(9)","$169.99","$199.99","$199.99","Overnight","FREE delivery","Overnight 7 AM - 11 AM",""
"","https://www.amazon.com/ASUS-Gaming-GeForce-Graphics-DisplayPort/dp/B0CSF9G5MJ/ref=sr_1_236?crid=346W5D56T0W20&dib=eyJ2IjoiMSJ9.oE3eohjCRv1P4QUdjC7vBbtRJWKMX_oXQnNHm9vVIj3mOIBDvExvgLqrHIuy8yGV51V-SIuP1hMG7nprnhRTJ965irTW9paybSuspoZisih2TnPvpLVwVjQdAWcXOFc-mjZ1VUFsHsRT4Hq5UoKY6AwaitcCSixfhKpZIS2anz0OfB8K8NOEQswUozE5rpSjKS6w-lgl5jo0YtpDWoIbsgpqJNQNBx1TCt9nVA-PbiY.3phlKLXt-CVN0b_uIpLZVyqfMxsumBI5KCJQgRTg5Y8&dib_tag=se&keywords=gpu&qid=1775433827&sprefix=gp%2Caps%2C387&sr=8-236&xpid=kRTaaIQ0Ql4iY","https://m.media-amazon.com/images/I/81ht-aFon9L._AC_UY218_.jpg","","ASUS TUF Gaming NVIDIA GeForce RTX™ 4070 Ti Super White OC Edition Gaming Graphics Card (PCIe 4.0, 16GB GDDR6X, HDMI 2.1a, DisplayPort 1.4a)","4.5","(72)","","","","","","",""
"","https://www.amazon.com/GeForce-5060-INSPIRE-Graphics-Card/dp/B0F32N1ZGH/ref=sr_1_237?crid=346W5D56T0W20&dib=eyJ2IjoiMSJ9.oE3eohjCRv1P4QUdjC7vBbtRJWKMX_oXQnNHm9vVIj3mOIBDvExvgLqrHIuy8yGV51V-SIuP1hMG7nprnhRTJ965irTW9paybSuspoZisih2TnPvpLVwVjQdAWcXOFc-mjZ1VUFsHsRT4Hq5UoKY6AwaitcCSixfhKpZIS2anz0OfB8K8NOEQswUozE5rpSjKS6w-lgl5jo0YtpDWoIbsgpqJNQNBx1TCt9nVA-PbiY.3phlKLXt-CVN0b_uIpLZVyqfMxsumBI5KCJQgRTg5Y8&dib_tag=se&keywords=gpu&qid=1775433827&sprefix=gp%2Caps%2C387&sr=8-237&xpid=kRTaaIQ0Ql4iY","https://m.media-amazon.com/images/I/71z3ijEjNhL._AC_UY218_.jpg","","MSI GeForce RTX 5060 Ti 16G INSPIRE 2X OC Graphics Card - RTX 5060 Ti GPU, 16GB GDDR7 (28Gbps/128-bit), PCIe 5.0 - DUAL-Fan Thermal Design (2 x STORMFORCE FAN) - HDMI 2.1b, DisplayPort 2.1b","4.7","(257)","$1,284.69","","","","FREE delivery","Apr 24 - May 8",""
"Only 1 left in stock - order soon.","https://www.amazon.com/MSI-Radeon-Classic-24G-Graphics/dp/B0BSN878GR/ref=sr_1_238?crid=346W5D56T0W20&dib=eyJ2IjoiMSJ9.oE3eohjCRv1P4QUdjC7vBbtRJWKMX_oXQnNHm9vVIj3mOIBDvExvgLqrHIuy8yGV51V-SIuP1hMG7nprnhRTJ965irTW9paybSuspoZisih2TnPvpLVwVjQdAWcXOFc-mjZ1VUFsHsRT4Hq5UoKY6AwaitcCSixfhKpZIS2anz0OfB8K8NOEQswUozE5rpSjKS6w-lgl5jo0YtpDWoIbsgpqJNQNBx1TCt9nVA-PbiY.3phlKLXt-CVN0b_uIpLZVyqfMxsumBI5KCJQgRTg5Y8&dib_tag=se&keywords=gpu&qid=1775433827&sprefix=gp%2Caps%2C387&sr=8-238&xpid=kRTaaIQ0Ql4iY","https://m.media-amazon.com/images/I/71KaK1kVV3L._AC_UY218_.jpg","","MSI Radeon RX 7900 XTX Gaming Trio Classic 24G 384-Bit HDMI/DP Torx Fan 4 AMD RDNA 3 Graphics Card","4.4","(125)","$1,785.00","","","","FREE delivery","Apr 9 - 13","Wed, Apr 8"
"Or","https://www.amazon.com/Ai1600T-Titanium-Dual-Native-Dual-Color-connectors/dp/B0BV2CXBSR/ref=sr_1_239?crid=346W5D56T0W20&dib=eyJ2IjoiMSJ9.oE3eohjCRv1P4QUdjC7vBbtRJWKMX_oXQnNHm9vVIj3mOIBDvExvgLqrHIuy8yGV51V-SIuP1hMG7nprnhRTJ965irTW9paybSuspoZisih2TnPvpLVwVjQdAWcXOFc-mjZ1VUFsHsRT4Hq5UoKY6AwaitcCSixfhKpZIS2anz0OfB8K8NOEQswUozE5rpSjKS6w-lgl5jo0YtpDWoIbsgpqJNQNBx1TCt9nVA-PbiY.3phlKLXt-CVN0b_uIpLZVyqfMxsumBI5KCJQgRTg5Y8&dib_tag=se&keywords=gpu&qid=1775433827&sprefix=gp%2Caps%2C387&sr=8-239&ufe=app_do%3Aamzn1.fos.5998aa40-ec6f-4947-a68f-cd087fee0848&xpid=kRTaaIQ0Ql4iY","https://m.media-amazon.com/images/I/71CT+G8byQL._AC_UY218_.jpg","","MSI MEG Ai1600T PCIE5 Power Supply Unit, 1600W, 80 Plus Titanium, ATX 3.1, PCIe 5.1 GPU Support, Dual-Native 12V-2x6, Cables with Dual-Color 12V-2x6 connectors, ATX PSU, Braided Cable","4.4","(19)","$762.62","","$152.53","Overnight","FREE delivery","Overnight 7 AM - 11 AM",""
"New Price:","https://www.amazon.com/ASUS-Graphics-DisplayPort-Axial-tech-2-9-Slot/dp/B0962ZFXFG/ref=sr_1_240?crid=346W5D56T0W20&dib=eyJ2IjoiMSJ9.oE3eohjCRv1P4QUdjC7vBbtRJWKMX_oXQnNHm9vVIj3mOIBDvExvgLqrHIuy8yGV51V-SIuP1hMG7nprnhRTJ965irTW9paybSuspoZisih2TnPvpLVwVjQdAWcXOFc-mjZ1VUFsHsRT4Hq5UoKY6AwaitcCSixfhKpZIS2anz0OfB8K8NOEQswUozE5rpSjKS6w-lgl5jo0YtpDWoIbsgpqJNQNBx1TCt9nVA-PbiY.3phlKLXt-CVN0b_uIpLZVyqfMxsumBI5KCJQgRTg5Y8&dib_tag=se&keywords=gpu&qid=1775433827&sprefix=gp%2Caps%2C387&sr=8-240&xpid=kRTaaIQ0Ql4iY","https://m.media-amazon.com/images/I/81uZf+TP1VS._AC_UY218_.jpg","","ASUS ROG Strix NVIDIA GeForce RTX 3090 White OC Edition Gaming Graphics Card (PCIe 4.0, 24GB GDDR6X, HDMI 2.1, DisplayPort 1.4a, Axial-tech Fan Design, 2.9-Slot, Super Alloy Power (Renewed)","5.0","(3)","$1,495.99","$1,999.99","$1,999.99","","FREE delivery","Apr 15 - 24","Apr 9 - 13"
"Only 3 left in stock - order soon.","https://www.amazon.com/AMD-Radeon-GDDR6-PCI-Express-Graphics/dp/B0BKPT56HK/ref=sr_1_241?crid=346W5D56T0W20&dib=eyJ2IjoiMSJ9.oE3eohjCRv1P4QUdjC7vBbtRJWKMX_oXQnNHm9vVIj3mOIBDvExvgLqrHIuy8yGV51V-SIuP1hMG7nprnhRTJ965irTW9paybSuspoZisih2TnPvpLVwVjQdAWcXOFc-mjZ1VUFsHsRT4Hq5UoKY6AwaitcCSixfhKpZIS2anz0OfB8K8NOEQswUozE5rpSjKS6w-lgl5jo0YtpDWoIbsgpqJNQNBx1TCt9nVA-PbiY.3phlKLXt-CVN0b_uIpLZVyqfMxsumBI5KCJQgRTg5Y8&dib_tag=se&keywords=gpu&qid=1775433827&sprefix=gp%2Caps%2C387&sr=8-241&xpid=kRTaaIQ0Ql4iY","https://m.media-amazon.com/images/I/71QG+d5qzXL._AC_UY218_.jpg","","AMD Radeon™ RX 6950 XT gddr6 Graphics Card","4.3","(176)","$1,249.00","","","","FREE delivery","Mon, Apr 13","Tue, Apr 7"
"","https://www.amazon.com/GLOTRENDS-Support-Bracket-Vertical-Compatible/dp/B0FF4NFSXD/ref=sr_1_242?crid=346W5D56T0W20&dib=eyJ2IjoiMSJ9.oE3eohjCRv1P4QUdjC7vBbtRJWKMX_oXQnNHm9vVIj3mOIBDvExvgLqrHIuy8yGV51V-SIuP1hMG7nprnhRTJ965irTW9paybSuspoZisih2TnPvpLVwVjQdAWcXOFc-mjZ1VUFsHsRT4Hq5UoKY6AwaitcCSixfhKpZIS2anz0OfB8K8NOEQswUozE5rpSjKS6w-lgl5jo0YtpDWoIbsgpqJNQNBx1TCt9nVA-PbiY.3phlKLXt-CVN0b_uIpLZVyqfMxsumBI5KCJQgRTg5Y8&dib_tag=se&keywords=gpu&qid=1775433827&sprefix=gp%2Caps%2C387&sr=8-242&xpid=kRTaaIQ0Ql4iY","https://m.media-amazon.com/images/I/61AoCvIsGaL._AC_UY218_.jpg","","GLOTRENDS PCIe 5.0 2-Slot GPU Vertical Mount Bracket, RTX5090(Ti) RX9070(XT) GPU Ready, Fully Open 7-Slot PCIe/PCI Bracket Panel for Installation","4.4","(16)","$65.99","","","Overnight","FREE delivery","Overnight 7 AM - 11 AM",""
"","https://www.amazon.com/ASUS-Pro-TRX50-SAGE-Workstation-overclocking/dp/B0FH8176WQ/ref=sr_1_243?crid=346W5D56T0W20&dib=eyJ2IjoiMSJ9.oE3eohjCRv1P4QUdjC7vBbtRJWKMX_oXQnNHm9vVIj3mOIBDvExvgLqrHIuy8yGV51V-SIuP1hMG7nprnhRTJ965irTW9paybSuspoZisih2TnPvpLVwVjQdAWcXOFc-mjZ1VUFsHsRT4Hq5UoKY6AwaitcCSixfhKpZIS2anz0OfB8K8NOEQswUozE5rpSjKS6w-lgl5jo0YtpDWoIbsgpqJNQNBx1TCt9nVA-PbiY.3phlKLXt-CVN0b_uIpLZVyqfMxsumBI5KCJQgRTg5Y8&dib_tag=se&keywords=gpu&qid=1775433827&sprefix=gp%2Caps%2C387&sr=8-243&xpid=kRTaaIQ0Ql4iY","https://m.media-amazon.com/images/I/81lc7yjE8ML._AC_UY218_.jpg","","ASUS Pro WS TRX50-SAGE WiFi A AMD TRX50 TR5 CEB Workstation Motherboard, CPU & Memory overclocking Ready, Robust 20 Power-Stage Design, PCIe 5.0 x 16, M.2, USB4, 10 Gb & 2.5 Gb LAN, Multi-GPU Support","3.6","(8)","$1,066.99","","","Two-Day","FREE delivery","Tue, Apr 7",""
"50+ bought in past month","https://www.amazon.com/GB-001-Graphic-cardnhalterung-Black/dp/B07YKGKZWP/ref=sr_1_244?crid=346W5D56T0W20&dib=eyJ2IjoiMSJ9.oE3eohjCRv1P4QUdjC7vBbtRJWKMX_oXQnNHm9vVIj3mOIBDvExvgLqrHIuy8yGV51V-SIuP1hMG7nprnhRTJ965irTW9paybSuspoZisih2TnPvpLVwVjQdAWcXOFc-mjZ1VUFsHsRT4Hq5UoKY6AwaitcCSixfhKpZIS2anz0OfB8K8NOEQswUozE5rpSjKS6w-lgl5jo0YtpDWoIbsgpqJNQNBx1TCt9nVA-PbiY.3phlKLXt-CVN0b_uIpLZVyqfMxsumBI5KCJQgRTg5Y8&dib_tag=se&keywords=gpu&qid=1775433827&sprefix=gp%2Caps%2C387&sr=8-244&xpid=kRTaaIQ0Ql4iY","https://m.media-amazon.com/images/I/41nbLBWi8pL._AC_UY218_.jpg","","Lian Li GB 001 Graphic cardnhalterung Black","4.5","(292)","$23.99","","","Overnight","FREE delivery  on $25 of qualifying items","Overnight 7 AM - 11 AM",""
"No featured offers available","https://www.amazon.com/ASUS-Graphics-DisplayPort-Full-Coverage-Radiator/dp/B09WPJQN3C/ref=sr_1_245?crid=346W5D56T0W20&dib=eyJ2IjoiMSJ9.oE3eohjCRv1P4QUdjC7vBbtRJWKMX_oXQnNHm9vVIj3mOIBDvExvgLqrHIuy8yGV51V-SIuP1hMG7nprnhRTJ965irTW9paybSuspoZisih2TnPvpLVwVjQdAWcXOFc-mjZ1VUFsHsRT4Hq5UoKY6AwaitcCSixfhKpZIS2anz0OfB8K8NOEQswUozE5rpSjKS6w-lgl5jo0YtpDWoIbsgpqJNQNBx1TCt9nVA-PbiY.3phlKLXt-CVN0b_uIpLZVyqfMxsumBI5KCJQgRTg5Y8&dib_tag=se&keywords=gpu&qid=1775433827&sprefix=gp%2Caps%2C387&sr=8-245&xpid=kRTaaIQ0Ql4iY","https://m.media-amazon.com/images/I/81PLjDzsXvL._AC_UY218_.jpg","","ASUS ROG Strix LC NVIDIA GeForce RTX 3090 Ti OC Edition Gaming Graphics Card (PCIe 4.0, 24GB GDDR6X, HDMI 2.1, DisplayPort 1.4a, Full-Coverage Cold Plate, 240mm Radiator, 600mm tubing, GPU Tweak)","4.2","(144)","","","","","","",""
"Only 17 left in stock - order soon.","https://www.amazon.com/PowerColor-Radeon-AI-PRO-R9700/dp/B0FY6ZGQ4D/ref=sr_1_246?crid=346W5D56T0W20&dib=eyJ2IjoiMSJ9.oE3eohjCRv1P4QUdjC7vBbtRJWKMX_oXQnNHm9vVIj3mOIBDvExvgLqrHIuy8yGV51V-SIuP1hMG7nprnhRTJ965irTW9paybSuspoZisih2TnPvpLVwVjQdAWcXOFc-mjZ1VUFsHsRT4Hq5UoKY6AwaitcCSixfhKpZIS2anz0OfB8K8NOEQswUozE5rpSjKS6w-lgl5jo0YtpDWoIbsgpqJNQNBx1TCt9nVA-PbiY.3phlKLXt-CVN0b_uIpLZVyqfMxsumBI5KCJQgRTg5Y8&dib_tag=se&keywords=gpu&qid=1775433827&sprefix=gp%2Caps%2C387&sr=8-246&xpid=kRTaaIQ0Ql4iY","https://m.media-amazon.com/images/I/51WPoJlLd8L._AC_UY218_.jpg","","PowerColor AMD Radeon AI PRO R9700 32GB GDDR6","3.4","(3)","$1,599.99","","","Two-Day","FREE delivery","Tue, Apr 7",""
"200+ bought in past month","https://aax-us-east-retail-direct.amazon.com/x/c/JHz_kfQiPk3vBtLTz9H5GZAAAAGdYBpD8QEAAAH2AQBvbm9fdHhuX2JpZDUgICBvbm9fdHhuX2ltcDIgICBlgTYV/clv1c_ek-wwoHWFcbSDIHIHovrp12WhhIPHs944luctNSDbz6p2L2Ut1haIAOcrxsOMbz_yzXzHohcoLHuNmUwar-soR-bZZk8_iGPZBnm0R7UL9UM_B-3EUlBDG7S8G0gTk7Nscm4uSMW3UufO5B3VFbn-daLwNw3h5XIkQ31TTy3xg_F3uefwDu7jBAh8mI5dKzg1ecAak_4nQv8AvD57kxeP_y-2Lm3CgfDJSyeIzd207RPsWis6hywx3pNHFrOidMLQF5KvtwYWChb8thMvf-BceF2BIzNFP7MsPxHIw5sjED6_Pu8nX4gHehaPJnHeA_uWSMbJtoCEV3oS64m2_dlDkDY6_kQM4vzuSsjueMjvckG3c1zozKv33Ashw93xzU3W8OLgd-F1HP4BeCESwF0-zdQF1IZXMxYzuYcUL7mLoNrCzSRaH_PztnPVh0Zqfo1QiMZDcdmyyDXKxlGHkpSMv9YOCSJxOLra2ZpeanZzutzekdfTVXYjnFGK2yJ-Iu788wIjjxcX68R9MydNoRwsp9if1FYeMqJwIa_cuSFetIQvPI5apzIhrdylsokZGYMAqUchWnNBdH7c7ivCVX8eFp7GOtta3496cZ7M5V2MPHr2GYVHwI8Lhk6CXQL7s3pUYm-INJ25XNhrm-Zc4PyhFe8AUmqgL_QGcPviHWxN3OEwxqlZkEk7oxuKwecHAxe26MHdwXO90kPBcCD-O2W3k4F4tM82J-DLWJVnybhK073Xp2-rsJbRCzYZ_Z8kfC_l7pcY_brz9MWj_UTMpCiuqTUHDKsTn-KbLiYAVxticO4mUxi8i4oPnnGiAgeE1v0EOmBVCyc2Tl-tPn6IfMh_RFq5gZqLY23kHBwb8hdfTRKLoOcV86G86tWyCSuzZmsQIMb8JQZ1Y-9kLzvG703PleZXNsE4pSS0e20tgJ-yNGcLDYZAC-BzQqT9QdbJmHYAYS5v1twKAvuqwowIFlFQMLun3j6lJOENV8vNJWMtfnJ0zHFJopaX8BEw7FfQjuZ6NPQ53sK7tMr4ha_ZBMYaaXHEWYbsrkpOC0MDEABk71Pnv7jP81n9w/https://www.amazon.com/dp/B0F4M5DZK9?pd_rd_i=B0F4M5DZK9&pf_rd_p=2c8e5d59-6279-4999-832d-be45d1ca8e79&pf_rd_r=NT87PDDSN0MMR9YZC0NH&pd_rd_wg=G3Swc&pd_rd_w=I914l&pd_rd_r=7117bcf2-ca0e-4957-a443-3e138998be07","https://m.media-amazon.com/images/I/61N0I1UIyJL._AC_UL640_QL65_.jpg","","Thermal Paste for Computer CPU GPU Laptop 12.8W/mk Made in USA 4 Gram High Thermal Conductivity - Non Corrosive/Non-Conductive All Processor","4.7","Sponsored","$5.49","","","Overnight","FREE delivery  on $25 of qualifying items","Overnight 7 AM - 11 AM",""
"cpu","https://www.amazon.com/s?k=cpu&ref=rsl_sug_0_0&pd_rd_w=vAkXV&content-id=amzn1.sym.3be64970-3b95-4a6d-a45d-78077a3ff871:amzn1.sym.3be64970-3b95-4a6d-a45d-78077a3ff871&pf_rd_p=3be64970-3b95-4a6d-a45d-78077a3ff871&pf_rd_r=NT87PDDSN0MMR9YZC0NH&pd_rd_wg=G3Swc&pd_rd_r=7117bcf2-ca0e-4957-a443-3e138998be07&qid=1775433827","","","","","","","","","","","",""
"","","","","","","","","","","","","",""
"","https://aax-us-east-retail-direct.amazon.com/x/c/JHQ5PfnBxgwX1bXlkis6ousAAAGdYBpFEwEAAAH2AQBvbm9fdHhuX2JpZDUgICBvbm9fdHhuX2ltcDIgICACk90-/clv1c_ek-wwoXXbdbWDNXQ9wXz8e9gSspXIfdA6uj0QCVGSgFid9n3BCdAeguqqogpL0Hs69hf4JXG824hSxBvwQ6yI5t-AWmMSrw-8qdb515tnd1uh5zWJlnufTz55OR97N6vKafv_WBzgHXTYrHP-Ktr6bCbo9-QNlmuogywfTbNjwX9TU2wAdTHn9uewqduJzhoFmAN7E1SFn3FzMzL-dqU61K9TgoLg2sNkALBPtzhNZEeQ6lp2MQQb55DMlKI4uMc80swPkbplxiaTpbqLsHHIQUOIpvIkxxS8YNUI9Fk0rskvfI6Q_kwvCg9gwXBpSrQRQM40JPLvHH4E4hCzJ6hV_KGSjM6MfWZKYeA-CussOr60cAlNlMF7oFhr73WbJZ3x-0QL-mmFHz1k8fLb_cxSsqH3JzqNHQOp0nNiZHW7LBsWrE_j4c8Ok7bHUWo96ejoLT9buvNNiVZ5rIYsRTEOxgbx3h8HprVeJq2i9_O8QrwpvVabhX27BM4m4iE83bOGaoyF5LKf7AlW6U7mfFyyI06VQ1ZydtoUiJ-1yacTTF0fdyXOAOHTHVExW5pDX_9LL_hIFcCNH1H7ZVhp1CMndWUrOQERA9aedq0MSgOHnuyDwU7c0_4qYcaCOKGryqYNDPFHXDBTYWD1jDBfRQf8wzG_ouQD0zJlgCjaVefa62roiTKbMdh8LL31c4FOfg1_89Quhzdf19uNlkBKnixwc9fz5nSyWOeKe_hWTz1NkaeP0bjbvCJrAtqZ9xWgppo_OaTuUu3Pq7i_xWfVw1kmK_AZL6kwRH0m82-hJRsHyjqXgjapgD5RWPHk2GdOOs2nu2YUpVrnFryyY0W5zqO1DzJ5B3myYMfhoVtI_uuRbpwnlOzVdyIU2zM9DyW3VWlY1y1lnnQwKrQojEADMXwwpRjoetWprseV_xGIue-vLKzumzzpKIE8dY3W1uO0JwT-a2KZETaF5a2XBFRLmJUywFTPFXgWQ2GJF5mdMYwI4MW6a1kKq-8sFbzjuWdjj8-qxJKBFls2OBjM72NhJ4TlL83zTidWlKXNcD2b4-GRudswiGux67Q0PsRhAhPHM7GjqQHSp7q4g/https://www.amazon.com/stores/page/ACB5F6B0-CD2A-4CD9-B965-C9D35F036168/?_encoding=UTF8&store_ref=SB_A0876420QSEBYHBF69N-A0592309353D2H55MQ7QV&pd_rd_plhdr=t&aaxitk=f23219485f2b8f58824b415228409395&hsa_cr_id=0&lp_asins=B0GLF2KYKN%2CB0DRP316J1%2CB0F8QKDY2S&lp_query=gpu&lp_slot=desktop-hsa-3psl&ref_=sbx_be_s_3psl_mbd_mb0_bkgd&pd_rd_w=mNuvX&content-id=amzn1.sym.7d5eb573-01e8-49db-b262-65baa247c724%3Aamzn1.sym.7d5eb573-01e8-49db-b262-65baa247c724&pf_rd_p=7d5eb573-01e8-49db-b262-65baa247c724&pf_rd_r=NT87PDDSN0MMR9YZC0NH&pd_rd_wg=FLaTh&pd_rd_r=e0a98cc0-438a-49c1-9c36-fd941dabad72","","","","","","","","","","","",""
"","https://aax-us-east-retail-direct.amazon.com/x/c/JMOczuZAotg04BkEix0YuFUAAAGdYBpUUwEAAAH2AQBvbm9fdHhuX2JpZDYgICBvbm9fdHhuX2ltcDEgICD5nOnq/clv1c_ek-wwgHWLdTaDdVAul8TgMCVbgx7K6YTsNjx1MS0tFQOzyP0m0cOUrguyfcIgiWg9hvIbFUlEYDgXP0tzr14oj-rGVC5PLYUj1cfkcOMnaRa7HOQLabLbQzaoyBrtx_prOQVA6c6hRhFqW0IC8zWu9HVnM2QjA2O8hywfJbrDTJ3O8BKWJfrNibtgsJLTtz_kW8H4vbKExsTweCks8kJZk9ee9YRRROuxZIDP1n31fPAgjuPCYrze8Eqdfi0VpxJhCUgv_G8A5TKVU3t5Rj0Y6WLT-B0WkYPOXuFMnwhyxemJpH8V-dwksGCEsR-2Ikid9emio-2RuG9z7HV5DYnmAQjaowi_h-3wPiXEe25vFQF0nZwPbORhCs41uThwZ6TkkH-JEGlpCZ578wjM5YmUL7sNcC6H-6j5gK9UZ1CYFHPDjTAbL6OT3lb6miFGwkXln7KC8y60bbrK2pG4E-HHrIf8uZv7TsANo1sQvlVnKtvfwpuF7bXQXim2CY-pmZiEVFx33Cc279sqfytxFrX7EURxeyJvOi3qSm7Tdy4PXWV4HtEp53SE_NVf0USOqOQ7TABuGDxwdw608X7gIyUz5ef15MhalqVTODNAU1JpzcVQULlKnKt7cBgQy48p2a6hMlF9LkwWClH9ChAsLEtIZ1zdOgXQCWgWe8nwRziW1LH7PxfzP31V0RTeAujuhwLzU9JgBWpoPugPKO_23BWm_Ca9A_d_5o7jXISXTpy-h6JC2p_ra6NBPUoleteknBNZB_ccdOxNlMv6s216UPpMNg7ZucB5IFdhsUjglT5lY2uecJqzKvGGlCgFv67cR6IdqnPg-kPRf0Pc5CTLMYVnzXQla2Dg2taLWLr_WvDr9P_6OIdva1xDPy6TKnQW5Q_A7RAbDIue2xzNWA741gDI0pzoZ6cGCRIy3nEoxxC_fTolds0KdYVl8VVrcib5LsSoGWidcjm1khxrKHEk7-W3BYugQpZW7l04sxjUCLOLTP5Mu6eEdMtvaRDqcCXnM1XOdo23qEbCCtg7-nuZDYM-8ELrrRHuq7U0d_ZjaqmX_KvhUGR/https://www.amazon.com/stores/page/1DEBDE67-61D1-43C7-AFA6-D8197A1277A1/?_encoding=UTF8&store_ref=SB_A09624673R44HFZMWIFEM-A0496054YPLII1R6CGXA&pd_rd_plhdr=t&aaxitk=4955bdf125e2aa2b128b8a866db81c6e&hsa_cr_id=0&lp_asins=B0D6YGDVBY%2CB0BZC16C8J%2CB0C8CYVVC9&lp_query=gpu&lp_slot=auto-sparkle-hsa-tetris&ref_=sbx_s_sparkle_sbtcd_bkgd&pd_rd_w=M0HGO&content-id=amzn1.sym.cc961e39-6f5f-411e-8135-81c6c1187ac0%3Aamzn1.sym.cc961e39-6f5f-411e-8135-81c6c1187ac0&pf_rd_p=cc961e39-6f5f-411e-8135-81c6c1187ac0&pf_rd_r=NH2ZYSJYSPZSDDB76F0H&pd_rd_wg=fnObb&pd_rd_r=39ffe7a7-6e73-496d-bbfd-5bf47a81eff1","","","","Typical:","|","$23.69","$11.99","","","","",""
"Only 20 left in stock - order soon.","https://www.amazon.com/sspa/click?ie=UTF8&spc=MTo4MTA4NTgwNDQzNzM1NDMwOjE3NzU0MzM4MzE6c3BfYXRmX25leHQ6MzAxMTczMjE5NzYxMzAyOjowOjo&url=%2FDell-Micron-MTFDKCC15T3TFR-15-36TB-Enterprise%2Fdp%2FB0GGL61YS5%2Fref%3Dsr_1_241_sspa%3Fcrid%3D346W5D56T0W20%26dib%3DeyJ2IjoiMSJ9.KW8q4YDhTBmNF8H-kMQJ3D4VrT9q4fJH9UOSFh8Kfw-gBLlFeLAWDYrkpOViXvzv2mzBha69Dc3dCucRtToa8yg6AugA_57rIN7qLXG2OJjasZp1lwNog3HI7VDxJACcl4Gp9KeawBU67snWH0KU2nk-g-WUwI_tYVhg90kK32cnGuWeJU7QNPL0-EvIfumowNNvsWV7CVFkJdaf0KQ4CvlDaFD4yZS1GpcLbI5aR-8.pUWCfcpEtytQkKAthg8yU9sOnajhrwZMZdHXsPUzXjc%26dib_tag%3Dse%26keywords%3Dgpu%26qid%3D1775433831%26sprefix%3Dgp%252Caps%252C387%26sr%3D8-241-spons%26xpid%3DkRTaaIQ0Ql4iY%26sp_csd%3Dd2lkZ2V0TmFtZT1zcF9hdGZfbmV4dA%26psc%3D1","https://m.media-amazon.com/images/I/71Y3Fv2YzjL._AC_UY218_.jpg","Sponsored","Dell/Micron 7450 PRO MTFDKCC15T3TFR 15.36TB PCIe Gen 4 8GB/s U.3 NVMe 2.5in Enterprise Solid State Drive","","","$3,960.00","","","Two-Day","FREE delivery","Tue, Apr 7",""
"100+ bought in past month","https://www.amazon.com/sspa/click?ie=UTF8&spc=MTo4MTA4NTgwNDQzNzM1NDMwOjE3NzU0MzM4MzE6c3BfYXRmX25leHQ6MzAxMjA1MjczOTY0NTAyOjowOjo&url=%2Fbeyerdynamic-990-PRO-250-ohm%2Fdp%2FB010IJ9W1U%2Fref%3Dsr_1_242_sspa%3Fcrid%3D346W5D56T0W20%26dib%3DeyJ2IjoiMSJ9.KW8q4YDhTBmNF8H-kMQJ3D4VrT9q4fJH9UOSFh8Kfw-gBLlFeLAWDYrkpOViXvzv2mzBha69Dc3dCucRtToa8yg6AugA_57rIN7qLXG2OJjasZp1lwNog3HI7VDxJACcl4Gp9KeawBU67snWH0KU2nk-g-WUwI_tYVhg90kK32cnGuWeJU7QNPL0-EvIfumowNNvsWV7CVFkJdaf0KQ4CvlDaFD4yZS1GpcLbI5aR-8.pUWCfcpEtytQkKAthg8yU9sOnajhrwZMZdHXsPUzXjc%26dib_tag%3Dse%26keywords%3Dgpu%26qid%3D1775433831%26sprefix%3Dgp%252Caps%252C387%26sr%3D8-242-spons%26xpid%3DkRTaaIQ0Ql4iY%26sp_csd%3Dd2lkZ2V0TmFtZT1zcF9hdGZfbmV4dA%26psc%3D1","https://m.media-amazon.com/images/I/61qPoC7zPeL._AC_UY218_.jpg","Sponsored","beyerdynamic DT 990 PRO 250 ohm - Limited Edition (Black, Straight Cable)","4.5","(3.3K)","$199.99","","","Two-Day","FREE delivery","Tue, Apr 7",""
"List:","https://www.amazon.com/Enclosure-Compatible-Thunderbolt-External-Charging/dp/B0CZDSSVKK/ref=sr_1_243?crid=346W5D56T0W20&dib=eyJ2IjoiMSJ9.KW8q4YDhTBmNF8H-kMQJ3D4VrT9q4fJH9UOSFh8Kfw-gBLlFeLAWDYrkpOViXvzv2mzBha69Dc3dCucRtToa8yg6AugA_57rIN7qLXG2OJjasZp1lwNog3HI7VDxJACcl4Gp9KeawBU67snWH0KU2nk-g-WUwI_tYVhg90kK32cnGuWeJU7QNPL0-EvIfumowNNvsWV7CVFkJdaf0KQ4CvlDaFD4yZS1GpcLbI5aR-8.pUWCfcpEtytQkKAthg8yU9sOnajhrwZMZdHXsPUzXjc&dib_tag=se&keywords=gpu&qid=1775433831&sprefix=gp%2Caps%2C387&sr=8-243&xpid=kRTaaIQ0Ql4iY","https://m.media-amazon.com/images/I/61eplpObEUL._AC_UY218_.jpg","","Mini eGPU Enclosure Compatible with Thunderbolt 3/4, USB4 40Gbps External GPU Dock Station, Compatible with NVIDIA/AMD PCIe, PD 85W Charging Support, Daisy Chain, DC/ATX/SFX Support","4.0","(70)","$149.99","$159.99","$159.99","Overnight","FREE delivery","Overnight 7 AM - 11 AM",""
"Or","https://www.amazon.com/Thermaltake-Clearance-Connector-Strawberry-CA-1Z1-00MLWN-00/dp/B0F69KBTVB/ref=sr_1_244?crid=346W5D56T0W20&dib=eyJ2IjoiMSJ9.KW8q4YDhTBmNF8H-kMQJ3D4VrT9q4fJH9UOSFh8Kfw-gBLlFeLAWDYrkpOViXvzv2mzBha69Dc3dCucRtToa8yg6AugA_57rIN7qLXG2OJjasZp1lwNog3HI7VDxJACcl4Gp9KeawBU67snWH0KU2nk-g-WUwI_tYVhg90kK32cnGuWeJU7QNPL0-EvIfumowNNvsWV7CVFkJdaf0KQ4CvlDaFD4yZS1GpcLbI5aR-8.pUWCfcpEtytQkKAthg8yU9sOnajhrwZMZdHXsPUzXjc&dib_tag=se&keywords=gpu&qid=1775433831&sprefix=gp%2Caps%2C387&sr=8-244&ufe=app_do%3Aamzn1.fos.9fe8cbfa-bf43-43d1-a707-3f4e65a4b666&xpid=kRTaaIQ0Ql4iY","https://m.media-amazon.com/images/I/716xMwNfF9L._AC_UY218_.jpg","","Thermaltake Tower 600 Mid Tower; 2x140mm CT Fans Included; 420mm Radiator Support; 400mm GPU Clearance; Hidden Connector Support; Rotatable PCIe Slots; Mint Strawberry; CA-1Z1-00MLWN-00","4.4","(217)","$189.99","","$63.33","Two-Day","FREE delivery","Tue, Apr 7",""
"","https://www.amazon.com/sspa/click?ie=UTF8&spc=MTo4MTA4NTgwNDQzNzM1NDMwOjE3NzU0MzM4MzE6c3BfbXRmOjMwMTIxMTE2NTA3MTEwMjo6MDo6&url=%2FGraphics-256Bit-7000MHz-Express-Cooling%2Fdp%2FB0CYY9Z3BH%2Fref%3Dsr_1_245_sspa%3Fcrid%3D346W5D56T0W20%26dib%3DeyJ2IjoiMSJ9.KW8q4YDhTBmNF8H-kMQJ3D4VrT9q4fJH9UOSFh8Kfw-gBLlFeLAWDYrkpOViXvzv2mzBha69Dc3dCucRtToa8yg6AugA_57rIN7qLXG2OJjasZp1lwNog3HI7VDxJACcl4Gp9KeawBU67snWH0KU2nk-g-WUwI_tYVhg90kK32cnGuWeJU7QNPL0-EvIfumowNNvsWV7CVFkJdaf0KQ4CvlDaFD4yZS1GpcLbI5aR-8.pUWCfcpEtytQkKAthg8yU9sOnajhrwZMZdHXsPUzXjc%26dib_tag%3Dse%26keywords%3Dgpu%26qid%3D1775433831%26sprefix%3Dgp%252Caps%252C387%26sr%3D8-245-spons%26xpid%3DkRTaaIQ0Ql4iY%26sp_csd%3Dd2lkZ2V0TmFtZT1zcF9tdGY%26psc%3D1","https://m.media-amazon.com/images/I/61v0jO25ZuL._AC_UY218_.jpg","Sponsored","RX 580 Graphics Card, 256Bit 8GB GDDR5 1284/7000MHz PCI Express 3.0 Gaming GPU Graphics Card, HDMI DPx3 DVI with Cooling Fans for Office and PC (RX580 8GB GDDR5 256BIT)","","","$207.54","","","","FREE delivery  for Prime members","Sat, Apr 11",""
"Only 2 left in stock - order soon.","https://www.amazon.com/sspa/click?ie=UTF8&spc=MTo4MTA4NTgwNDQzNzM1NDMwOjE3NzU0MzM4MzE6c3BfbXRmOjMwMDA4NDU0OTY1NTcwMjo6MDo6&url=%2FQTHREE-Graphics-Profile-Computer-DirectX11%2Fdp%2FB0CKZ53NFT%2Fref%3Dsr_1_246_sspa%3Fcrid%3D346W5D56T0W20%26dib%3DeyJ2IjoiMSJ9.KW8q4YDhTBmNF8H-kMQJ3D4VrT9q4fJH9UOSFh8Kfw-gBLlFeLAWDYrkpOViXvzv2mzBha69Dc3dCucRtToa8yg6AugA_57rIN7qLXG2OJjasZp1lwNog3HI7VDxJACcl4Gp9KeawBU67snWH0KU2nk-g-WUwI_tYVhg90kK32cnGuWeJU7QNPL0-EvIfumowNNvsWV7CVFkJdaf0KQ4CvlDaFD4yZS1GpcLbI5aR-8.pUWCfcpEtytQkKAthg8yU9sOnajhrwZMZdHXsPUzXjc%26dib_tag%3Dse%26keywords%3Dgpu%26qid%3D1775433831%26sprefix%3Dgp%252Caps%252C387%26sr%3D8-246-spons%26xpid%3DkRTaaIQ0Ql4iY%26sp_csd%3Dd2lkZ2V0TmFtZT1zcF9tdGY%26psc%3D1","https://m.media-amazon.com/images/I/61bXC1MU4NL._AC_UY218_.jpg","Sponsored","QTHREE AMD Radeon R7 240 Graphics Card,2GB128 Bits GDDR5 Memory,PCI Express x8,2X HDMI,Low Profile Video Card for PC Office Working,GPU","4.0","(13)","$89.99","","","Tomorrow","FREE delivery","Tomorrow, Apr 6",""
"| Based on star rating and number of customer ratings","https://www.amazon.com/s?k=gpu&page=16&crid=346W5D56T0W20&qid=1775433827&sprefix=gp%2Caps%2C387&xpid=kRTaaIQ0Ql4iY&ref=sr_pg_15#","https://m.media-amazon.com/images/I/51rOLKO0vXL._AC_UL320_.jpg","","","4.7","(1.4K)","$5.69","$11.00","$11.00","Overnight","FREE delivery  on $25 of qualifying items","Overnight 7 AM - 11 AM","Overnight 7 AM - 11 AM"
"","https://aax-us-east-retail-direct.amazon.com/x/c/JJYjTkXGJXorf7WP3jM4hwIAAAGdYBpUZAEAAAH2AQBvbm9fdHhuX2JpZDEgICBvbm9fdHhuX2ltcDIgICA8cF_-/clv1c_ek-wwoHXFcbWDYHOEIvrJ16WPjERPZsaVVv5dgHiXGtAQtXlse8IKfobym0JfppXqop34RkoARXhdYus1005_vZ-AWmM3i-afAAb7jXl_PLIumHnqRXHqzPoQ_p2nGAFoPJDBYYMcPzNaNg8W2w-hef7od64NpXoVET3SDu-1_YpVQPO5iQWMqMxhEOK_208ooyG93FzeyNQ2LBdbkyRZk97hRMmo5aaXb8T_6kbEurEInXGDEkQWQG_z7d73QHhznF_2Xl1tWuPKw3fnDXMQiEWxKdPnjrBlVL1hYSaAI6V8f4Y7x1jngldrG9yuHd9wZKyTK1Nh_MMGLu9ndw_iet653hjVz7OVMgGAO9uOmFoIj4qNXSkZB6wdylxwPs8Jco9I5effU2asni-Jh5sveh5dLsiWZim8TyyOSbKZg3CQ9ZETkhrJqgQNUBG4eErTiu7voo0ZrDsRHMJNWjQH-aNkeXr8pf4OxYC1VMQkWQbbG_C4ZstItuJXk6V_TmD49mSFj4rZILXu0wy-CCcK0F3u_Wg_2g0wShThEvEdsaFiLOn35zpRf3Dw9jV6hu2AzEo4NG966ppRTrPc4TCe_ivSDO-DfvBpIL5R5NBlVpVxCrkrDDxKxHMAjNzrChygQo06aFGKCv_dxIPqDkS4kpNulfXxHZ12DN_X8FacbTvNqYVf50Q8Svpa32g2zfMZZdYRGZD6AFdr_ICFirkyz8W5lmHlTxhG8G7LTb9Fvm7429urjSOEKcticyqMs00QGiiIN6u-InmOjz34pVaZArspNBCc6XUyWbcjDWKgODmK5tgRZX8YdQKm53k_zRxmTELDU57uCkhVh5rDxPzAU0A5UDRQmx76LjYPgoO0Qdcz04jbuac5w6acmMvRARqSS26AMT0nqMINFY2E9Amb2uiqrKAh22kSlXiKJtl1r30f6-RlWQ_89mbjp-KHx-SgyjdUutcXnJVFTNgWD_GgzfL_-W_wzOarHyNajQjPyFLkpW0Uoena3EIRuH9jt_GpHOurtpHeaor5Hm6-_wkBu61rD-ZCgmHO8D2b8-GRueswymciKYvpeDlc6IiDJR_wzvE70jTiQ/https://www.amazon.com/stores/page/B916E14A-6EA6-40A0-B386-1C60ECE20F5C/?_encoding=UTF8&pd_rd_plhdr=t&pd_rd_i=B0FF4R4HH5&ref_=sbx_be_s_sparkle_ssd_bkg&store_ref=SBV_A04921433J7IU47RF0WTL-A06084247UALMRTEA2UJ&lp_asins=B0FF4R4HH5&pd_rd_w=fghH0&content-id=amzn1.sym.a55e4c23-ba6c-4408-a37e-65ef6d7a1c73%3Aamzn1.sym.a55e4c23-ba6c-4408-a37e-65ef6d7a1c73&pf_rd_p=a55e4c23-ba6c-4408-a37e-65ef6d7a1c73&pf_rd_r=NH2ZYSJYSPZSDDB76F0H&pd_rd_wg=SAUGa&pd_rd_r=e8629bdc-3b53-4bdf-af94-54283a8383bd","","","","4.1","Shop","","","","","","",""
"","https://aax-us-east-retail-direct.amazon.com/x/c/JLBsP6y4yWPH_Fy-PPIVL6wAAAGdYBpUVAEAAAH2AQBvbm9fdHhuX2JpZDQgICBvbm9fdHhuX2ltcDEgICAE7Z5x/clv1c_ek-wwvHXbcbaDlXe9wUjnoDaPrU_mFvPwckPJjelhQaltOuvf8JwgJ6G4l30qNOX7H6z4aIV3Ib164Dhpv96CL0cl3OLGbbeIlW3NxPGnM-WOsYv36PjWSw5pntmrl-PoWxn749ftMJcmLtZL9Bym1HdrOVcjwGaWgRATlfpT6QLAf1VzLMihG7SgjLrzGUiTKaOYcdPooLE8T8ZzgHAbKMPWYZZDUDn5T_EmDOxkoil5gK4mcAyu1LsKN7kI6LF3oMguv2CiteyFUKcR6E2TIeChBNfbop-OO2eC2HSu6sU5l9r03480DjV3Py3GJu13cLJtMwWX5PsJ4k39UtMlCqXWl9D6VHiUBq3lIa_PIHTyBKx64q_nTuwwdEBHaoiP5LPxjgSToWM_HeSHOd1RVv3K1M82CXFgNOmYPkxSYTHxdSE3waV9BStCwLzeFlsfoWNO4LVCatPc1lV9lIJt5Ha2YIwOxu8wOImXupYLbGfzMzlRjkZWt1378WPQX9S-l0VeCw8P8b5u7vArCNnMlvE9t-yrrPd-zlk0DXodxDwumv6pcdfVKc9sVfIH42k1NYd2iXXuK7BNYO6B2MqpBqvP2meJwYqwGOunSoY95eByvqGFBHWy8RkZ6GFi-5Dysqw7UI4fXRmZDO6J1hhkgvbK3MNNN4GQ6uqCA9BtyrWioyNI_xApsog7YJoE6g6FUCZaxdaT-vKmPjsuZkiCiKx4sNe5dj-w0HbDhETkjbMAyOCgiLTnsGfSu-zBmimF4imkhiiXRqOMIwXiI9YzuJ-7cCV5-FCT1VvDWopvkFe4CuJLJRAd9g9QmTQeZSYYdrVIbuWx73m-5m0uZMy3bi5Oqex7jHAZay1vIUItnnxl8uUSPMlxfjLRQq7q90RrPjdkY5AUoC4iycosx2NANgP5iFNZM7JvU8PZDlNxJqJoOFihdzRa39jdA5k6AysQCFSw2Ia8s2jXpvV9MlkrixXv3oLYhWqGrWRdYJ-BKI1fDn71LsZGiXX0imR_71vxeljbNhLyniwwKI-SdtVVJRTpm3cAO-UgIUp5-6dJynUmmlCjB9OepCSus7vPk_WhNMFBPZYfiF7LdjfhTk1HwKSuadnWIEArQwx/https://www.amazon.com/stores/page/E2821F86-992F-46D1-8AF6-261B37F16485/?_encoding=UTF8&store_ref=SB_A02260671R939GYN27DRZ-A06945523F08S7QPG4KRS&pd_rd_plhdr=t&aaxitk=0fa716ade5e30a214758e404115f6167&hsa_cr_id=0&lp_asins=B0C99BH9KT%2CB0CGZJQH5B%2CB0BZC16C8J&lp_query=gpu&lp_slot=desktop-inline&ref_=sbx__sbtcd2_bkgd&pd_rd_w=JLEPj&content-id=amzn1.sym.8a47ec59-c206-4272-83cb-e2017cc774b4%3Aamzn1.sym.8a47ec59-c206-4272-83cb-e2017cc774b4&pf_rd_p=8a47ec59-c206-4272-83cb-e2017cc774b4&pf_rd_r=NH2ZYSJYSPZSDDB76F0H&pd_rd_wg=SAUGa&pd_rd_r=e8629bdc-3b53-4bdf-af94-54283a8383bd","","","","4.7","|","$11.99","$9.99","","Overnight","FREE delivery  on $25 of qualifying items","Overnight 7 AM - 11 AM","Overnight 7 AM - 11 AM"
"50+ bought in past month","https://www.amazon.com/ANQUORA-ANQ-L336-Enclosure-Thunderbolt3-Compatible/dp/B0D6BVGCR5/ref=sr_1_247?crid=346W5D56T0W20&dib=eyJ2IjoiMSJ9.KW8q4YDhTBmNF8H-kMQJ3D4VrT9q4fJH9UOSFh8Kfw-gBLlFeLAWDYrkpOViXvzv2mzBha69Dc3dCucRtToa8yg6AugA_57rIN7qLXG2OJjasZp1lwNog3HI7VDxJACcl4Gp9KeawBU67snWH0KU2nk-g-WUwI_tYVhg90kK32cnGuWeJU7QNPL0-EvIfumowNNvsWV7CVFkJdaf0KQ4CvlDaFD4yZS1GpcLbI5aR-8.pUWCfcpEtytQkKAthg8yU9sOnajhrwZMZdHXsPUzXjc&dib_tag=se&keywords=gpu&qid=1775433831&sprefix=gp%2Caps%2C387&sr=8-247&xpid=kRTaaIQ0Ql4iY","https://m.media-amazon.com/images/I/519j8EvM90L._AC_UY218_.jpg","","ANQ-L336 Mini eGPU Enclosure 40Gbps Thunderbolt3/4 USB4 for Laptop Compatible with Win/Linux/MacOS/ROG Ally X/Claw 8, PCIe External GPU Dock with PD 85W, Support NVIDIA/AMD, DC/ATX/SFX/Flex","4.0","(66)","$169.00","","","Overnight","FREE delivery","Overnight 7 AM - 11 AM",""
"More Buying Choices","https://www.amazon.com/ASUS-ProArt-GeForce-Graphics-DisplayPort/dp/B0CGGDVTP6/ref=sr_1_248?crid=346W5D56T0W20&dib=eyJ2IjoiMSJ9.KW8q4YDhTBmNF8H-kMQJ3D4VrT9q4fJH9UOSFh8Kfw-gBLlFeLAWDYrkpOViXvzv2mzBha69Dc3dCucRtToa8yg6AugA_57rIN7qLXG2OJjasZp1lwNog3HI7VDxJACcl4Gp9KeawBU67snWH0KU2nk-g-WUwI_tYVhg90kK32cnGuWeJU7QNPL0-EvIfumowNNvsWV7CVFkJdaf0KQ4CvlDaFD4yZS1GpcLbI5aR-8.pUWCfcpEtytQkKAthg8yU9sOnajhrwZMZdHXsPUzXjc&dib_tag=se&keywords=gpu&qid=1775433831&sprefix=gp%2Caps%2C387&sr=8-248&xpid=kRTaaIQ0Ql4iY","https://m.media-amazon.com/images/I/71sQ0ncdF-L._AC_UY218_.jpg","","ASUS ProArt GeForce RTX™ 4070 OC Edition 12GB GDDR6X Graphics Card (PCIe 4.0, 12GB GDDR6X, DLSS 3, HDMI 2.1, DisplayPort 1.4a)","4.7","(69)","$760.10","","","","FREE delivery","Fri, Apr 17","Apr 14 - 16"
"50+ bought in past month","https://www.amazon.com/StarTech-com-Thunderbolt-PCIe-Expansion-Chassis/dp/B075RJHLB4/ref=sr_1_249?crid=346W5D56T0W20&dib=eyJ2IjoiMSJ9.KW8q4YDhTBmNF8H-kMQJ3D4VrT9q4fJH9UOSFh8Kfw-gBLlFeLAWDYrkpOViXvzv2mzBha69Dc3dCucRtToa8yg6AugA_57rIN7qLXG2OJjasZp1lwNog3HI7VDxJACcl4Gp9KeawBU67snWH0KU2nk-g-WUwI_tYVhg90kK32cnGuWeJU7QNPL0-EvIfumowNNvsWV7CVFkJdaf0KQ4CvlDaFD4yZS1GpcLbI5aR-8.pUWCfcpEtytQkKAthg8yU9sOnajhrwZMZdHXsPUzXjc&dib_tag=se&keywords=gpu&qid=1775433831&sprefix=gp%2Caps%2C387&sr=8-249&ufe=app_do%3Aamzn1.fos.5998aa40-ec6f-4947-a68f-cd087fee0848&xpid=kRTaaIQ0Ql4iY","https://m.media-amazon.com/images/I/81qNZoZTseL._AC_UY218_.jpg","","StarTech Thunderbolt 3 PCIe Expansion Chassis, External Enclosure With One PCI Express Slot for Laptops / Desktops, TAA","4.3","(143)","$288.00","$319.99","$319.99","Overnight","FREE delivery","Overnight 7 AM - 11 AM",""
"Only 7 left in stock - order soon.","https://www.amazon.com/ASUS-Graphics-DisplayPort-Full-coverage-radiator/dp/B0966YJGLT/ref=sr_1_250?crid=346W5D56T0W20&dib=eyJ2IjoiMSJ9.KW8q4YDhTBmNF8H-kMQJ3D4VrT9q4fJH9UOSFh8Kfw-gBLlFeLAWDYrkpOViXvzv2mzBha69Dc3dCucRtToa8yg6AugA_57rIN7qLXG2OJjasZp1lwNog3HI7VDxJACcl4Gp9KeawBU67snWH0KU2nk-g-WUwI_tYVhg90kK32cnGuWeJU7QNPL0-EvIfumowNNvsWV7CVFkJdaf0KQ4CvlDaFD4yZS1GpcLbI5aR-8.pUWCfcpEtytQkKAthg8yU9sOnajhrwZMZdHXsPUzXjc&dib_tag=se&keywords=gpu&qid=1775433831&sprefix=gp%2Caps%2C387&sr=8-250&xpid=kRTaaIQ0Ql4iY","https://m.media-amazon.com/images/I/71V2aRJcSsS._AC_UY218_.jpg","","ASUS ROG Strix LC AMD Radeon™ RX 6900 XT TOP Edition Gaming Graphics Card (AMD RDNA™ 2, PCIe 4.0, 16GB GDDR6, HDMI 2.1, DisplayPort 1.4a, Full-coverage cold plate, 240mm radiator, 600mm tubing)","4.4","(28)","$1,490.99","","","","FREE delivery","Sat, Apr 11","Apr 7 - 8"
"Only 18 left in stock - order soon.","https://www.amazon.com/WS-X299-SAGE-Motherboard-Processors/dp/B078SHB83W/ref=sr_1_251?crid=346W5D56T0W20&dib=eyJ2IjoiMSJ9.KW8q4YDhTBmNF8H-kMQJ3D4VrT9q4fJH9UOSFh8Kfw-gBLlFeLAWDYrkpOViXvzv2mzBha69Dc3dCucRtToa8yg6AugA_57rIN7qLXG2OJjasZp1lwNog3HI7VDxJACcl4Gp9KeawBU67snWH0KU2nk-g-WUwI_tYVhg90kK32cnGuWeJU7QNPL0-EvIfumowNNvsWV7CVFkJdaf0KQ4CvlDaFD4yZS1GpcLbI5aR-8.pUWCfcpEtytQkKAthg8yU9sOnajhrwZMZdHXsPUzXjc&dib_tag=se&keywords=gpu&qid=1775433831&sprefix=gp%2Caps%2C387&sr=8-251&xpid=kRTaaIQ0Ql4iY","https://m.media-amazon.com/images/I/712qWOSR-dL._AC_UY218_.jpg","","ASUS WS X299 SAGE LGA2066 DDR4 M.2 U.2 X299 CEB Motherboard for Intel Core X-Series Processors with Quad-GPU Support, DDR4 4200MHz, Dual M.2 & U.2 Support","4.0","(31)","$528.32","","","","FREE delivery","Apr 8 - 9",""
"","https://www.amazon.com/RIITOP-Enclosure-Compatible-Thunderbolt-External/dp/B0F8VDLHC8/ref=sr_1_252?crid=346W5D56T0W20&dib=eyJ2IjoiMSJ9.KW8q4YDhTBmNF8H-kMQJ3D4VrT9q4fJH9UOSFh8Kfw-gBLlFeLAWDYrkpOViXvzv2mzBha69Dc3dCucRtToa8yg6AugA_57rIN7qLXG2OJjasZp1lwNog3HI7VDxJACcl4Gp9KeawBU67snWH0KU2nk-g-WUwI_tYVhg90kK32cnGuWeJU7QNPL0-EvIfumowNNvsWV7CVFkJdaf0KQ4CvlDaFD4yZS1GpcLbI5aR-8.pUWCfcpEtytQkKAthg8yU9sOnajhrwZMZdHXsPUzXjc&dib_tag=se&keywords=gpu&qid=1775433831&sprefix=gp%2Caps%2C387&sr=8-252&xpid=kRTaaIQ0Ql4iY","https://m.media-amazon.com/images/I/71bWWKc7JVL._AC_UY218_.jpg","","RIITOP 40Gpbs eGPU Enclosure USB4.0 Compatible with Thunderbolt 4 External GPU Dock for PCIe 4.0 X16 Graphics Card","3.7","(9)","$198.99","","","Overnight","FREE delivery","Overnight 7 AM - 11 AM",""
"Small Business","https://www.amazon.com/Thermal-Grizzly-WireView-Pro-GPU/dp/B0F4KS3PP9/ref=sr_1_253?crid=346W5D56T0W20&dib=eyJ2IjoiMSJ9.KW8q4YDhTBmNF8H-kMQJ3D4VrT9q4fJH9UOSFh8Kfw-gBLlFeLAWDYrkpOViXvzv2mzBha69Dc3dCucRtToa8yg6AugA_57rIN7qLXG2OJjasZp1lwNog3HI7VDxJACcl4Gp9KeawBU67snWH0KU2nk-g-WUwI_tYVhg90kK32cnGuWeJU7QNPL0-EvIfumowNNvsWV7CVFkJdaf0KQ4CvlDaFD4yZS1GpcLbI5aR-8.pUWCfcpEtytQkKAthg8yU9sOnajhrwZMZdHXsPUzXjc&dib_tag=se&keywords=gpu&qid=1775433831&sprefix=gp%2Caps%2C387&sr=8-253&xpid=kRTaaIQ0Ql4iY","https://m.media-amazon.com/images/I/71g5C0XxOPL._AC_UY218_.jpg","","Thermal Grizzly WireView Pro GPU 90° - 1x12VHPWR 90° Reversed - Advanced Power Meter for Graphics Cards - OLED Display - Temperature Sensors - Monitoring Tool - Made in Germany","4.2","(15)","$78.99","","","Overnight","FREE delivery","Overnight 7 AM - 11 AM",""
"","https://www.amazon.com/Intel-Arc-Graphics-Cards-GDDR6/dp/B0DV9MKKLN/ref=sr_1_254?crid=346W5D56T0W20&dib=eyJ2IjoiMSJ9.KW8q4YDhTBmNF8H-kMQJ3D4VrT9q4fJH9UOSFh8Kfw-gBLlFeLAWDYrkpOViXvzv2mzBha69Dc3dCucRtToa8yg6AugA_57rIN7qLXG2OJjasZp1lwNog3HI7VDxJACcl4Gp9KeawBU67snWH0KU2nk-g-WUwI_tYVhg90kK32cnGuWeJU7QNPL0-EvIfumowNNvsWV7CVFkJdaf0KQ4CvlDaFD4yZS1GpcLbI5aR-8.pUWCfcpEtytQkKAthg8yU9sOnajhrwZMZdHXsPUzXjc&dib_tag=se&keywords=gpu&qid=1775433831&sprefix=gp%2Caps%2C387&sr=8-254&xpid=kRTaaIQ0Ql4iY","https://m.media-amazon.com/images/I/51C4223tDQL._AC_UY218_.jpg","","Intel Arc Pro A60 Graphics Cards 12 GB GDDR6 12,288 MB","5.0","(1)","$752.59","","","","$39 delivery","Apr 9 - 13",""
"Only 1 left in stock - order soon.","https://www.amazon.com/GIGABYTE-G6-1920x1200-i7-13620H-KF-H3US853SH/dp/B0CJK3YVB2/ref=sr_1_255?crid=346W5D56T0W20&dib=eyJ2IjoiMSJ9.KW8q4YDhTBmNF8H-kMQJ3D4VrT9q4fJH9UOSFh8Kfw-gBLlFeLAWDYrkpOViXvzv2mzBha69Dc3dCucRtToa8yg6AugA_57rIN7qLXG2OJjasZp1lwNog3HI7VDxJACcl4Gp9KeawBU67snWH0KU2nk-g-WUwI_tYVhg90kK32cnGuWeJU7QNPL0-EvIfumowNNvsWV7CVFkJdaf0KQ4CvlDaFD4yZS1GpcLbI5aR-8.pUWCfcpEtytQkKAthg8yU9sOnajhrwZMZdHXsPUzXjc&dib_tag=se&keywords=gpu&qid=1775433831&sprefix=gp%2Caps%2C387&sr=8-255&xpid=kRTaaIQ0Ql4iY","https://m.media-amazon.com/images/I/7160Q1UaMJL._AC_UY218_.jpg","","GIGABYTE G6 KF: 16"" FHD 1920x1200 165Hz - NVIDIA GeForce RTX 4060 Laptop GPU - Intel Core i7-13620H - 16GB DDR5 RAM - 512GB SSD - Win11 Home - Gaming Laptop (G6 KF-H3US853SH)","4.1","(120)","$1,499.00","","","Two-Day","FREE delivery","Tue, Apr 7",""
"Only 1 left in stock - order soon.","https://www.amazon.com/EVGA-GeForce-Copper-12G-P5-3969-KR-Backplate/dp/B09GW1CTSJ/ref=sr_1_256?crid=346W5D56T0W20&dib=eyJ2IjoiMSJ9.KW8q4YDhTBmNF8H-kMQJ3D4VrT9q4fJH9UOSFh8Kfw-gBLlFeLAWDYrkpOViXvzv2mzBha69Dc3dCucRtToa8yg6AugA_57rIN7qLXG2OJjasZp1lwNog3HI7VDxJACcl4Gp9KeawBU67snWH0KU2nk-g-WUwI_tYVhg90kK32cnGuWeJU7QNPL0-EvIfumowNNvsWV7CVFkJdaf0KQ4CvlDaFD4yZS1GpcLbI5aR-8.pUWCfcpEtytQkKAthg8yU9sOnajhrwZMZdHXsPUzXjc&dib_tag=se&keywords=gpu&qid=1775433831&sprefix=gp%2Caps%2C387&sr=8-256&xpid=kRTaaIQ0Ql4iY","https://m.media-amazon.com/images/I/81C9ac2TmFS._AC_UY218_.jpg","","EVGA GeForce RTX 3080 Ti FTW3 ULTRA HYDRO COPPER GAMING, 12G-P5-3969-KR, 12GB GDDR6X, ARGB LED, Metal Backplate","4.3","(18)","$1,398.00","","","","FREE delivery","Mon, Apr 13","Tue, Apr 7"
"200+ bought in past month","https://www.amazon.com/Glorto-GeForce-Profile-Graphics-Compatible/dp/B0CMH19G9W/ref=sr_1_257?crid=346W5D56T0W20&dib=eyJ2IjoiMSJ9.KW8q4YDhTBmNF8H-kMQJ3D4VrT9q4fJH9UOSFh8Kfw-gBLlFeLAWDYrkpOViXvzv2mzBha69Dc3dCucRtToa8yg6AugA_57rIN7qLXG2OJjasZp1lwNog3HI7VDxJACcl4Gp9KeawBU67snWH0KU2nk-g-WUwI_tYVhg90kK32cnGuWeJU7QNPL0-EvIfumowNNvsWV7CVFkJdaf0KQ4CvlDaFD4yZS1GpcLbI5aR-8.pUWCfcpEtytQkKAthg8yU9sOnajhrwZMZdHXsPUzXjc&dib_tag=se&keywords=gpu&qid=1775433831&sprefix=gp%2Caps%2C387&sr=8-257&xpid=kRTaaIQ0Ql4iY","https://m.media-amazon.com/images/I/71mo8FOHZIL._AC_UY218_.jpg","","GeForce GT 730 4G Low Profile Graphics Card, 2X HDMI, DP, VGA, DDR3, PCI Express 2.0 x8, Entry Level GPU for PC, SFF and HTPC, Compatible with Windows 11","4.4","(164)","$89.99","","","Overnight","FREE delivery","Overnight 7 AM - 11 AM",""
"Only 5 left in stock - order soon.","https://www.amazon.com/Gigabyte-GeForce-5070-Eagle-Graphics/dp/B0DTGPW43H/ref=sr_1_258?crid=346W5D56T0W20&dib=eyJ2IjoiMSJ9.KW8q4YDhTBmNF8H-kMQJ3D4VrT9q4fJH9UOSFh8Kfw-gBLlFeLAWDYrkpOViXvzv2mzBha69Dc3dCucRtToa8yg6AugA_57rIN7qLXG2OJjasZp1lwNog3HI7VDxJACcl4Gp9KeawBU67snWH0KU2nk-g-WUwI_tYVhg90kK32cnGuWeJU7QNPL0-EvIfumowNNvsWV7CVFkJdaf0KQ4CvlDaFD4yZS1GpcLbI5aR-8.pUWCfcpEtytQkKAthg8yU9sOnajhrwZMZdHXsPUzXjc&dib_tag=se&keywords=gpu&qid=1775433831&sprefix=gp%2Caps%2C387&sr=8-258&xpid=kRTaaIQ0Ql4iY","https://m.media-amazon.com/images/I/71WXaOjuGPL._AC_UY218_.jpg","","Gigabyte GeForce RTX 5070 Ti Eagle OC ICE SFF 16G Graphics Card - 16GB GDDR7, 256bit, PCI-E 5.0, 2542 MHz Core Clock, 3 x DP 2.1a, 1 x HDMI 2.1b, NVIDIA DLSS 4, GV-N507TEAGLEOC ICE-16GD","4.5","(89)","$1,210.95","","","","FREE delivery","Wed, Apr 8",""
"Typical:","https://www.amazon.com/PNY-NVIDIA-T1000-Graphic-Card/dp/B0992Q6BK1/ref=sr_1_259?crid=346W5D56T0W20&dib=eyJ2IjoiMSJ9.KW8q4YDhTBmNF8H-kMQJ3D4VrT9q4fJH9UOSFh8Kfw-gBLlFeLAWDYrkpOViXvzv2mzBha69Dc3dCucRtToa8yg6AugA_57rIN7qLXG2OJjasZp1lwNog3HI7VDxJACcl4Gp9KeawBU67snWH0KU2nk-g-WUwI_tYVhg90kK32cnGuWeJU7QNPL0-EvIfumowNNvsWV7CVFkJdaf0KQ4CvlDaFD4yZS1GpcLbI5aR-8.pUWCfcpEtytQkKAthg8yU9sOnajhrwZMZdHXsPUzXjc&dib_tag=se&keywords=gpu&qid=1775433831&sprefix=gp%2Caps%2C387&sr=8-259&xpid=kRTaaIQ0Ql4iY","https://m.media-amazon.com/images/I/614FAzdyI3L._AC_UY218_.jpg","","PNY NVIDIA T1000","4.5","(36)","$317.00","$339.00","$339.00","Two-Day","FREE delivery","Tue, Apr 7",""
"","https://www.amazon.com/Asrock-Phantom-2200MHz-Cooling-Overclocked/dp/B0BN77VQGK/ref=sr_1_260?crid=346W5D56T0W20&dib=eyJ2IjoiMSJ9.KW8q4YDhTBmNF8H-kMQJ3D4VrT9q4fJH9UOSFh8Kfw-gBLlFeLAWDYrkpOViXvzv2mzBha69Dc3dCucRtToa8yg6AugA_57rIN7qLXG2OJjasZp1lwNog3HI7VDxJACcl4Gp9KeawBU67snWH0KU2nk-g-WUwI_tYVhg90kK32cnGuWeJU7QNPL0-EvIfumowNNvsWV7CVFkJdaf0KQ4CvlDaFD4yZS1GpcLbI5aR-8.pUWCfcpEtytQkKAthg8yU9sOnajhrwZMZdHXsPUzXjc&dib_tag=se&keywords=gpu&qid=1775433831&sprefix=gp%2Caps%2C387&sr=8-260&xpid=kRTaaIQ0Ql4iY","https://m.media-amazon.com/images/I/81fZhE70MbL._AC_UY218_.jpg","","Asrock Intel Arc A770 Phantom Gaming D 8GB OC, 8GB DDR6, PCIe4, HDMI, 3 DP, 2200MHz Clock, 0dB Cooling, RGB, Overclocked","3.3","(23)","","","","","","",""
"","https://www.amazon.com/sspa/click?ie=UTF8&spc=MTo4MTA4NTgwNDQzNzM1NDMwOjE3NzU0MzM4MzE6c3BfYnRmOjMwMTIwNjAwOTc2NTQwMjo6MDo6&url=%2FNIVXE-Compatible-Backplate-Dissipation-Protection%2Fdp%2FB0FZFWJTDY%2Fref%3Dsr_1_261_sspa%3Fcrid%3D346W5D56T0W20%26dib%3DeyJ2IjoiMSJ9.KW8q4YDhTBmNF8H-kMQJ3D4VrT9q4fJH9UOSFh8Kfw-gBLlFeLAWDYrkpOViXvzv2mzBha69Dc3dCucRtToa8yg6AugA_57rIN7qLXG2OJjasZp1lwNog3HI7VDxJACcl4Gp9KeawBU67snWH0KU2nk-g-WUwI_tYVhg90kK32cnGuWeJU7QNPL0-EvIfumowNNvsWV7CVFkJdaf0KQ4CvlDaFD4yZS1GpcLbI5aR-8.pUWCfcpEtytQkKAthg8yU9sOnajhrwZMZdHXsPUzXjc%26dib_tag%3Dse%26keywords%3Dgpu%26qid%3D1775433831%26sprefix%3Dgp%252Caps%252C387%26sr%3D8-261-spons%26xpid%3DkRTaaIQ0Ql4iY%26sp_csd%3Dd2lkZ2V0TmFtZT1zcF9idGY%26psc%3D1","https://m.media-amazon.com/images/I/41G+ur5ImVL._AC_UY218_.jpg","Sponsored","Compatible with GIGABYTE GeForce RTX 5060/5050 OC Low Profile 8G Graphics Card, Custom Aluminum GPU Backplate Rear Panel Cover for Improved Heat Dissipation and PCB Protection","4.1","(9)","$38.99","","","Overnight","FREE delivery","Overnight 7 AM - 11 AM",""
"","https://www.amazon.com/sspa/click?ie=UTF8&spc=MTo4MTA4NTgwNDQzNzM1NDMwOjE3NzU0MzM4MzE6c3BfYnRmOjMwMDA4MDMwMDI4NDgwMjo6MDo6&url=%2F51RISC-Graphics-128-bit-DirectX-Computer%2Fdp%2FB0BY8KTC9Y%2Fref%3Dsr_1_262_sspa%3Fcrid%3D346W5D56T0W20%26dib%3DeyJ2IjoiMSJ9.KW8q4YDhTBmNF8H-kMQJ3D4VrT9q4fJH9UOSFh8Kfw-gBLlFeLAWDYrkpOViXvzv2mzBha69Dc3dCucRtToa8yg6AugA_57rIN7qLXG2OJjasZp1lwNog3HI7VDxJACcl4Gp9KeawBU67snWH0KU2nk-g-WUwI_tYVhg90kK32cnGuWeJU7QNPL0-EvIfumowNNvsWV7CVFkJdaf0KQ4CvlDaFD4yZS1GpcLbI5aR-8.pUWCfcpEtytQkKAthg8yU9sOnajhrwZMZdHXsPUzXjc%26dib_tag%3Dse%26keywords%3Dgpu%26qid%3D1775433831%26sprefix%3Dgp%252Caps%252C387%26sr%3D8-262-spons%26xpid%3DkRTaaIQ0Ql4iY%26sp_csd%3Dd2lkZ2V0TmFtZT1zcF9idGY%26psc%3D1","https://m.media-amazon.com/images/I/71Fwq34cf6L._AC_UY218_.jpg","Sponsored","Radeon RX 550 Graphics Card, 4GB GDDR5 128-bit DirectX 12 PCI Express 3.0 DP/HDMI/DVI-D ATX/ITX Computer Gaming Video Card 4K Display Card","4.5","(38)","$85.99","","","","FREE delivery  for Prime members","Apr 24 - May 20",""
"200+ bought in past month","https://aax-us-east-retail-direct.amazon.com/x/c/JAjCSr776Ap8zgsEvVwV62oAAAGdYBpUXQEAAAH2AQBvbm9fdHhuX2JpZDEgICBvbm9fdHhuX2ltcDEgICDNFm2N/clv1c_ek-wwoHXFcbWDYHOHovrp12WPjERPZsaVegG6kEil_OEQdWN8gmHRKaH9nCIsNP_feF6_qjQtN-Te0EVLGKFuVVVfzxZ86OcUheFEtXGSv0IDdt2acDGIXi4orz1IhKEga5xU2dL1VdJQ2G6hTUu21Hcso1sFoBi8pVxLTVrSYy20ThlX9B5jAn4rFS-ft4oyfafVuNjzyxAlZew5hzkErL3WAlSiqomoZlh4YRb05VRUx5GPWKKkrG6nbNfXxg1Un7cJ47hJgjKFtm2uA4x4hUHvDsLgpT3TYRvFU9wX9R0o80qmheh3O6qMWjCS8tisxCYBJ9zBigsJvnpDSdbxBSjCBcE92hOKZCEGZk0ictmPJn5ND_nGHQTd1uDdJ7yUmrjV3PHfj9vFb7Qjh-64zl_9OdLXTcmFuILhegiw02sHRGt4obgrbI9pIulSaARGNM6CfiuETpwOW1W291IhLEVwOHoKy1CgFILzfYOIBezvYpb513UxPhIZQXxTKx7Y_M-H2LFwPFeUA-Y4oiD8u33mdeHmwOFh7kmjQLOFG2EM0dDQh_uNf-bDdf9ZHLbHKSQSK1pRYEs-aU4C5hm355MnW8TUeEPQDpvcoHFHEPUFT5Bo0rtb74ZxiN9OWhzxif5IXrzTuPH-Y0XdkDybbE16ZnMOm5NbwGe5lKT4gfa-8Q8bzMVOyGv7X1Z19EZkS8F3v6NWao3_2vVN7q_q0BSxW4N5RdOcUqsgXIem6j7RGq9dAxVuA4_6ac8m-E9ppNWLkfMZZKS3s-amyb-RbkseyklZz-AN3C8YM5b-bDqa17J8el8DX_JOixvd7dFnNSTrGREakaN5DpPUKMbvLbiVzenXfSm5ofVwXrXgIyL0qsl5L_DM4_pGpj_r0MyMrCVQq2sDwhMfG3w3hGWZhnucMAsfoX2tLjllx4Uu7D5ulKOTc36iREVlpf6HT60bMiLxie9MhjxTMHnUKi6EbhBeD1DY4G1v4HZIx0213cSu6BqjYr1X0SY7ThTwsRzGpSiIU63xZi6FQuzLH1bmzQn0Omu2fgDxgay5GTfrgU9OJERPQ8DLYnSrpho/https://www.amazon.com/dp/B0F4M5DZK9?pd_rd_i=B0F4M5DZK9&pf_rd_p=2c8e5d59-6279-4999-832d-be45d1ca8e79&pf_rd_r=NH2ZYSJYSPZSDDB76F0H&pd_rd_wg=xwzUd&pd_rd_w=AcbJP&pd_rd_r=1f2c0032-04c4-45ee-8080-997c12725a8f","https://m.media-amazon.com/images/I/61N0I1UIyJL._AC_UL640_QL65_.jpg","","Thermal Paste for Computer CPU GPU Laptop 12.8W/mk Made in USA 4 Gram High Thermal Conductivity - Non Corrosive/Non-Conductive All Processor","4.7","Sponsored","$5.49","","","Overnight","FREE delivery  on $25 of qualifying items","Overnight 7 AM - 11 AM",""
"cpu","https://www.amazon.com/s?k=cpu&ref=rsl_sug_0_0&pd_rd_w=4rCio&content-id=amzn1.sym.3be64970-3b95-4a6d-a45d-78077a3ff871:amzn1.sym.3be64970-3b95-4a6d-a45d-78077a3ff871&pf_rd_p=3be64970-3b95-4a6d-a45d-78077a3ff871&pf_rd_r=NH2ZYSJYSPZSDDB76F0H&pd_rd_wg=xwzUd&pd_rd_r=1f2c0032-04c4-45ee-8080-997c12725a8f&qid=1775433831","","","","","","","","","","","",""
"","","","","","","","","","","","","",""
"","https://aax-us-east-retail-direct.amazon.com/x/c/JHbjiJ7Pl_VToMlG04KcPeMAAAGdYBpVVgEAAAH2AQBvbm9fdHhuX2JpZDUgICBvbm9fdHhuX2ltcDIgICA9YXmH/clv1c_ek-wwofXLdTCDtVAul8TgMCVbgx7K6YTsNj2hHdPyXUCm-57i0WOQnfQO_D7fUqDNAFsPW8_AhUc3D-a-12iNNMJiyH7PCp56Oe09_PqWXcwJUxbuqniHmXqwD-ER-aXvAknsBHoBDcI3zIgTMdg_aA7IL1dFRDsCM_k2D0O5X6uc55rY72_CGuQgjTIwFmfF6HNZBEKG5GjXcajtckNNKFR-RcrtiTXsSfRgF0dL8oAU313kimKFHQnipebdciGiMy1E3FtTKfjmMigeU9G3Na2tOI4OESZo7O2cCidPZvxbrXTxH11Avw-mNsHzOzQs9xCD6rs490asnC5KHxTik2rQUiyPeEPBNxhqeHTUc5m3a25ClcS0td0mJzd13tKsj-7yNMIz6L5Z3q1W73xjwp9mhDdJ5POxQ6kkOjaG-uadu9I8msedAUEtI3RweLVslvX88R8M97ib2O4TRYNLeRnRNPtYldK8IPfJgUE-ngB6KC2x9v9RIeiv-SNIp9BGYAM_DpGymhXlEle8F2ihS8m3J4-k42J3865KznMSkRUmoP-Q7VaJQTGpgT1_4N7l8qKyektOUoeYXjofY3V8ihX625QLEWE3QMtoE5CLwsaaqcA5M9xC04VCiePRk7cdzwBDGLky1ZYWOzIWA5NFK1QMGwo99jCL0-zA5HwdhdMR4M1uW89jl2zA2lnxpn8_PxwYXpU1cbxDR19FQcnBrPM6_megIopKxU-10fFLE-FT22ig1qgC2Pm61mWaVxwbvA6MUtn4Xsd7sZ5FV5I8TrYv7OD8-Y-I8NKVt0CeVG-M1KziIQMiVW4uX-Z9G_DD8-2IlGX4ePCfXiisbKS4bKmhtQWryUK3v8BUPZ9m9iTSNYhThOwYK7uQ3a0SGDz_PLK7vE90s-Y-OytIfccjdIBF11FyZY43GpSkdKA6cFAxNQvT4o6XrQ1Z7ThPkUeUZJMf2Wk-LPU8mzWHtlEGeRZdum-y9lxKmGtCk64iGkLWkaeYRNcm9tyHxFtznTQBnHZqAFRQ5-t-DfcyqvIJJ9J_MpjEvGl-tn59AHqVqY_lLs/https://www.amazon.com/stores/page/C5C2F7A1-A824-464D-9A57-796C998E6970/?_encoding=UTF8&store_ref=SB_A0915500OT8JCNAZFSO0-A0872516ZHWAQQQAVDXZ&pd_rd_plhdr=t&aaxitk=8a30c99615ce599d539c88559d41ea58&hsa_cr_id=0&lp_asins=B01MSSJ32J&lp_query=gpu&lp_slot=desktop-hsa-3psl&ref_=sbx_be_s_3psl_mbd_mb0_bkgd&pd_rd_w=SmvQn&content-id=amzn1.sym.7d5eb573-01e8-49db-b262-65baa247c724%3Aamzn1.sym.7d5eb573-01e8-49db-b262-65baa247c724&pf_rd_p=7d5eb573-01e8-49db-b262-65baa247c724&pf_rd_r=NH2ZYSJYSPZSDDB76F0H&pd_rd_wg=R9Kw1&pd_rd_r=d69c841f-ffb4-4227-adf8-5846d261754f","","","","","","","","","","","",""
"","https://aax-us-east-retail-direct.amazon.com/x/c/JLMWrMtBUXOvUZYvPe73UJcAAAGdYBplAQEAAAH2AQBvbm9fdHhuX2JpZDEgICBvbm9fdHhuX2ltcDIgICDaNfCu/clv1c_ek-wwoHXFcbaDoHOEIvrJ16WPjERPZsatbfmx31i_nsz0cgSsg8DKfoWgQGl4N7LfJza4BkSA1QEq1jtZvwBJ8sxcNnDpu-ZfwBb7tUhfEZJiwuQZ0RR7c365MN-Mj05JmgtkiELkhrPKFu8i8QnkpHZupVcV1YrMkaxyqGnwJ0FTfpqWy66uRsA0RIqrAlo6veI80dhFfPe59xLnkBy-nYINBS1yVyrFmQk7EirXhqpeJzeh4H0rDc_Re0lmL--hKYT-FeSxl9V5rNB8CPlk9mBMVhkOe_THb1hpZdZD9QRwvUlnmX6F-h-hbR5X0vgtCPEEJQxnnGNdwWNSiHrrSDyEKOWCGg7v1btaLN9ehClP1dTeQKt5huG4_JwC63qPVbb_ru5Ggvb9ZglGFfngls_9lZAEb4RmTXFRcK0yoiTs6Nt7zYcT-dWt0hIQmRkSnE3A3RMcuy5L5zbXAP2PSL6DFZChOwexUovg5yPkBr0_7MBmeqzvYis4kKQkDMptfolqf5ymmY5cFjEOf5vw3BmvX8R0IMA25_C8FLLIorgjm7U4E7qmZnAuxsG8y7BkxOT1ZUL3FqA1L_K7nDF67kyz5NAAhPKl2G3mI8FlaH1HUAESKcO3b3iV7wU8wOTMil6il8XNiIoH0VBEQhziFn7mA9qaX-11QctY6d4k_qxtaYyKmGdmOAG9vH1u-qSe3Er3dhAYKbDJPr0qeYv3hRkY-1pBa2_QesGX4aZ4EI5OGsavIstveWyFFRZKczlkKkVifMpQmLUmkOtfA0LLCpNTkIPwDg7MCivM44F7uSeIyqz64-R8BFJcMZBDNrwdwL-QQSvp-pL4JWwDJI38aUwr9YW1nVUcnn4-h4Gp4YTSGr9GMzGnLUc1dKHIYNvVxT6_qJcwJy6b9H8b3HwQ7Y_vINwE2r0cBanI_RO7bzdlqXm_rmsc-MJBeKGuU3NI8vczw9GXlBVHnr922inW5duBiN5el4FHQ95RD0ctBy_-db8G97810Banqp4nYJILMnysBDGriylOLZYVUGuUx-VE135lVUWI5AF28FDKw3jvPBeuH1ayQAGgZKYsZ1Pjw/https://www.amazon.com/stores/page/ACB5F6B0-CD2A-4CD9-B965-C9D35F036168/?_encoding=UTF8&store_ref=SB_A0876420QSEBYHBF69N-A0592309353D2H55MQ7QV&pd_rd_plhdr=t&aaxitk=f23219485f2b8f58824b415228409395&hsa_cr_id=0&lp_asins=B0GLF2KYKN%2CB0DRP316J1%2CB0F8QKDY2S&lp_query=gpu&lp_slot=auto-sparkle-hsa-tetris&ref_=sbx_s_sparkle_sbtcd_bkgd&pd_rd_w=qCeKv&content-id=amzn1.sym.15c9e6e9-b83a-41a9-bfc7-ecd1e6138b44%3Aamzn1.sym.15c9e6e9-b83a-41a9-bfc7-ecd1e6138b44&pf_rd_p=15c9e6e9-b83a-41a9-bfc7-ecd1e6138b44&pf_rd_r=7DC6JK6HV35M9FJR881F&pd_rd_wg=p9vdn&pd_rd_r=e86bfad1-fdb5-4245-966c-6d9a6056c5c7","","","","","|","$1,689.00","$1,499.00","","","","",""
"2K+ bought in past month","https://www.amazon.com/sspa/click?ie=UTF8&spc=MToxNzcwODY2MDY2MzU2NDI1OjE3NzU0MzM4MzU6c3BfYXRmX25leHQ6MzAxMjMxNDAyMDAwNjAyOjowOjo&url=%2FDell-Plus-QHD-Monitor-Adjustability%2Fdp%2FB0GD1LMWH3%2Fref%3Dsr_1_257_sspa%3Fcrid%3D346W5D56T0W20%26dib%3DeyJ2IjoiMSJ9.Q92RNdHw0Hd98nd8KAiPYJt8UMOSGDUFtkfWdAszgMyVtp2GcIyXG0nnSh4TA02XVe_-hlZxm3U0HkzSBIfv82BlXoS3ShfNqzpV5T13EqNQKJztXsF7PGCxJn55PBhepPgd9HxF_-ejB83LUWCoEm8XoGJDMjP0TCg-dPoe9ekiaRwhNoXA3WHbQJ5ld4tGnxjhzPP0G-0o1tXpoKmTXTQzviEkRDr1g_jGj2A8loA.ZmyhXmlAYFVZBgtoCd-98umNhcB-EJYllMgvS2-z5DI%26dib_tag%3Dse%26keywords%3Dgpu%26qid%3D1775433835%26sprefix%3Dgp%252Caps%252C387%26sr%3D8-257-spons%26ufe%3Dapp_do%253Aamzn1.fos.5998aa40-ec6f-4947-a68f-cd087fee0848%26xpid%3DkRTaaIQ0Ql4iY%26sp_csd%3Dd2lkZ2V0TmFtZT1zcF9hdGZfbmV4dA%26psc%3D1","https://m.media-amazon.com/images/I/71E--5UD9vL._AC_UY218_.jpg","Sponsored","Dell 27 Plus QHD Monitor - S2725DSM - 27-inch QHD (2560x1440) 144Hz 1ms Display, 2 x 3W Speakers, HDMI/DisplayPort 1.4 Connectivity, Height/Tilt/Pivot/Swivel Adjustability, AMD FreeSync - Ash White","4.9","(22)","$219.99","","$44.00","Two-Day","FREE delivery","Tue, Apr 7",""
"Typical:","https://www.amazon.com/sspa/click?ie=UTF8&spc=MToxNzcwODY2MDY2MzU2NDI1OjE3NzU0MzM4MzU6c3BfYXRmX25leHQ6MzAxMDgyMzY5NDYxNDAyOjowOjo&url=%2FGraphene-Thermal-Pad-33%25C3%259733%25C3%25970-2mm-Conductivity%2Fdp%2FB0FLDZWYFW%2Fref%3Dsr_1_258_sspa%3Fcrid%3D346W5D56T0W20%26dib%3DeyJ2IjoiMSJ9.Q92RNdHw0Hd98nd8KAiPYJt8UMOSGDUFtkfWdAszgMyVtp2GcIyXG0nnSh4TA02XVe_-hlZxm3U0HkzSBIfv82BlXoS3ShfNqzpV5T13EqNQKJztXsF7PGCxJn55PBhepPgd9HxF_-ejB83LUWCoEm8XoGJDMjP0TCg-dPoe9ekiaRwhNoXA3WHbQJ5ld4tGnxjhzPP0G-0o1tXpoKmTXTQzviEkRDr1g_jGj2A8loA.ZmyhXmlAYFVZBgtoCd-98umNhcB-EJYllMgvS2-z5DI%26dib_tag%3Dse%26keywords%3Dgpu%26qid%3D1775433835%26sprefix%3Dgp%252Caps%252C387%26sr%3D8-258-spons%26xpid%3DkRTaaIQ0Ql4iY%26sp_csd%3Dd2lkZ2V0TmFtZT1zcF9hdGZfbmV4dA%26psc%3D1","https://m.media-amazon.com/images/I/81e3zGqk3wL._AC_UY218_.jpg","Sponsored","Graphene Thermal Pad 33×33×0.2mm – 100W/m·K High Conductivity – Perfect Alternative to Thermal Paste for Small GPU/CPU/Peripheral Chips – Reusable","4.4","(30)","$19.99","$22.99","$22.99","Overnight","FREE delivery  on $25 of qualifying items","Overnight 7 AM - 11 AM",""
"","https://www.amazon.com/EZDIY-FAB-High-Speed-Compatible-Full-Opened-Slots-White-YIHPI344-3/dp/B0CP3MZZ75/ref=sr_1_259?crid=346W5D56T0W20&dib=eyJ2IjoiMSJ9.Q92RNdHw0Hd98nd8KAiPYJt8UMOSGDUFtkfWdAszgMyVtp2GcIyXG0nnSh4TA02XVe_-hlZxm3U0HkzSBIfv82BlXoS3ShfNqzpV5T13EqNQKJztXsF7PGCxJn55PBhepPgd9HxF_-ejB83LUWCoEm8XoGJDMjP0TCg-dPoe9ekiaRwhNoXA3WHbQJ5ld4tGnxjhzPP0G-0o1tXpoKmTXTQzviEkRDr1g_jGj2A8loA.ZmyhXmlAYFVZBgtoCd-98umNhcB-EJYllMgvS2-z5DI&dib_tag=se&keywords=gpu&qid=1775433835&sprefix=gp%2Caps%2C387&sr=8-259&xpid=kRTaaIQ0Ql4iY","https://m.media-amazon.com/images/I/71ICtfxLz-L._AC_UY218_.jpg","","EZDIY-FAB Vertical GPU Mount with High-Speed PCIE 4.0 Riser Cable, ARGB Module, 115mm/4.52in Flexible Extension, 90 Degree Connector, Only Compatible to Full-Opened PCIe Slots-White-YIHPI344-3","4.2","(226)","$49.99","","","Overnight","FREE delivery","Overnight 7 AM - 11 AM",""
"","https://www.amazon.com/Sapphire-11330-01-20G-Radeon-Gaming-Graphics/dp/B0CFX69R1R/ref=sr_1_260?crid=346W5D56T0W20&dib=eyJ2IjoiMSJ9.Q92RNdHw0Hd98nd8KAiPYJt8UMOSGDUFtkfWdAszgMyVtp2GcIyXG0nnSh4TA02XVe_-hlZxm3U0HkzSBIfv82BlXoS3ShfNqzpV5T13EqNQKJztXsF7PGCxJn55PBhepPgd9HxF_-ejB83LUWCoEm8XoGJDMjP0TCg-dPoe9ekiaRwhNoXA3WHbQJ5ld4tGnxjhzPP0G-0o1tXpoKmTXTQzviEkRDr1g_jGj2A8loA.ZmyhXmlAYFVZBgtoCd-98umNhcB-EJYllMgvS2-z5DI&dib_tag=se&keywords=gpu&qid=1775433835&sprefix=gp%2Caps%2C387&sr=8-260&xpid=kRTaaIQ0Ql4iY","https://m.media-amazon.com/images/I/91g3-mnMQ-L._AC_UY218_.jpg","","Sapphire 11330-01-20G Nitro+ AMD Radeon RX 7800 XT Gaming Graphics Card with 16GB GDDR6, AMD RDNA 3","4.8","(336)","","","","","","",""
"Save 5%","https://www.amazon.com/sspa/click?ie=UTF8&spc=MToxNzcwODY2MDY2MzU2NDI1OjE3NzU0MzM4MzU6c3BfbXRmOjMwMDA4MDEyODgxOTMwMjo6MDo6&url=%2FGraphics-Support-Multimedia-Interface-DirectX%2Fdp%2FB0CLS7DQBF%2Fref%3Dsr_1_261_sspa%3Fcrid%3D346W5D56T0W20%26dib%3DeyJ2IjoiMSJ9.Q92RNdHw0Hd98nd8KAiPYJt8UMOSGDUFtkfWdAszgMyVtp2GcIyXG0nnSh4TA02XVe_-hlZxm3U0HkzSBIfv82BlXoS3ShfNqzpV5T13EqNQKJztXsF7PGCxJn55PBhepPgd9HxF_-ejB83LUWCoEm8XoGJDMjP0TCg-dPoe9ekiaRwhNoXA3WHbQJ5ld4tGnxjhzPP0G-0o1tXpoKmTXTQzviEkRDr1g_jGj2A8loA.ZmyhXmlAYFVZBgtoCd-98umNhcB-EJYllMgvS2-z5DI%26dib_tag%3Dse%26keywords%3Dgpu%26qid%3D1775433835%26sprefix%3Dgp%252Caps%252C387%26sr%3D8-261-spons%26xpid%3DkRTaaIQ0Ql4iY%26sp_csd%3Dd2lkZ2V0TmFtZT1zcF9tdGY%26psc%3D1","https://m.media-amazon.com/images/I/61saePC26RL._AC_UY218_.jpg","Sponsored","Gaming 730 2GB DDR3 Graphics Card 128bit 5Gbps Graphics Card Support DVI VGA HD Multimedia Interface, DirectX 12 GPU Gaming Graphics Card","","","$67.29","","","","FREE delivery","Apr 16 - 27",""
"| Based on star rating and number of customer ratings","https://www.amazon.com/s?k=gpu&page=17&crid=346W5D56T0W20&qid=1775433831&sprefix=gp%2Caps%2C387&xpid=kRTaaIQ0Ql4iY&ref=sr_pg_16#","https://m.media-amazon.com/images/I/71ICtfxLz-L._AC_UL320_.jpg","","","4.2","(226)","$49.99","$38.57","","Overnight","FREE delivery","Overnight 7 AM - 11 AM","Tue, Apr 7"
"","https://aax-us-east-retail-direct.amazon.com/x/c/JAxOgHozmgTnhE630_MbnM4AAAGdYBplAwEAAAH2AQBvbm9fdHhuX2JpZDMgICBvbm9fdHhuX2ltcDIgICAt1kOt/clv1c_ek-wwoH3FcbSDYHQdocZsmPkNLwbJvZA-aHhE_HiGUrWMk3jLkXV57d0_ztlvU1L-FPH8Fb_UBOJAm6mmV85__Z-AWmM3rGYdXuZziXnTAMJiHbz9p3Q8O7w_-mkt9LcKTUPSd9_nir-wRx5ftBp_0BbosHM9lSBCyTgTtGoDQMe9Jdtk0WOdf_xXE9YuJ0-ycyJkjvDFzfTfSSNRupouqoqxNWT3lJ_teRo8qv5irkSk_dn-K8jKFxmc-Cxkv6OCekBQEbYyPjRjYn43n9aWrYOoIS_pABdi7PJx8iiSjX7hfwBW_kgj3KLGmFr0fCxWq0AWeToNy6mXkjoehWcy-Z8CNPswuVgxn7mL9YSYhYuye9cM4BCDdJWnow8HpTf248Yg_2I2frrh0ytSq2eHiYIGGyT01HEm5E2WtQYzF4t8Hafjd85PF3CfPA_zBM69X98rD4CVEiki_7stgGV5mRwBbW6MTG3aJjajbl75gyYLG_EoSBvlk2xunhRSbuDE9gyH_Ks2Pc_8JjHjCPdK7EBPn810brf85Qe8iP51744-jh6GMhDOqDYyUdP2pxqssCbQmr5dGLVjd4DO3jKTZKe3KpBhjoXkFJV_LDgLfGV0NWbKD4Gj0yCp3iNrR35WU9N04ASESQQYKQiIUNqX6R1cDipnHkmzgLi12JXMYjgNhD18iR8FF5RaWGgKzfMZZdQRFZMqEFA62jcQnyiGGGwdc5YfaPlDrswX65gxep_3gnFMhdwIjrz5DEuPBM1s77QoZBwJqAuMMUCNkN53iRP0LN2PMEoJ1lm__poSCgTQU1E8B44HocULidmhhe3hAwqOfyHKfmmNQV8c8-LArBzJObvBmdMOtEH1lWjMxqJVeeofKaEBX7otuINdHputEy2gI-u5YmG59cQWhrgeQeHlYH391p_70AEYYn7OEAZP27e4tS84EyyqG32z3AAedBK1HxqpPMYn1Yvx0ViyQOG9eIE9kyVzVuuIwoOueiy3VbLi8XjiD-GRLBd4_hPBJ8rC8dbVVx-empe12_hx50YuUHbwcyM0kbrxbTiCPtNPvWFcitNQFklnVykCSQxWOFVATBY/https://www.amazon.com/stores/page/B916E14A-6EA6-40A0-B386-1C60ECE20F5C/?_encoding=UTF8&pd_rd_plhdr=t&pd_rd_i=B0FBX5HTST&ref_=sbx_be_s_sparkle_ssd_bkg&store_ref=SBV_A04921433J7IU47RF0WTL-A06432682QRORSKNFKCS5&lp_asins=B0FBX5HTST&pd_rd_w=wmyJo&content-id=amzn1.sym.a55e4c23-ba6c-4408-a37e-65ef6d7a1c73%3Aamzn1.sym.a55e4c23-ba6c-4408-a37e-65ef6d7a1c73&pf_rd_p=a55e4c23-ba6c-4408-a37e-65ef6d7a1c73&pf_rd_r=7DC6JK6HV35M9FJR881F&pd_rd_wg=PEy12&pd_rd_r=e39ef0c4-8f4c-468d-a9d2-f6f1043a6f80","","","","3.7","Shop","","","","","","",""
"","https://aax-us-east-retail-direct.amazon.com/x/c/JL8h1_auj9UJtp-h_3xmcFkAAAGdYBpk-AEAAAH2AQBvbm9fdHhuX2JpZDcgICBvbm9fdHhuX2ltcDEgICB-2Z7X/clv1c_ek-wwoHXFcbaDoHOEIvrJ16WPjERPZsaVWj6L16ChzcRiZbk2X5VrVJ7wvVkUGFgw4kaEFYJuF0b7LnbcO2yGs0cL1SRHaba8SZdCc7i6MwwXIwz9C1mA2qsxpHBur45mCJBK6b4dEc8ZvGMCsJue1Peqg2Kl0nYApgwdwcKrf_lOKssVz1-9UdhQRiNKzKg4JRDrntQt0e4-LWpk-gZni_NANHbFfszBSoXWrEZL-MuHUjdNQfAiVDYYBjKI6-YWfxCCSgqd9uehDmfRTqrqlC_g_S1kV8U2k98ShrbdtbmpFizxUt4GfdsFHulNK0YQkstiSR8Wp3Js5CQ0BwJrWFotij61w8sbctAYjlLjttmBT08nBvgOi31YdWs4AAYgfJUAEmgJG71FKw9xDfAI6piU6vIrOVaVCKggVaGMTtcs6EQOW8EygP0QCH_f1wrrrxH4Q9Y7UincSloq3_hOLmoKw-CMHe1f_e19YtJG8HbVx7pygcP--zly1bM-Fq7RYli_agaE7TdILUesVLplMbqxh0DEjJmNdyW8SeR8AcywJjdoVbFyCbB4rTLMVAtSRIfwjXYXR-GicFETpwyt0ktBvdXcCJNLLpDX8MgptLeUetmlztbdgRP0kTxLANzeZL2U5hLwYyVfPuNHbnyWeDBAqw5RwKtf9rNSg0j5H9K2al9CuC-ppTkBWV4PTupYfbXXTFfLeyyOgVyuNv0as0Z_3z2MSDZLcQK1iyfyQJkottZkRKpOgNTSKP9nko9MovDaQ9bj5ttofyv8jiLqQNysXZnHETBruL3O8gBcRSZNL3wtO6GN3Ovxnq7TlWmnAJFYdGBk3bFCE5ONd2zEZvjbhLpk3CK2mnL9vWVbyqBGnz4bustswVf7PUTzzToDYpnxEA6-Le3Sv3BLthJbswvI9w_aQP2b84NuVf9gEwhiyA6dIEHzytKbmP2icB6APh-cuynYqBYqTBB4BIzCx1DExemkvQtAkbkWCKAbog5nEFH-Jd4U5ikC0-Bf15sqAoBZ8bgBoNMyqfLbT6O_bTGfFOxA1lrsTWyyfekTsZU0uugqiF29L2DokfJxtOReuz_oPDzalAdrbShYupgzylPZX5jnhY/https://www.amazon.com/stores/page/3AE2EDDA-7CFB-442E-80B2-6AD9D9F36AA3/?_encoding=UTF8&store_ref=SB_A0518627ZQMNUJV450QY-A0563921292RFWOZMAJII&pd_rd_plhdr=t&aaxitk=272a79a595384f5701a71c719329e6ec&hsa_cr_id=0&lp_asins=B0BZC16C8J%2CB0C8CYVVC9%2CB0CLP57WF7&lp_query=gpu&lp_slot=desktop-inline&ref_=sbx__sbtcd2_bkgd&pd_rd_w=r0GzO&content-id=amzn1.sym.8a47ec59-c206-4272-83cb-e2017cc774b4%3Aamzn1.sym.8a47ec59-c206-4272-83cb-e2017cc774b4&pf_rd_p=8a47ec59-c206-4272-83cb-e2017cc774b4&pf_rd_r=7DC6JK6HV35M9FJR881F&pd_rd_wg=PEy12&pd_rd_r=e39ef0c4-8f4c-468d-a9d2-f6f1043a6f80","","","","4.4","|","$9.99","$14.99","","Overnight","FREE delivery  on $25 of qualifying items","Overnight 7 AM - 11 AM","Overnight 7 AM - 11 AM"
"Only 12 left in stock - order soon.","https://www.amazon.com/AMD-Radeon-W7500-Graphic-Card/dp/B0CK2DB8NY/ref=sr_1_262?crid=346W5D56T0W20&dib=eyJ2IjoiMSJ9.Q92RNdHw0Hd98nd8KAiPYJt8UMOSGDUFtkfWdAszgMyVtp2GcIyXG0nnSh4TA02XVe_-hlZxm3U0HkzSBIfv82BlXoS3ShfNqzpV5T13EqNQKJztXsF7PGCxJn55PBhepPgd9HxF_-ejB83LUWCoEm8XoGJDMjP0TCg-dPoe9ekiaRwhNoXA3WHbQJ5ld4tGnxjhzPP0G-0o1tXpoKmTXTQzviEkRDr1g_jGj2A8loA.ZmyhXmlAYFVZBgtoCd-98umNhcB-EJYllMgvS2-z5DI&dib_tag=se&keywords=gpu&qid=1775433835&sprefix=gp%2Caps%2C387&sr=8-262&xpid=kRTaaIQ0Ql4iY","https://m.media-amazon.com/images/I/61MSUMWwYqL._AC_UY218_.jpg","","AMD Radeon Pro W7500 Graphic Card - 8 GB GDDR6 - Full-Height, Desktop, DisplayPort Video Output Interface","4.9","(13)","$442.61","","","Two-Day","FREE delivery","Tue, Apr 7",""
"","https://www.amazon.com/LINKUP-Vertical-Graphics-Usable-RTX5090/dp/B0FJYK5TXK/ref=sr_1_263?crid=346W5D56T0W20&dib=eyJ2IjoiMSJ9.Q92RNdHw0Hd98nd8KAiPYJt8UMOSGDUFtkfWdAszgMyVtp2GcIyXG0nnSh4TA02XVe_-hlZxm3U0HkzSBIfv82BlXoS3ShfNqzpV5T13EqNQKJztXsF7PGCxJn55PBhepPgd9HxF_-ejB83LUWCoEm8XoGJDMjP0TCg-dPoe9ekiaRwhNoXA3WHbQJ5ld4tGnxjhzPP0G-0o1tXpoKmTXTQzviEkRDr1g_jGj2A8loA.ZmyhXmlAYFVZBgtoCd-98umNhcB-EJYllMgvS2-z5DI&dib_tag=se&keywords=gpu&qid=1775433835&sprefix=gp%2Caps%2C387&sr=8-263&xpid=kRTaaIQ0Ql4iY","https://m.media-amazon.com/images/I/71cE3nk0cNL._AC_UY218_.jpg","","LINKUP PCIE 5.0 Riser Cable | for Vertical GPU Mount | Right Angle | Graphics Card GPU Ready | Usable with PCIe 4.0 & RX 9070/ RTX5090 | 50cm (Total Length: 54cm)","4.3","(645)","$119.96","","","Two-Day","FREE delivery","Tue, Apr 7",""
"50+ bought in past month","https://www.amazon.com/MSI-RTX-3050-GAMING-6G/dp/B0CV1F6439/ref=sr_1_264?crid=346W5D56T0W20&dib=eyJ2IjoiMSJ9.Q92RNdHw0Hd98nd8KAiPYJt8UMOSGDUFtkfWdAszgMyVtp2GcIyXG0nnSh4TA02XVe_-hlZxm3U0HkzSBIfv82BlXoS3ShfNqzpV5T13EqNQKJztXsF7PGCxJn55PBhepPgd9HxF_-ejB83LUWCoEm8XoGJDMjP0TCg-dPoe9ekiaRwhNoXA3WHbQJ5ld4tGnxjhzPP0G-0o1tXpoKmTXTQzviEkRDr1g_jGj2A8loA.ZmyhXmlAYFVZBgtoCd-98umNhcB-EJYllMgvS2-z5DI&dib_tag=se&keywords=gpu&qid=1775433835&sprefix=gp%2Caps%2C387&sr=8-264&xpid=kRTaaIQ0Ql4iY","https://m.media-amazon.com/images/I/81gmMIMabGL._AC_UY218_.jpg","","msi Gaming RTX 3050, 6G Graphics Card (NVIDIA RTX 3050, 96-Bit, Boost Clock: 1507 MHz, 6GB GDDR6 14 Gbps, HDMI/DP, Ampere Architecture)","4.7","(234)","$219.99","","","Two-Day","FREE delivery","Tue, Apr 7",""
"","https://www.amazon.com/PowerColor-Hellhound-Spectral-Radeon-Graphics/dp/B0CL9LHSK4/ref=sr_1_265?crid=346W5D56T0W20&dib=eyJ2IjoiMSJ9.Q92RNdHw0Hd98nd8KAiPYJt8UMOSGDUFtkfWdAszgMyVtp2GcIyXG0nnSh4TA02XVe_-hlZxm3U0HkzSBIfv82BlXoS3ShfNqzpV5T13EqNQKJztXsF7PGCxJn55PBhepPgd9HxF_-ejB83LUWCoEm8XoGJDMjP0TCg-dPoe9ekiaRwhNoXA3WHbQJ5ld4tGnxjhzPP0G-0o1tXpoKmTXTQzviEkRDr1g_jGj2A8loA.ZmyhXmlAYFVZBgtoCd-98umNhcB-EJYllMgvS2-z5DI&dib_tag=se&keywords=gpu&qid=1775433835&sprefix=gp%2Caps%2C387&sr=8-265&xpid=kRTaaIQ0Ql4iY","https://m.media-amazon.com/images/I/81h3TvbCSEL._AC_UY218_.jpg","","PowerColor Hellhound Spectral White AMD Radeon RX 7800 XT 16GB GDDR6 Graphics Card","4.6","(105)","","","","","","",""
"","https://www.amazon.com/GeForce-DisplayPort-2-5-Slot-Axial-tech-Technology/dp/B0D4C487K8/ref=sr_1_266?crid=346W5D56T0W20&dib=eyJ2IjoiMSJ9.Q92RNdHw0Hd98nd8KAiPYJt8UMOSGDUFtkfWdAszgMyVtp2GcIyXG0nnSh4TA02XVe_-hlZxm3U0HkzSBIfv82BlXoS3ShfNqzpV5T13EqNQKJztXsF7PGCxJn55PBhepPgd9HxF_-ejB83LUWCoEm8XoGJDMjP0TCg-dPoe9ekiaRwhNoXA3WHbQJ5ld4tGnxjhzPP0G-0o1tXpoKmTXTQzviEkRDr1g_jGj2A8loA.ZmyhXmlAYFVZBgtoCd-98umNhcB-EJYllMgvS2-z5DI&dib_tag=se&keywords=gpu&qid=1775433835&sprefix=gp%2Caps%2C387&sr=8-266&xpid=kRTaaIQ0Ql4iY","https://m.media-amazon.com/images/I/81sgNoBQo+L._AC_UY218_.jpg","","Asus Dual GeForce RTX™ 4060 Ti EVO OC Edition 16GB GDDR6 (PCIe 4.0, 16GB GDDR6, DLSS 3, HDMI 2.1a, DisplayPort 1.4a, 2.5-Slot Design, Axial-tech Fan Design, 0dB Technology, and More)","4.7","(99)","","","","","","",""
"Only 2 left in stock - order soon.","https://www.amazon.com/NVIDIA-TITAN-Graphics-900-1G611-2530-000-Renewed/dp/B07NVWMK6L/ref=sr_1_267?crid=346W5D56T0W20&dib=eyJ2IjoiMSJ9.Q92RNdHw0Hd98nd8KAiPYJt8UMOSGDUFtkfWdAszgMyVtp2GcIyXG0nnSh4TA02XVe_-hlZxm3U0HkzSBIfv82BlXoS3ShfNqzpV5T13EqNQKJztXsF7PGCxJn55PBhepPgd9HxF_-ejB83LUWCoEm8XoGJDMjP0TCg-dPoe9ekiaRwhNoXA3WHbQJ5ld4tGnxjhzPP0G-0o1tXpoKmTXTQzviEkRDr1g_jGj2A8loA.ZmyhXmlAYFVZBgtoCd-98umNhcB-EJYllMgvS2-z5DI&dib_tag=se&keywords=gpu&qid=1775433835&sprefix=gp%2Caps%2C387&sr=8-267&xpid=kRTaaIQ0Ql4iY","https://m.media-amazon.com/images/I/41nAWFVfq9L._AC_UY218_.jpg","","NVIDIA TITAN Xp Graphics Card (900-1G611-2530-000) (Renewed)","4.4","(22)","$450.00","","","","FREE delivery","Apr 9 - 13","Wed, Apr 8"
"","https://www.amazon.com/PNY-NVIDIA-Blackwell-Max-Q-Accelerator/dp/B0FPZMMB23/ref=sr_1_268?crid=346W5D56T0W20&dib=eyJ2IjoiMSJ9.Q92RNdHw0Hd98nd8KAiPYJt8UMOSGDUFtkfWdAszgMyVtp2GcIyXG0nnSh4TA02XVe_-hlZxm3U0HkzSBIfv82BlXoS3ShfNqzpV5T13EqNQKJztXsF7PGCxJn55PBhepPgd9HxF_-ejB83LUWCoEm8XoGJDMjP0TCg-dPoe9ekiaRwhNoXA3WHbQJ5ld4tGnxjhzPP0G-0o1tXpoKmTXTQzviEkRDr1g_jGj2A8loA.ZmyhXmlAYFVZBgtoCd-98umNhcB-EJYllMgvS2-z5DI&dib_tag=se&keywords=gpu&qid=1775433835&sprefix=gp%2Caps%2C387&sr=8-268&xpid=kRTaaIQ0Ql4iY","https://m.media-amazon.com/images/I/51aXpdQ7qtL._AC_UY218_.jpg","","PNY NVIDIA RTX PRO 6000 Graphic Card - 96 GB GDDR7-7680 x 4320-512 bit Bus Width - PCI Express 5.0 x16 - DisplayPort - 4 x DisplayPort","5.0","(1)","$9,450.00","","","","FREE delivery","Apr 9 - 13","Tue, Apr 7"
"Only 20 left in stock - order soon.","https://www.amazon.com/QTHREE-Graphics-DisplayPort-Computer-Express/dp/B0FF1W8DZC/ref=sr_1_269?crid=346W5D56T0W20&dib=eyJ2IjoiMSJ9.Q92RNdHw0Hd98nd8KAiPYJt8UMOSGDUFtkfWdAszgMyVtp2GcIyXG0nnSh4TA02XVe_-hlZxm3U0HkzSBIfv82BlXoS3ShfNqzpV5T13EqNQKJztXsF7PGCxJn55PBhepPgd9HxF_-ejB83LUWCoEm8XoGJDMjP0TCg-dPoe9ekiaRwhNoXA3WHbQJ5ld4tGnxjhzPP0G-0o1tXpoKmTXTQzviEkRDr1g_jGj2A8loA.ZmyhXmlAYFVZBgtoCd-98umNhcB-EJYllMgvS2-z5DI&dib_tag=se&keywords=gpu&qid=1775433835&sprefix=gp%2Caps%2C387&sr=8-269&xpid=kRTaaIQ0Ql4iY","https://m.media-amazon.com/images/I/61BP4WCQMJL._AC_UY218_.jpg","","QTHREE Radeon RX 560 Graphics Card,4GB GDDR5 128 Bits,Video Card for PC Gaming with DVI,HDMI,DisplayPort,Computer GPU,PCI Express 3.0 x8,DirectX 12","4.0","(1)","$115.99","","","Overnight","FREE delivery","Overnight 7 AM - 11 AM",""
"","https://www.amazon.com/NIVXE-Compatible-Backplate-Dissipation-Protection/dp/B0FZFWJTDY/ref=sr_1_270?crid=346W5D56T0W20&dib=eyJ2IjoiMSJ9.Q92RNdHw0Hd98nd8KAiPYJt8UMOSGDUFtkfWdAszgMyVtp2GcIyXG0nnSh4TA02XVe_-hlZxm3U0HkzSBIfv82BlXoS3ShfNqzpV5T13EqNQKJztXsF7PGCxJn55PBhepPgd9HxF_-ejB83LUWCoEm8XoGJDMjP0TCg-dPoe9ekiaRwhNoXA3WHbQJ5ld4tGnxjhzPP0G-0o1tXpoKmTXTQzviEkRDr1g_jGj2A8loA.ZmyhXmlAYFVZBgtoCd-98umNhcB-EJYllMgvS2-z5DI&dib_tag=se&keywords=gpu&qid=1775433835&sprefix=gp%2Caps%2C387&sr=8-270&xpid=kRTaaIQ0Ql4iY","https://m.media-amazon.com/images/I/41G+ur5ImVL._AC_UY218_.jpg","","Compatible with GIGABYTE GeForce RTX 5060/5050 OC Low Profile 8G Graphics Card, Custom Aluminum GPU Backplate Rear Panel Cover for Improved Heat Dissipation and PCB Protection","4.1","(9)","$38.99","","","Overnight","FREE delivery","Overnight 7 AM - 11 AM",""
"New Price:","https://www.amazon.com/ZOTAC-Graphics-IceStorm-Advanced-ZT-A30700H-10P/dp/B08M68HN9D/ref=sr_1_271?crid=346W5D56T0W20&dib=eyJ2IjoiMSJ9.Q92RNdHw0Hd98nd8KAiPYJt8UMOSGDUFtkfWdAszgMyVtp2GcIyXG0nnSh4TA02XVe_-hlZxm3U0HkzSBIfv82BlXoS3ShfNqzpV5T13EqNQKJztXsF7PGCxJn55PBhepPgd9HxF_-ejB83LUWCoEm8XoGJDMjP0TCg-dPoe9ekiaRwhNoXA3WHbQJ5ld4tGnxjhzPP0G-0o1tXpoKmTXTQzviEkRDr1g_jGj2A8loA.ZmyhXmlAYFVZBgtoCd-98umNhcB-EJYllMgvS2-z5DI&dib_tag=se&keywords=gpu&qid=1775433835&sprefix=gp%2Caps%2C387&sr=8-271&xpid=kRTaaIQ0Ql4iY","https://m.media-amazon.com/images/I/51WudWYUC2L._AC_UY218_.jpg","","ZOTAC Gaming GeForce RTX 3070 Twin Edge OC 8GB GDDR6 256-bit 14 Gbps PCIE 4.0 Gaming Graphics Card, IceStorm 2.0 Advanced Cooling, White LED Logo Lighting, ZT-A30700H-10P (Renewed)","4.3","(17)","$284.97","$415.97","$415.97","","FREE delivery","Tue, Apr 14","Apr 7 - 9"
"Only 1 left in stock - order soon.","https://www.amazon.com/ZOTAC-Graphics-IceStorm-Advanced-ZT-B50900J-10P/dp/B0DV6MK91R/ref=sr_1_272?crid=346W5D56T0W20&dib=eyJ2IjoiMSJ9.Q92RNdHw0Hd98nd8KAiPYJt8UMOSGDUFtkfWdAszgMyVtp2GcIyXG0nnSh4TA02XVe_-hlZxm3U0HkzSBIfv82BlXoS3ShfNqzpV5T13EqNQKJztXsF7PGCxJn55PBhepPgd9HxF_-ejB83LUWCoEm8XoGJDMjP0TCg-dPoe9ekiaRwhNoXA3WHbQJ5ld4tGnxjhzPP0G-0o1tXpoKmTXTQzviEkRDr1g_jGj2A8loA.ZmyhXmlAYFVZBgtoCd-98umNhcB-EJYllMgvS2-z5DI&dib_tag=se&keywords=gpu&qid=1775433835&sprefix=gp%2Caps%2C387&sr=8-272&xpid=kRTaaIQ0Ql4iY","https://m.media-amazon.com/images/I/71c7k-TNofL._AC_UY218_.jpg","","ZOTAC GeForce RTX 5090 Solid OC Graphics Card, NVIDIA, 32GB GDDR7, DLSS 4, 3× DisplayPort 2.1b & HDMI 2.1b, PCIE 5.0 (ZT-B50900J-10P)","4.4","(37)","$3,779.95","","","","FREE delivery","Mon, Apr 13","Tue, Apr 7"
"No featured offers available","https://www.amazon.com/MSI-RTX-4070-12G-3X/dp/B0CSHFM3D5/ref=sr_1_273?crid=346W5D56T0W20&dib=eyJ2IjoiMSJ9.Q92RNdHw0Hd98nd8KAiPYJt8UMOSGDUFtkfWdAszgMyVtp2GcIyXG0nnSh4TA02XVe_-hlZxm3U0HkzSBIfv82BlXoS3ShfNqzpV5T13EqNQKJztXsF7PGCxJn55PBhepPgd9HxF_-ejB83LUWCoEm8XoGJDMjP0TCg-dPoe9ekiaRwhNoXA3WHbQJ5ld4tGnxjhzPP0G-0o1tXpoKmTXTQzviEkRDr1g_jGj2A8loA.ZmyhXmlAYFVZBgtoCd-98umNhcB-EJYllMgvS2-z5DI&dib_tag=se&keywords=gpu&qid=1775433835&sprefix=gp%2Caps%2C387&sr=8-273&xpid=kRTaaIQ0Ql4iY","https://m.media-amazon.com/images/I/71O96DZR9ML._AC_UY218_.jpg","","MSI Gaming RTX 4070 Super 12G Ventus 3X OC Graphics Card (NVIDIA RTX 4070 Super, 192-Bit, Extreme Clock: 2520 MHz, 12GB GDRR6X 21 Gbps, HDMI/DP, Ada Lovelace Architecture)","4.7","(120)","","","","","","",""
"Typical:","https://www.amazon.com/PNY-Technologies-Nvidia-Quadro-P4000/dp/B078LPJHXB/ref=sr_1_274?crid=346W5D56T0W20&dib=eyJ2IjoiMSJ9.Q92RNdHw0Hd98nd8KAiPYJt8UMOSGDUFtkfWdAszgMyVtp2GcIyXG0nnSh4TA02XVe_-hlZxm3U0HkzSBIfv82BlXoS3ShfNqzpV5T13EqNQKJztXsF7PGCxJn55PBhepPgd9HxF_-ejB83LUWCoEm8XoGJDMjP0TCg-dPoe9ekiaRwhNoXA3WHbQJ5ld4tGnxjhzPP0G-0o1tXpoKmTXTQzviEkRDr1g_jGj2A8loA.ZmyhXmlAYFVZBgtoCd-98umNhcB-EJYllMgvS2-z5DI&dib_tag=se&keywords=gpu&qid=1775433835&sprefix=gp%2Caps%2C387&sr=8-274&xpid=kRTaaIQ0Ql4iY","https://m.media-amazon.com/images/I/31Vvosv0i8L._AC_UY218_.jpg","","PNY TECHNOLOGIES Nvidia Quadro P4000 - The World'S Most Powerful Single Slot Professional Graphics Card (VCQP4000-BLK)","4.1","(55)","$229.99","$298.00","$298.00","","$21.26 delivery","Mon, Apr 13",""
"50+ bought in past month","https://www.amazon.com/ZER-LON-Graphics-Computer-1183MHz-Support/dp/B0DZSFX1WP/ref=sr_1_275?crid=346W5D56T0W20&dib=eyJ2IjoiMSJ9.Q92RNdHw0Hd98nd8KAiPYJt8UMOSGDUFtkfWdAszgMyVtp2GcIyXG0nnSh4TA02XVe_-hlZxm3U0HkzSBIfv82BlXoS3ShfNqzpV5T13EqNQKJztXsF7PGCxJn55PBhepPgd9HxF_-ejB83LUWCoEm8XoGJDMjP0TCg-dPoe9ekiaRwhNoXA3WHbQJ5ld4tGnxjhzPP0G-0o1tXpoKmTXTQzviEkRDr1g_jGj2A8loA.ZmyhXmlAYFVZBgtoCd-98umNhcB-EJYllMgvS2-z5DI&dib_tag=se&keywords=gpu&qid=1775433835&sprefix=gp%2Caps%2C387&sr=8-275&xpid=kRTaaIQ0Ql4iY","https://m.media-amazon.com/images/I/71wc+LcZVkL._AC_UY218_.jpg","","Radeon RX 550 4GB Graphics Card, GDDR5 128 Bit PCIE 3.0 Computer Gaming Gpu, 1183MHz Video Card with HDMI/DP/DVI Ports Support 4K","4.7","(30)","$104.99","","","Overnight","FREE delivery","Overnight 7 AM - 11 AM",""
"","https://www.amazon.com/sspa/click?ie=UTF8&spc=MToxNzcwODY2MDY2MzU2NDI1OjE3NzU0MzM4MzU6c3BfYnRmOjMwMTExMzk0ODI1OTkwMjo6MDo6&url=%2FGraphics-Computer-Express-DirectX-Frequency%2Fdp%2FB0C6J6RYQ9%2Fref%3Dsr_1_276_sspa%3Fcrid%3D346W5D56T0W20%26dib%3DeyJ2IjoiMSJ9.Q92RNdHw0Hd98nd8KAiPYJt8UMOSGDUFtkfWdAszgMyVtp2GcIyXG0nnSh4TA02XVe_-hlZxm3U0HkzSBIfv82BlXoS3ShfNqzpV5T13EqNQKJztXsF7PGCxJn55PBhepPgd9HxF_-ejB83LUWCoEm8XoGJDMjP0TCg-dPoe9ekiaRwhNoXA3WHbQJ5ld4tGnxjhzPP0G-0o1tXpoKmTXTQzviEkRDr1g_jGj2A8loA.ZmyhXmlAYFVZBgtoCd-98umNhcB-EJYllMgvS2-z5DI%26dib_tag%3Dse%26keywords%3Dgpu%26qid%3D1775433835%26sprefix%3Dgp%252Caps%252C387%26sr%3D8-276-spons%26xpid%3DkRTaaIQ0Ql4iY%26sp_csd%3Dd2lkZ2V0TmFtZT1zcF9idGY%26psc%3D1","https://m.media-amazon.com/images/I/71PENAqiJQL._AC_UY218_.jpg","Sponsored","Cuifati HD6770 Gaming Graphics Card, 4GB 128Bit DDR5 Computer Video Card PCI Express 2.0, for Chip, 3D API DirectX 12, 1000MHz Video Memory Frequency,","4.4","(9)","$50.84","","","","FREE delivery","Apr 15 - 24",""
"List:","https://www.amazon.com/sspa/click?ie=UTF8&spc=MToxNzcwODY2MDY2MzU2NDI1OjE3NzU0MzM4MzU6c3BfYnRmOjMwMTE5NTMwNjQ3NzYwMjo6MDo6&url=%2FVandossy-R7-350-4GB-Connector%2Fdp%2FB0GGRFGZJ2%2Fref%3Dsr_1_277_sspa%3Fcrid%3D346W5D56T0W20%26dib%3DeyJ2IjoiMSJ9.Q92RNdHw0Hd98nd8KAiPYJt8UMOSGDUFtkfWdAszgMyVtp2GcIyXG0nnSh4TA02XVe_-hlZxm3U0HkzSBIfv82BlXoS3ShfNqzpV5T13EqNQKJztXsF7PGCxJn55PBhepPgd9HxF_-ejB83LUWCoEm8XoGJDMjP0TCg-dPoe9ekiaRwhNoXA3WHbQJ5ld4tGnxjhzPP0G-0o1tXpoKmTXTQzviEkRDr1g_jGj2A8loA.ZmyhXmlAYFVZBgtoCd-98umNhcB-EJYllMgvS2-z5DI%26dib_tag%3Dse%26keywords%3Dgpu%26qid%3D1775433835%26sprefix%3Dgp%252Caps%252C387%26sr%3D8-277-spons%26xpid%3DkRTaaIQ0Ql4iY%26sp_csd%3Dd2lkZ2V0TmFtZT1zcF9idGY%26psc%3D1","https://m.media-amazon.com/images/I/61SCrYHGg3L._AC_UY218_.jpg","Sponsored","Radeon R7 350 Low Profile Graphics Card, 4GB GDDR3 55W TDP, No Power Connector Needed, PCIe 3.0 ×16, 2 ×HDMI, for SFF & OEM Business PC Upgrade","5.0","(1)","$59.99","$79.99","$79.99","Tomorrow","FREE delivery","Tomorrow, Apr 6",""
"Save 10%","https://www.amazon.com/sspa/click?ie=UTF8&spc=MToxNzcwODY2MDY2MzU2NDI1OjE3NzU0MzM4MzU6c3BfYnRmOjMwMDEyMjA0NjkwMzQwMjo6MDo6&url=%2FHEITIGN-Graphics-1000mhz-Frequency-Supports%2Fdp%2FB0CF6SKJWQ%2Fref%3Dsr_1_278_sspa%3Fcrid%3D346W5D56T0W20%26dib%3DeyJ2IjoiMSJ9.Q92RNdHw0Hd98nd8KAiPYJt8UMOSGDUFtkfWdAszgMyVtp2GcIyXG0nnSh4TA02XVe_-hlZxm3U0HkzSBIfv82BlXoS3ShfNqzpV5T13EqNQKJztXsF7PGCxJn55PBhepPgd9HxF_-ejB83LUWCoEm8XoGJDMjP0TCg-dPoe9ekiaRwhNoXA3WHbQJ5ld4tGnxjhzPP0G-0o1tXpoKmTXTQzviEkRDr1g_jGj2A8loA.ZmyhXmlAYFVZBgtoCd-98umNhcB-EJYllMgvS2-z5DI%26dib_tag%3Dse%26keywords%3Dgpu%26qid%3D1775433835%26sprefix%3Dgp%252Caps%252C387%26sr%3D8-278-spons%26xpid%3DkRTaaIQ0Ql4iY%26sp_csd%3Dd2lkZ2V0TmFtZT1zcF9idGY%26psc%3D1","https://m.media-amazon.com/images/I/61C6F029qiL._AC_UY218_.jpg","Sponsored","HEITIGN 4GB GDDR5 Graphics Card for PC, HD 7670, 1000MHz Core Frequency, Supports DirectX 11, PCIe x16, VGA Output","1.0","(1)","$49.99","","","","FREE delivery","Apr 14 - 21",""
"Small Business","https://www.amazon.com/s?k=gpu&page=17&crid=346W5D56T0W20&qid=1775433831&sprefix=gp%2Caps%2C387&xpid=kRTaaIQ0Ql4iY&ref=sr_pg_16#","https://m.media-amazon.com/images/I/713TlcL+lML._AC_UL320_.jpg","","","4.2","(70)","$13.79","$16.99","$11.00","Tomorrow","FREE delivery","Tomorrow, Apr 6","Overnight 7 AM - 11 AM"
"cpu","https://www.amazon.com/s?k=cpu&ref=rsl_sug_0_0&pd_rd_w=QAJGF&content-id=amzn1.sym.3be64970-3b95-4a6d-a45d-78077a3ff871:amzn1.sym.3be64970-3b95-4a6d-a45d-78077a3ff871&pf_rd_p=3be64970-3b95-4a6d-a45d-78077a3ff871&pf_rd_r=7DC6JK6HV35M9FJR881F&pd_rd_wg=3URyF&pd_rd_r=21ace0c4-f66a-4fe8-bba1-6fc06ef3e826&qid=1775433835","","","","","","","","","","","",""
"","","","","","","","","","","","","",""
"","https://aax-us-east-retail-direct.amazon.com/x/c/JD4sTOhT2ZD-4yMohS1Pr0cAAAGdYBpmDgEAAAH2AQBvbm9fdHhuX2JpZDMgICBvbm9fdHhuX2ltcDEgICACmpjR/clv1c_ek-wwgH2LdTWDlXUfwvjsRv0WXHDGjrBJCdY6jpy2UOyQ4dPAeLMY6ezfVYbikUHzrZPj-lKd5HSlbXIPFD7u9wKdUNt_qSSFgQMoZSnSXoyocK11h-ArGz-xOuQ9v44jJEjfqU40WbSAl1GqNcn_tqTYFyf9NXtFcj83G-MmE62l44VMf3HxJsD__XvZKLxJLRLx2gK8CbJ3ynts8rI0PfV3RQpRzrWcANTbWDLI-w0yPoH0zfs2CNMIp9KuxSxMqS5RnMi776VCnpKakUsnQlBNpXIVtt7wwBlu6CoKO7ToxBQBEzXxLfKMAHH6veN7kZTB1LrfPnl6InMLOSC1BvC7rUuK9osRRVTHkZmuil3ooYmh7USZqmruZD3PSmtcdqKP_T3l7-xYkHEdXJol4yTC7w5DteLQgNb3UlkC_1cYJE74Azr2BcBv2W70nrkTBxOySUsobd6sYEcQu8_VsVB-uqJIbzBpT9QfC_Jwn8KE23xL_gr-x-ND4skFg_EtAMB9hECVH7JM1GG6ejz27gU0hV_CFe4Zg7kXWiKR26BHLNhXi6aBgFydxkBbsVTUZSNI6i-rONKqjIIPIQwBcNownEmpPTOkoxHK2DhBXQX4xzmeuMYWVQjJKsd14-iuv3yn647wzGZ0FWH0-IeXDak0XHS963Jm6e-r2Ex6rffEANZPA_KwKHb9za1RwUoIqjFAeGBU7xr80bfARiyJvENPQ6Uc1CTMvfvTbYOMPr9SSaJJuLi3zUj-I5UNzdfMYsSZIB3W0NMvbUu79XMTzgouJq_wkllnh-UWwbMqEYwGLK0PB4vFsc34NxgL7llXZs9EjCZ4G0sO0AwpbXDaGHdwQ6FE-Muh_9qVayuh60hrXTcM3hRIxkdFB4O4Ee4fjzg00IjT6Z29af7-AZb2aTN7CapUYsduFCU0Os71w4r-UNeCrprb8-y8e6TGbqkaXt1iFY0RunvAQFDwovg0gET353tR7jCm49Lz1uSLlCe5QRF8gfqNcVoBCjVyKmIe_QWYT_jI4QfcSG5BkdGEkyPOggmEWsvSjQ/https://www.amazon.com/stores/page/8549739B-59D3-4BA0-90D1-FB830BA35ADA/?_encoding=UTF8&store_ref=SB_A08794491EIGPNWSD2JWK-A08028182GTT6Y60PG34D&pd_rd_plhdr=t&aaxitk=c81e3dfb372dcc950728eb2d9276c7ac&hsa_cr_id=0&lp_asins=B0DT1JJVDX%2CB0DWT4C4CC&lp_query=gpu&lp_slot=desktop-hsa-3psl&ref_=sbx_be_s_3psl_mbd_mb0_bkgd&pd_rd_w=VXaSB&content-id=amzn1.sym.7d5eb573-01e8-49db-b262-65baa247c724%3Aamzn1.sym.7d5eb573-01e8-49db-b262-65baa247c724&pf_rd_p=7d5eb573-01e8-49db-b262-65baa247c724&pf_rd_r=7DC6JK6HV35M9FJR881F&pd_rd_wg=yMBX9&pd_rd_r=20713bc2-6d4c-462b-912b-20f1bbcc0c11","","","","","","","","","","","",""
"","https://aax-us-east-retail-direct.amazon.com/x/c/JNR7K1iJo-1_C9iW3emoqpgAAAGdYBp14QEAAAH2AQBvbm9fdHhuX2JpZDQgICBvbm9fdHhuX2ltcDEgICB8qZVp/clv1c_ek-wwgHWLdTaDdVAul8TgMCVbgx7K6YTsJhdDnRPyTU6fodfD_Ov5iJ7hzVliGBiyzaVwtZxOKggsQC3BYDA574ROknwL55JgMAYpH7jfX3rAvi2cgBhjOX8B1zxJi_zdyoJ4rQXPoZj4j-3CZ6metDF6NuRumfa_mQpH5de2I9kkfEcoakJ4Dk0Im2cEi2UzICvDmYv_99e_S7vvwRmfj-Hi7su0Gv-RqY_rCrUOL7-lVaRqtIsRH4N3DGfM4UYdLPR4dgFbu0_oclgwRiyI21ZA_7Awdc-luZGhXVNhjvOnBOP6TYtyKXY8DnugzoUxmaYAO9hssOjnrKHinIfnfHpyIgQpAJJWOZPrjlKHBoXlQCmo8gJ8WjmtYvI0TNBdZp4NrIomZnj7iIzeEunULjEO9JRT-u6z-OomKJifj5d26fnfbPuAFBjHn8aQGoZ4Ocnz9k5DCliffjJFbAhfkJ-3lU5VnQ1ai-4x_evEcwFxFW1wnsu67tCwIqZa3KSU-_qUumrVmBE1EuK4_LhxkhF_2k4JijhiArOFtxKMM0MPUZ6iQKNR1JrGLArRU0VIT8WdnChX8icsVtRzUSS9Q02zCwpwrz5VODDkox5OV63lrvC7mU_8dYfBcnpRpAZ4iZ_Jn4U_zD4y9vlB8DzYEJRKf3t1Ulc7vwMIfoKhG21xHOT3dwLx8dzw0-XO0iStN6F74z4H2Wt6dav0eLC1odapSiT8bABB2YTrybck_TvV4ACDzo9g3hqRyaZ7pecpD6JfEtkWSEsEaZyzzD4Z3RJ6et2IdNxR-UT4vvR29X4zU7k4D3vedIDNhHCM09iBL7UBRime1Gz87T_8avdM9cKPM6OT7ITEtB4htlQFhUhzfJPQZR3aDztUW9-62qrxPVEOK5_SfmUfpXfRfBjZ3SVVUP2aYmd8q9c_Xy_-DJ97bt2_0GvP4i61irf9_fAVRxNgH1lBE10XASYTCRCiVImqiwyAgrVDf4eZA41lB5omFv77hx2g7-JJiztYuJwFjYZ5VDf6EHBb02L4SUri1SyrAo6Jvh_pWv14_3_LdUAklK2/https://www.amazon.com/stores/page/1DEBDE67-61D1-43C7-AFA6-D8197A1277A1/?_encoding=UTF8&store_ref=SB_A09624673R44HFZMWIFEM-A0496054YPLII1R6CGXA&pd_rd_plhdr=t&aaxitk=4955bdf125e2aa2b128b8a866db81c6e&hsa_cr_id=0&lp_asins=B0D6YGDVBY%2CB0BZC16C8J%2CB0C8CYVVC9&lp_query=gpu&lp_slot=auto-sparkle-hsa-tetris&ref_=sbx_s_sparkle_sbtcd_bkgd&pd_rd_w=Ao8CD&content-id=amzn1.sym.cc961e39-6f5f-411e-8135-81c6c1187ac0%3Aamzn1.sym.cc961e39-6f5f-411e-8135-81c6c1187ac0&pf_rd_p=cc961e39-6f5f-411e-8135-81c6c1187ac0&pf_rd_r=0X70VC7K4JBP1CVBZKW5&pd_rd_wg=hJz9P&pd_rd_r=666a57b9-4856-4f18-81ad-953e278452d3","","","","Typical:","|","$23.69","$11.99","","","","",""
"100+ bought in past month","https://www.amazon.com/sspa/click?ie=UTF8&spc=MTo4NzA4OTcyNzczNTg1MDY2OjE3NzU0MzM4Mzk6c3BfYXRmX25leHQ6MzAxMDI5Njk0MTgwMTAyOjowOjo&url=%2FTECWARE-Extension-Motherboard-Cables-Compatible%2Fdp%2FB0CZLCLSV1%2Fref%3Dsr_1_273_sspa%3Fcrid%3D346W5D56T0W20%26dib%3DeyJ2IjoiMSJ9.DsdwEa1EWcjxiUA52n3G2SmBYU_vgg6nFugvM6fBKTAtK0IsJ7GJsAtqezgt7McCG3XGqelKzbSq-eXnOoax-2X7hoW8t8fmBnbrG2WirBwWCw5TMdDVQrJ3DYDKtVip4SyfrfZnHxkTp8wgxrFxOd7b89axzgzdMpZxRQ1koszWXH8WmxI2hZaDAgCYHC967jSUruTqhPKIKOP5rLv8tfFR15Uw3V78a-szhAS5bP8.i_v7v3DiKaUmD21Mpj-xhMLUbb7tlHtmFRzL1qneqhQ%26dib_tag%3Dse%26keywords%3Dgpu%26qid%3D1775433839%26sprefix%3Dgp%252Caps%252C387%26sr%3D8-273-spons%26xpid%3DkRTaaIQ0Ql4iY%26sp_csd%3Dd2lkZ2V0TmFtZT1zcF9hdGZfbmV4dA%26psc%3D1","https://m.media-amazon.com/images/I/71T-YonvvML._AC_UY218_.jpg","Sponsored","TECWARE Flex RGB Cable Cover Kit | Compatible with 24-Pin Motherboard and 8-Pin/16-Pin GPU | ARGB PSU Cable Extension with 5V 3-Pin Sync | RGB Lighting Kit for PC Cables | Black","4.4","(556)","$39.99","$44.99","$44.99","Tomorrow","FREE delivery","Tomorrow, Apr 6",""
"Coupon price","https://www.amazon.com/sspa/click?ie=UTF8&spc=MTo4NzA4OTcyNzczNTg1MDY2OjE3NzU0MzM4Mzk6c3BfYXRmX25leHQ6MzAxMTQ2MDgzOTQ0NTAyOjowOjo&url=%2FBangfun-Extension-Sleeved-Designed-4070Ti-13Inch%2Fdp%2FB0BXDBVK5Z%2Fref%3Dsr_1_274_sspa%3Fcrid%3D346W5D56T0W20%26dib%3DeyJ2IjoiMSJ9.DsdwEa1EWcjxiUA52n3G2SmBYU_vgg6nFugvM6fBKTAtK0IsJ7GJsAtqezgt7McCG3XGqelKzbSq-eXnOoax-2X7hoW8t8fmBnbrG2WirBwWCw5TMdDVQrJ3DYDKtVip4SyfrfZnHxkTp8wgxrFxOd7b89axzgzdMpZxRQ1koszWXH8WmxI2hZaDAgCYHC967jSUruTqhPKIKOP5rLv8tfFR15Uw3V78a-szhAS5bP8.i_v7v3DiKaUmD21Mpj-xhMLUbb7tlHtmFRzL1qneqhQ%26dib_tag%3Dse%26keywords%3Dgpu%26qid%3D1775433839%26sprefix%3Dgp%252Caps%252C387%26sr%3D8-274-spons%26xpid%3DkRTaaIQ0Ql4iY%26sp_csd%3Dd2lkZ2V0TmFtZT1zcF9hdGZfbmV4dA%26psc%3D1","https://m.media-amazon.com/images/I/71g6aO272ZL._AC_UY218_.jpg","Sponsored","Bangfun PCIE 5.0 16Pin GPU Power 12VHPWR Extension Cable, 16Pin(12+4) Male to 2X8Pin Female GPU Adapter Extender Cord Designed for Geforce RTX 4070 4070Ti Super 5090 5080 5070Ti-13Inch Black","4.5","(80)","$19.99","$2.00","","Two-Day","FREE delivery","Tue, Apr 7",""
"More Buying Choices","https://www.amazon.com/Cooler-Master-Vertical-Graphics-Holder/dp/B0B7NY5TSY/ref=sr_1_275?crid=346W5D56T0W20&dib=eyJ2IjoiMSJ9.DsdwEa1EWcjxiUA52n3G2SmBYU_vgg6nFugvM6fBKTAtK0IsJ7GJsAtqezgt7McCG3XGqelKzbSq-eXnOoax-2X7hoW8t8fmBnbrG2WirBwWCw5TMdDVQrJ3DYDKtVip4SyfrfZnHxkTp8wgxrFxOd7b89axzgzdMpZxRQ1koszWXH8WmxI2hZaDAgCYHC967jSUruTqhPKIKOP5rLv8tfFR15Uw3V78a-szhAS5bP8.i_v7v3DiKaUmD21Mpj-xhMLUbb7tlHtmFRzL1qneqhQ&dib_tag=se&keywords=gpu&qid=1775433839&sprefix=gp%2Caps%2C387&sr=8-275&xpid=kRTaaIQ0Ql4iY","https://m.media-amazon.com/images/I/715MEfvi4cL._AC_UY218_.jpg","","Cooler Master Vertical GPU Holder Kit V3, for E-ATX/ATX/mATX PC Case & PCI-E 4.0 Devices, Adjustable Modular Video Card Support, Thick SGCC Steel Bracket, 165 mm Riser Cable Included - Black","4.2","(1.5K)","$73.49","","","Tomorrow","FREE delivery","Tomorrow, Apr 6",""
"No featured offers available","https://www.amazon.com/Intel-33P6PEB0BB-Arc-Video-Card/dp/B0GKPLTD1M/ref=sr_1_276?crid=346W5D56T0W20&dib=eyJ2IjoiMSJ9.DsdwEa1EWcjxiUA52n3G2SmBYU_vgg6nFugvM6fBKTAtK0IsJ7GJsAtqezgt7McCG3XGqelKzbSq-eXnOoax-2X7hoW8t8fmBnbrG2WirBwWCw5TMdDVQrJ3DYDKtVip4SyfrfZnHxkTp8wgxrFxOd7b89axzgzdMpZxRQ1koszWXH8WmxI2hZaDAgCYHC967jSUruTqhPKIKOP5rLv8tfFR15Uw3V78a-szhAS5bP8.i_v7v3DiKaUmD21Mpj-xhMLUbb7tlHtmFRzL1qneqhQ&dib_tag=se&keywords=gpu&qid=1775433839&sprefix=gp%2Caps%2C387&sr=8-276&xpid=kRTaaIQ0Ql4iY","https://m.media-amazon.com/images/I/41R6YP5oYvL._AC_UY218_.jpg","","Intel 33P6PEB0BB Arc Pro B50 16 GB Video Card","5.0","(1)","","","","","","",""
"Or","https://www.amazon.com/CORSAIR-Hybrid-Water-Block-Built/dp/B0FMKB14GY/ref=sr_1_277?crid=346W5D56T0W20&dib=eyJ2IjoiMSJ9.DsdwEa1EWcjxiUA52n3G2SmBYU_vgg6nFugvM6fBKTAtK0IsJ7GJsAtqezgt7McCG3XGqelKzbSq-eXnOoax-2X7hoW8t8fmBnbrG2WirBwWCw5TMdDVQrJ3DYDKtVip4SyfrfZnHxkTp8wgxrFxOd7b89axzgzdMpZxRQ1koszWXH8WmxI2hZaDAgCYHC967jSUruTqhPKIKOP5rLv8tfFR15Uw3V78a-szhAS5bP8.i_v7v3DiKaUmD21Mpj-xhMLUbb7tlHtmFRzL1qneqhQ&dib_tag=se&keywords=gpu&qid=1775433839&sprefix=gp%2Caps%2C387&sr=8-277&ufe=app_do%3Aamzn1.fos.9fe8cbfa-bf43-43d1-a707-3f4e65a4b666&xpid=kRTaaIQ0Ql4iY","https://m.media-amazon.com/images/I/7143VKXOEgL._AC_UY218_.jpg","","CORSAIR XG3 RGB Hybrid GPU Water Block – Hybrid Custom Cooling, Compatible with 5080, 5070 Ti, & 5070 GPUs, 18 Addressable RGB LEDs, iCUE Link Connectivity, Built-in Temperature Sensor – Black","3.0","(4)","$179.99","","$60.00","Tomorrow","FREE delivery","Tomorrow, Apr 6",""
"| Based on star rating and number of customer ratings","https://www.amazon.com/s?k=gpu&page=18&crid=346W5D56T0W20&qid=1775433835&sprefix=gp%2Caps%2C387&xpid=kRTaaIQ0Ql4iY&ref=sr_pg_17#","https://m.media-amazon.com/images/I/61FrviYWCbL._AC_UL320_.jpg","","","4.6","(122)","$8.97","$11.69","","Overnight","FREE delivery  on $25 of qualifying items","Overnight 7 AM - 11 AM","Tomorrow, Apr 6"
"","https://aax-us-east-retail-direct.amazon.com/x/c/JNTSxjPCJLJwOysX7wy9o_cAAAGdYBp2BQEAAAH2AQBvbm9fdHhuX2JpZDIgICBvbm9fdHhuX2ltcDEgICDMUv2s/clv1c_ek-wwvHzFdbWDanqB6rmewu-rxZZcOnOcTSepCLDm1ZwvRQwokXqL4KfR2x1Ru_yXqQYRtQa4T-9uZP-4SZi9VHi46obreLRfBbJy9Y0NZ9WgZJWPc49ncz74NNmkrGSLEBsJNhO4GREmvRj7N7_-9Kj4Nwfli2llU_82yyi-op3OiEzLProWR4muIbJlg7HVDePDivajme-hWWbLOrouaqrhG1xdRYk_yfYiHAMp8KO72Ty1ku-DZmgIf5oMNZNUWhH7_A-Uo1j9s4AMdt-kKx4e1QLaAxV9oCUxVp2TljoQlFrVigO3ynIbSBswKDjnNmxrogUSquNH1Jr6XBdaxcOYJ74YGvzp-mrR4rRidcgYJ7YOjJZxX9NW9P7T86v6kzOA6ljkuez8PkYjwOqol3x0XIEqFAHHqDVJKFwWmnCkHwUmpA44OnfFlP7w_8XJISuWMSaMEKDWUN16prX8u9XhBNw2nYhcfER_MrSJHnLxWeUAnhUNL3BTpY-KsbV_Mn5MpWlu0Jd7jiO_XDns8O5TV2luY3fjYolgBKTdXbJsFgiwGsuzikrENlrCD3Bjc5KCzBuK5mBUCXfD3z9pzuolBLiouoo8blIovOGD1eiXPzSz1VRWu-EvE98moeQZEzV9LoS68b7XMXNBT97jKvQ_uPimoy2N3tdor48LbSSFMqMuZStXblxU9MJ33NAXu2npTUbFn4leq2eq-AeLLoygpC0aD4x50kZxnD6cQWiQNCUq4ngJTZ9XYNPwydW0GlvJDsTJOEIRam4YkRA-oW4Lhatx5FWdN3pOAFo-ZbcaipBbwCueovJd8mH7AiltETOG3eXgzb2u7VrMcTGmqaQ9yiASLra1EngXLNGivJAYilCfFam8GomXNuAoEnuTjyxQCokFuP9N4cTG4oj3bXbtiz52niqfgMt09V8Qdz8N-f6W0tD1F2XBXJJs_DOg2CxJC0xq2JAINodlvdD7BI0285MDB9qAKdTpWYe_4GTd2GSG5V9MmSjZthQAABJsEZ1xFhXeHoFHQo5m0fnaJtTZ8PZid41dnasWvisJK7rAf5-cM7WC-q4h2emtPDwX1sETkUM/https://www.amazon.com/stores/page/B916E14A-6EA6-40A0-B386-1C60ECE20F5C/?_encoding=UTF8&pd_rd_plhdr=t&pd_rd_i=B0FF4R4HH5&ref_=sbx_be_s_sparkle_ssd_bkg&store_ref=SBV_A04921433J7IU47RF0WTL-A06084247UALMRTEA2UJ&lp_asins=B0FF4R4HH5&pd_rd_w=JCHVt&content-id=amzn1.sym.a55e4c23-ba6c-4408-a37e-65ef6d7a1c73%3Aamzn1.sym.a55e4c23-ba6c-4408-a37e-65ef6d7a1c73&pf_rd_p=a55e4c23-ba6c-4408-a37e-65ef6d7a1c73&pf_rd_r=0X70VC7K4JBP1CVBZKW5&pd_rd_wg=IMSIY&pd_rd_r=fcedde23-b5c6-4c60-af7c-4f46d0276f8e","","","","4.1","Shop","","","","","","",""
"","https://aax-us-east-retail-direct.amazon.com/x/c/JFMzo5ROACMOcE-0aeujn5MAAAGdYBp16gEAAAH2AQBvbm9fdHhuX2JpZDIgICBvbm9fdHhuX2ltcDEgICBtGTpI/clv1c_ek-wwgHWbdbaDdXQ9wXz8e9gSspXIfdAKv4DcmwwtWlvwJPejJ7-lFF7NoQqh-HQ3wbrfiN9aGVr9zTsYNqYvYeFYxC8LyjcAXbYwX5nDBT4Tx_lLgBhj-X8p96eriMc5UB5uSJ8rxP5qOkFCcM-O9DcrlWSh0nYoqjQFucK0PKdwuTMTLiX0YiiwxJTh9OCwJRDrpsQ10d5mKVt8lhYvjPJccnXFho5g0sX3DA5JyEOFYj9_TYzfRfuSVJI4K-ZQSjKHnWUWZp0WtITyB6r7Fj1RkkruHYq_IdA6BfkhMsaIjAjRPEguTdwxwOtQaJTJs3g9AI3I1L4SEddI0yE-2jhIyYeDBk0qpXs7v7QQTc-X0P136iGukZ9QxTu8z0xrBYgZMuxhVBIOH2OhabOoiMdn8SAm6uZ2qyiZG_NPbcfu2AScykfJulj9knwEqZrUpxyFdKcWhcSIvQ6u_JXw8lDatkbhVUqa-i61FuHIIKaQYfsWRWN41FP9oYakwKjmOyv4TppFAjUeNKl6ne3HbH-sBZlQ23fOlvb7jVbFdJ2jub8iKYaZjmlyTqaVuAMpZZiU9f_CfdI6__lBSAU6AWgT73IfygrDcF_ak_fz-p0YacF5i0NAXQvsK2vKUk3uTacBmCVsU1d6gAHvp2W77UbnxiGoWpsft45BQuYsVMEbpcX1iJF186H6XLeVDi6B3SYLWx0lq8QDnCcHeWUIl_l2VI8k97be8bOgdqLHRWQYzN8nbf8hKU7AraqiU9uAi8t8K6B0YlmA7QpjNrLtgNzoaKq5j3I0PTiPUtEmIq3sUcIMT8yD2Jo9Ind_vJfEJJhWYZtPvI265HsbiMIMqb5ZSHJJqeZ0pvmsgNuIrrCLC0JdpwJImdP_D3M3WE_ISmt7RaH9bYnFgkYayyUMjhu-1kIaYqW9Q3zEe1M3iLm2Vk6N0dnyQtJD3Psg1uWBAIKaFxUgnUjDSB4DL_SFVDBuw3E9wOXh6iB6uB6Tx-HRLzn_oXcCb8HH88TaXF4Q5Ma6kKbOS2dvjavqguD9pI2pFRLlVvrv1rKUfMyMIuug13qRl6ttrsbyA8JbYpwv-LTZbH1XxXUd0mEMcRBFs7r2VLSfuY/https://www.amazon.com/stores/page/3AE2EDDA-7CFB-442E-80B2-6AD9D9F36AA3/?_encoding=UTF8&store_ref=SB_A0518627ZQMNUJV450QY-A0563921292RFWOZMAJII&pd_rd_plhdr=t&aaxitk=272a79a595384f5701a71c719329e6ec&hsa_cr_id=0&lp_asins=B0BZC16C8J%2CB0C8CYVVC9%2CB0CLP57WF7&lp_query=gpu&lp_slot=desktop-inline&ref_=sbx__sbtcd2_bkgd&pd_rd_w=wziRA&content-id=amzn1.sym.8a47ec59-c206-4272-83cb-e2017cc774b4%3Aamzn1.sym.8a47ec59-c206-4272-83cb-e2017cc774b4&pf_rd_p=8a47ec59-c206-4272-83cb-e2017cc774b4&pf_rd_r=0X70VC7K4JBP1CVBZKW5&pd_rd_wg=IMSIY&pd_rd_r=fcedde23-b5c6-4c60-af7c-4f46d0276f8e","","","","4.4","|","$9.99","$14.99","","Overnight","FREE delivery  on $25 of qualifying items","Overnight 7 AM - 11 AM","Overnight 7 AM - 11 AM"
"Only 2 left in stock - order soon.","https://www.amazon.com/msi-GeForce-Graphics-Creation-Inference/dp/B0GKFK4F9P/ref=sr_1_278?crid=346W5D56T0W20&dib=eyJ2IjoiMSJ9.DsdwEa1EWcjxiUA52n3G2SmBYU_vgg6nFugvM6fBKTAtK0IsJ7GJsAtqezgt7McCG3XGqelKzbSq-eXnOoax-2X7hoW8t8fmBnbrG2WirBwWCw5TMdDVQrJ3DYDKtVip4SyfrfZnHxkTp8wgxrFxOd7b89axzgzdMpZxRQ1koszWXH8WmxI2hZaDAgCYHC967jSUruTqhPKIKOP5rLv8tfFR15Uw3V78a-szhAS5bP8.i_v7v3DiKaUmD21Mpj-xhMLUbb7tlHtmFRzL1qneqhQ&dib_tag=se&keywords=gpu&qid=1775433839&sprefix=gp%2Caps%2C387&sr=8-278&xpid=kRTaaIQ0Ql4iY","https://m.media-amazon.com/images/I/51fkYSQS4qL._AC_UY218_.jpg","","msi GeForce RTX 5090 Gaming Trio OC Triple Fan Graphics Card, 32GB GDDR7, 3352 AI Tops, DLSS 4, AI Content Creation, Local LLM Inference, 28 Gbps, 512-bit, DP 2.1b x3, HDMI 2.1b, with GPU Holder","1.0","(1)","$4,049.97","","","","FREE delivery","Mon, Apr 13","Wed, Apr 8"
"500+ bought in past month","https://www.amazon.com/Aspire-Copilot-WUXGA-Display-Processor/dp/B0DWNLN3KP/ref=sr_1_279?crid=346W5D56T0W20&dib=eyJ2IjoiMSJ9.DsdwEa1EWcjxiUA52n3G2SmBYU_vgg6nFugvM6fBKTAtK0IsJ7GJsAtqezgt7McCG3XGqelKzbSq-eXnOoax-2X7hoW8t8fmBnbrG2WirBwWCw5TMdDVQrJ3DYDKtVip4SyfrfZnHxkTp8wgxrFxOd7b89axzgzdMpZxRQ1koszWXH8WmxI2hZaDAgCYHC967jSUruTqhPKIKOP5rLv8tfFR15Uw3V78a-szhAS5bP8.i_v7v3DiKaUmD21Mpj-xhMLUbb7tlHtmFRzL1qneqhQ&dib_tag=se&keywords=gpu&qid=1775433839&sprefix=gp%2Caps%2C387&sr=8-279&xpid=kRTaaIQ0Ql4iY","https://m.media-amazon.com/images/I/712S6q+GQjL._AC_UY218_.jpg","","acer Aspire 14 AI Copilot+ PC | 14"" WUXGA Display | Intel Core Ultra 5 Processor 226V | NPU: Up to 40 Tops - GPU: Up to 53 Tops | Intel ARC 130V | 16GB LPDDR5X | 512GB SSD | Wi-Fi 6E | A14-52M-51S1","4.3","(137)","$599.00","$829.99","$829.99","Two-Day","FREE delivery","Tue, Apr 7",""
"Only 9 left in stock - order soon.","https://www.amazon.com/Nvidia-128-bit-Express-Certified-Refurbished/dp/B07MW62553/ref=sr_1_280?crid=346W5D56T0W20&dib=eyJ2IjoiMSJ9.DsdwEa1EWcjxiUA52n3G2SmBYU_vgg6nFugvM6fBKTAtK0IsJ7GJsAtqezgt7McCG3XGqelKzbSq-eXnOoax-2X7hoW8t8fmBnbrG2WirBwWCw5TMdDVQrJ3DYDKtVip4SyfrfZnHxkTp8wgxrFxOd7b89axzgzdMpZxRQ1koszWXH8WmxI2hZaDAgCYHC967jSUruTqhPKIKOP5rLv8tfFR15Uw3V78a-szhAS5bP8.i_v7v3DiKaUmD21Mpj-xhMLUbb7tlHtmFRzL1qneqhQ&dib_tag=se&keywords=gpu&qid=1775433839&sprefix=gp%2Caps%2C387&sr=8-280&xpid=kRTaaIQ0Ql4iY","https://m.media-amazon.com/images/I/71FLcHW0B7L._AC_UY218_.jpg","","Nvidia Quadro M2000 4GB GDDR5 128-bit PCI Express 3.0 x16 Full Height Video Card (Renewed)","4.5","(127)","$115.99","","","","FREE delivery","Apr 9 - 13","Apr 8 - 10"
"More Buying Choices","https://www.amazon.com/MAXSUN-GeForce-Design-Express-Graphics/dp/B097GMQWRN/ref=sr_1_281?crid=346W5D56T0W20&dib=eyJ2IjoiMSJ9.DsdwEa1EWcjxiUA52n3G2SmBYU_vgg6nFugvM6fBKTAtK0IsJ7GJsAtqezgt7McCG3XGqelKzbSq-eXnOoax-2X7hoW8t8fmBnbrG2WirBwWCw5TMdDVQrJ3DYDKtVip4SyfrfZnHxkTp8wgxrFxOd7b89axzgzdMpZxRQ1koszWXH8WmxI2hZaDAgCYHC967jSUruTqhPKIKOP5rLv8tfFR15Uw3V78a-szhAS5bP8.i_v7v3DiKaUmD21Mpj-xhMLUbb7tlHtmFRzL1qneqhQ&dib_tag=se&keywords=gpu&qid=1775433839&sprefix=gp%2Caps%2C387&sr=8-281&xpid=kRTaaIQ0Ql4iY","https://m.media-amazon.com/images/I/71RRKvY9HnL._AC_UY218_.jpg","","maxsun GeForce GT 730 4GB Video Graphics Card GPU for Computer PC GDDR3 ITX Design PCI Express DVI-I, HDMI, VGA 4K Multi Screen","4.2","(350)","$68.99","","","Overnight","FREE delivery","Overnight 7 AM - 11 AM",""
"","https://www.amazon.com/Graphics-IceStorm-Advanced-Lighting-ZT-A30700J-10P/dp/B094Q8487T/ref=sr_1_282?crid=346W5D56T0W20&dib=eyJ2IjoiMSJ9.DsdwEa1EWcjxiUA52n3G2SmBYU_vgg6nFugvM6fBKTAtK0IsJ7GJsAtqezgt7McCG3XGqelKzbSq-eXnOoax-2X7hoW8t8fmBnbrG2WirBwWCw5TMdDVQrJ3DYDKtVip4SyfrfZnHxkTp8wgxrFxOd7b89axzgzdMpZxRQ1koszWXH8WmxI2hZaDAgCYHC967jSUruTqhPKIKOP5rLv8tfFR15Uw3V78a-szhAS5bP8.i_v7v3DiKaUmD21Mpj-xhMLUbb7tlHtmFRzL1qneqhQ&dib_tag=se&keywords=gpu&qid=1775433839&sprefix=gp%2Caps%2C387&sr=8-282&xpid=kRTaaIQ0Ql4iY","https://m.media-amazon.com/images/I/61Dw89ZjIXS._AC_UY218_.jpg","","Zotac Gaming GeForce RTX 3070 Twin Edge OC White Edition 8GB GDDR6 Graphics Card, IceStorm 2.0 Advanced Cooling, White LED Logo Lighting (ZT-A30700J-10P) (Renewed)","5.0","(1)","$309.99","","","","FREE delivery  for Prime members","Apr 22 - 26",""
"List:","https://www.amazon.com/PNY-Quadro-VCQP5000-PB-256-bit-Express/dp/B01N6W4CVB/ref=sr_1_283?crid=346W5D56T0W20&dib=eyJ2IjoiMSJ9.DsdwEa1EWcjxiUA52n3G2SmBYU_vgg6nFugvM6fBKTAtK0IsJ7GJsAtqezgt7McCG3XGqelKzbSq-eXnOoax-2X7hoW8t8fmBnbrG2WirBwWCw5TMdDVQrJ3DYDKtVip4SyfrfZnHxkTp8wgxrFxOd7b89axzgzdMpZxRQ1koszWXH8WmxI2hZaDAgCYHC967jSUruTqhPKIKOP5rLv8tfFR15Uw3V78a-szhAS5bP8.i_v7v3DiKaUmD21Mpj-xhMLUbb7tlHtmFRzL1qneqhQ&dib_tag=se&keywords=gpu&qid=1775433839&sprefix=gp%2Caps%2C387&sr=8-283&xpid=kRTaaIQ0Ql4iY","https://m.media-amazon.com/images/I/61hZOau0u4L._AC_UY218_.jpg","","PNY Quadro P5000 VCQP5000-PB 16GB 256-bit GDDR5x PCI Express 3.0 X16 Full Height Video Card - Workstation","5.0","(19)","$406.08","$562.00","$562.00","","FREE delivery","Fri, Apr 17","Apr 14 - 16"
"","https://www.amazon.com/ASUS-ProArt-GeForce-Graphics-DisplayPort/dp/B0CGGWFZRS/ref=sr_1_284?crid=346W5D56T0W20&dib=eyJ2IjoiMSJ9.DsdwEa1EWcjxiUA52n3G2SmBYU_vgg6nFugvM6fBKTAtK0IsJ7GJsAtqezgt7McCG3XGqelKzbSq-eXnOoax-2X7hoW8t8fmBnbrG2WirBwWCw5TMdDVQrJ3DYDKtVip4SyfrfZnHxkTp8wgxrFxOd7b89axzgzdMpZxRQ1koszWXH8WmxI2hZaDAgCYHC967jSUruTqhPKIKOP5rLv8tfFR15Uw3V78a-szhAS5bP8.i_v7v3DiKaUmD21Mpj-xhMLUbb7tlHtmFRzL1qneqhQ&dib_tag=se&keywords=gpu&qid=1775433839&sprefix=gp%2Caps%2C387&sr=8-284&xpid=kRTaaIQ0Ql4iY","https://m.media-amazon.com/images/I/71O+PYNBbmL._AC_UY218_.jpg","","ASUS ProArt GeForce RTX™ 4060 OC Edition 8GB GDDR6 Graphics Card (PCIe 4.0, 8GB GDDR6, DLSS 3, HDMI 2.1a, DisplayPort 1.4a)","4.6","(130)","$424.32","","","","FREE delivery","Fri, Apr 17","Apr 14 - 16"
"Small Business","https://www.amazon.com/VisionTek-Radeon-7750-GDDR5-MiniDP/dp/B00C7EPSVS/ref=sr_1_285?crid=346W5D56T0W20&dib=eyJ2IjoiMSJ9.DsdwEa1EWcjxiUA52n3G2SmBYU_vgg6nFugvM6fBKTAtK0IsJ7GJsAtqezgt7McCG3XGqelKzbSq-eXnOoax-2X7hoW8t8fmBnbrG2WirBwWCw5TMdDVQrJ3DYDKtVip4SyfrfZnHxkTp8wgxrFxOd7b89axzgzdMpZxRQ1koszWXH8WmxI2hZaDAgCYHC967jSUruTqhPKIKOP5rLv8tfFR15Uw3V78a-szhAS5bP8.i_v7v3DiKaUmD21Mpj-xhMLUbb7tlHtmFRzL1qneqhQ&dib_tag=se&keywords=gpu&qid=1775433839&sprefix=gp%2Caps%2C387&sr=8-285&xpid=kRTaaIQ0Ql4iY","https://m.media-amazon.com/images/I/813hAsJ7EIL._AC_UY218_.jpg","","VisionTek Radeon HD 7750 2GB GDDR5 – 4K Resolution Support Graphics Card – Support up to 6 Monitors with Mini DisplayPort Outputs – AMD Eyefinity 2.0 – Suitable Graphics Card for Gaming PC","4.1","(427)","$189.99","","","Overnight","FREE delivery","Overnight 7 AM - 11 AM",""
"Only 2 left in stock - order soon.","https://www.amazon.com/ASUS-DisplayPort-Axial-tech-Protective-Backplate/dp/B09ZXC54B5/ref=sr_1_286?crid=346W5D56T0W20&dib=eyJ2IjoiMSJ9.DsdwEa1EWcjxiUA52n3G2SmBYU_vgg6nFugvM6fBKTAtK0IsJ7GJsAtqezgt7McCG3XGqelKzbSq-eXnOoax-2X7hoW8t8fmBnbrG2WirBwWCw5TMdDVQrJ3DYDKtVip4SyfrfZnHxkTp8wgxrFxOd7b89axzgzdMpZxRQ1koszWXH8WmxI2hZaDAgCYHC967jSUruTqhPKIKOP5rLv8tfFR15Uw3V78a-szhAS5bP8.i_v7v3DiKaUmD21Mpj-xhMLUbb7tlHtmFRzL1qneqhQ&dib_tag=se&keywords=gpu&qid=1775433839&sprefix=gp%2Caps%2C387&sr=8-286&xpid=kRTaaIQ0Ql4iY","https://m.media-amazon.com/images/I/71UDGCdYLlL._AC_UY218_.jpg","","ASUS Dual NVIDIA GeForce RTX 3070 V2 OC Edition Gaming Graphics Card (PCIe 4.0, 8GB GDDR6 Memory, LHR, HDMI 2.1, DisplayPort 1.4a, Axial-tech Fan Design, Dual BIOS, Protective Backplate) (Renewed)","3.4","(9)","$309.99","","","Two-Day","FREE delivery","Tue, Apr 7",""
"Or","https://www.amazon.com/GIGABYTE-Graphics-WINDFORCE-GV-N506TGAMING-OC-8GD/dp/B0F5B89RF5/ref=sr_1_287?crid=346W5D56T0W20&dib=eyJ2IjoiMSJ9.DsdwEa1EWcjxiUA52n3G2SmBYU_vgg6nFugvM6fBKTAtK0IsJ7GJsAtqezgt7McCG3XGqelKzbSq-eXnOoax-2X7hoW8t8fmBnbrG2WirBwWCw5TMdDVQrJ3DYDKtVip4SyfrfZnHxkTp8wgxrFxOd7b89axzgzdMpZxRQ1koszWXH8WmxI2hZaDAgCYHC967jSUruTqhPKIKOP5rLv8tfFR15Uw3V78a-szhAS5bP8.i_v7v3DiKaUmD21Mpj-xhMLUbb7tlHtmFRzL1qneqhQ&dib_tag=se&keywords=gpu&qid=1775433839&sprefix=gp%2Caps%2C387&sr=8-287&ufe=app_do%3Aamzn1.fos.5998aa40-ec6f-4947-a68f-cd087fee0848&xpid=kRTaaIQ0Ql4iY","https://m.media-amazon.com/images/I/71NyqEszL0L._AC_UY218_.jpg","","GIGABYTE GeForce RTX 5060 Ti Gaming OC 8G Graphics Card, 8GB 128-bit GDDR7, PCIe 5.0, WINDFORCE Cooling System, GV-N506TGAMING OC-8GD Video Card","4.7","(237)","$439.99","","$88.00","","FREE delivery  for Prime members","Apr 22 - May 6",""
"No featured offers available","https://www.amazon.com/Zotac-258125-Zt-a30610f-10plhr-Geforce-3060ti/dp/B09GS84DK9/ref=sr_1_288?crid=346W5D56T0W20&dib=eyJ2IjoiMSJ9.DsdwEa1EWcjxiUA52n3G2SmBYU_vgg6nFugvM6fBKTAtK0IsJ7GJsAtqezgt7McCG3XGqelKzbSq-eXnOoax-2X7hoW8t8fmBnbrG2WirBwWCw5TMdDVQrJ3DYDKtVip4SyfrfZnHxkTp8wgxrFxOd7b89axzgzdMpZxRQ1koszWXH8WmxI2hZaDAgCYHC967jSUruTqhPKIKOP5rLv8tfFR15Uw3V78a-szhAS5bP8.i_v7v3DiKaUmD21Mpj-xhMLUbb7tlHtmFRzL1qneqhQ&dib_tag=se&keywords=gpu&qid=1775433839&sprefix=gp%2Caps%2C387&sr=8-288&xpid=kRTaaIQ0Ql4iY","https://m.media-amazon.com/images/I/613qHlNshiL._AC_UY218_.jpg","","Zotac Usa 258125 Zotac Vcx Zt-a30610f-10plhr Geforce Rtx 3060ti Amp White Edition Lhr 8gb Gddr6","4.0","(48)","","","","","","",""
"New Price:","https://www.amazon.com/NVIDIA-GeForce-GDDR6-Express-Graphics/dp/B0B44P3XHP/ref=sr_1_289?crid=346W5D56T0W20&dib=eyJ2IjoiMSJ9.DsdwEa1EWcjxiUA52n3G2SmBYU_vgg6nFugvM6fBKTAtK0IsJ7GJsAtqezgt7McCG3XGqelKzbSq-eXnOoax-2X7hoW8t8fmBnbrG2WirBwWCw5TMdDVQrJ3DYDKtVip4SyfrfZnHxkTp8wgxrFxOd7b89axzgzdMpZxRQ1koszWXH8WmxI2hZaDAgCYHC967jSUruTqhPKIKOP5rLv8tfFR15Uw3V78a-szhAS5bP8.i_v7v3DiKaUmD21Mpj-xhMLUbb7tlHtmFRzL1qneqhQ&dib_tag=se&keywords=gpu&qid=1775433839&sprefix=gp%2Caps%2C387&sr=8-289&xpid=kRTaaIQ0Ql4iY","https://m.media-amazon.com/images/I/51c63ubHJyL._AC_UY218_.jpg","","NVDIA GeForce RTX 3070 8GB GDDR6 PCI Express 4.0 Graphics Card - Dark Platinum and Black (Renewed)","3.8","(34)","$329.99","$406.55","$406.55","Overnight","FREE delivery","Overnight 7 AM - 11 AM",""
"No featured offers available","https://www.amazon.com/MSI-Graphics-256-bit-Extreme-Performance/dp/B0DSXNXTSS/ref=sr_1_290?crid=346W5D56T0W20&dib=eyJ2IjoiMSJ9.DsdwEa1EWcjxiUA52n3G2SmBYU_vgg6nFugvM6fBKTAtK0IsJ7GJsAtqezgt7McCG3XGqelKzbSq-eXnOoax-2X7hoW8t8fmBnbrG2WirBwWCw5TMdDVQrJ3DYDKtVip4SyfrfZnHxkTp8wgxrFxOd7b89axzgzdMpZxRQ1koszWXH8WmxI2hZaDAgCYHC967jSUruTqhPKIKOP5rLv8tfFR15Uw3V78a-szhAS5bP8.i_v7v3DiKaUmD21Mpj-xhMLUbb7tlHtmFRzL1qneqhQ&dib_tag=se&keywords=gpu&qid=1775433839&sprefix=gp%2Caps%2C387&sr=8-290&xpid=kRTaaIQ0Ql4iY","https://m.media-amazon.com/images/I/71n9sxFO9dL._AC_UY218_.jpg","","msi Gaming RTX 5080 16G Gaming Trio OC Graphics Card (16GB GDDR7, 256-bit, Extreme Performance: 2715 MHz, DisplayPort x 3 2.1a, HDMI 2.1b, NVIDIA Blackwell Architecture)","4.0","(55)","","","","","","",""
"Only 3 left in stock - order soon.","https://www.amazon.com/sspa/click?ie=UTF8&spc=MTo4NzA4OTcyNzczNTg1MDY2OjE3NzU0MzM4Mzk6c3BfYnRmOjMwMTE2MTQ1MTQ2MTMwMjo6MDo6&url=%2FTbest-Graphic-Graphics-Crossfirex-Motherboard%2Fdp%2FB0C3NM9B95%2Fref%3Dsr_1_291_sspa%3Fcrid%3D346W5D56T0W20%26dib%3DeyJ2IjoiMSJ9.DsdwEa1EWcjxiUA52n3G2SmBYU_vgg6nFugvM6fBKTAtK0IsJ7GJsAtqezgt7McCG3XGqelKzbSq-eXnOoax-2X7hoW8t8fmBnbrG2WirBwWCw5TMdDVQrJ3DYDKtVip4SyfrfZnHxkTp8wgxrFxOd7b89axzgzdMpZxRQ1koszWXH8WmxI2hZaDAgCYHC967jSUruTqhPKIKOP5rLv8tfFR15Uw3V78a-szhAS5bP8.i_v7v3DiKaUmD21Mpj-xhMLUbb7tlHtmFRzL1qneqhQ%26dib_tag%3Dse%26keywords%3Dgpu%26qid%3D1775433839%26sprefix%3Dgp%252Caps%252C387%26sr%3D8-291-spons%26xpid%3DkRTaaIQ0Ql4iY%26sp_csd%3Dd2lkZ2V0TmFtZT1zcF9idGY%26psc%3D1","https://m.media-amazon.com/images/I/71PENAqiJQL._AC_UY218_.jpg","Sponsored","Tbest 4GB Desktop Graphics Card,Graphics Card Desktop Computer Accessories ATI HD6770 4GB 128Bit GDDR5 650MHz","3.1","(7)","$63.87","","","Two-Day","FREE delivery","Tue, Apr 7",""
"Only 1 left in stock - order soon.","https://www.amazon.com/sspa/click?ie=UTF8&spc=MTo4NzA4OTcyNzczNTg1MDY2OjE3NzU0MzM4Mzk6c3BfYnRmOjMwMTE2MjkzNzk5NzcwMjo6MDo6&url=%2FSanpyl-Graphics-Computer-Accessories-Compatible%2Fdp%2FB0CHJXGYL6%2Fref%3Dsr_1_292_sspa%3Fcrid%3D346W5D56T0W20%26dib%3DeyJ2IjoiMSJ9.DsdwEa1EWcjxiUA52n3G2SmBYU_vgg6nFugvM6fBKTAtK0IsJ7GJsAtqezgt7McCG3XGqelKzbSq-eXnOoax-2X7hoW8t8fmBnbrG2WirBwWCw5TMdDVQrJ3DYDKtVip4SyfrfZnHxkTp8wgxrFxOd7b89axzgzdMpZxRQ1koszWXH8WmxI2hZaDAgCYHC967jSUruTqhPKIKOP5rLv8tfFR15Uw3V78a-szhAS5bP8.i_v7v3DiKaUmD21Mpj-xhMLUbb7tlHtmFRzL1qneqhQ%26dib_tag%3Dse%26keywords%3Dgpu%26qid%3D1775433839%26sprefix%3Dgp%252Caps%252C387%26sr%3D8-292-spons%26xpid%3DkRTaaIQ0Ql4iY%26sp_csd%3Dd2lkZ2V0TmFtZT1zcF9idGY%26psc%3D1","https://m.media-amazon.com/images/I/416m5++6noL._AC_UY218_.jpg","Sponsored","Sanpyl PCI VGA Graphics Card 8MB, 32Bit, Multi Display for Desktop Computer Accessories, ATI Rage XL Compatible","","","$23.39","","","","FREE delivery  for Prime members","Fri, Apr 10",""
"Only 1 left in stock - order soon.","https://www.amazon.com/sspa/click?ie=UTF8&spc=MTo4NzA4OTcyNzczNTg1MDY2OjE3NzU0MzM4Mzk6c3BfYnRmOjMwMTE1NDQ3ODI0MTYwMjo6MDo6&url=%2FEstink-Graphics-Desktop-Computer-DirectX%2Fdp%2FB0C7HGM4VG%2Fref%3Dsr_1_293_sspa%3Fcrid%3D346W5D56T0W20%26dib%3DeyJ2IjoiMSJ9.DsdwEa1EWcjxiUA52n3G2SmBYU_vgg6nFugvM6fBKTAtK0IsJ7GJsAtqezgt7McCG3XGqelKzbSq-eXnOoax-2X7hoW8t8fmBnbrG2WirBwWCw5TMdDVQrJ3DYDKtVip4SyfrfZnHxkTp8wgxrFxOd7b89axzgzdMpZxRQ1koszWXH8WmxI2hZaDAgCYHC967jSUruTqhPKIKOP5rLv8tfFR15Uw3V78a-szhAS5bP8.i_v7v3DiKaUmD21Mpj-xhMLUbb7tlHtmFRzL1qneqhQ%26dib_tag%3Dse%26keywords%3Dgpu%26qid%3D1775433839%26sprefix%3Dgp%252Caps%252C387%26sr%3D8-293-spons%26xpid%3DkRTaaIQ0Ql4iY%26sp_csd%3Dd2lkZ2V0TmFtZT1zcF9idGY%26psc%3D1","https://m.media-amazon.com/images/I/41cjuJx9+wL._AC_UY218_.jpg","Sponsored","Estink HD7670 4GB GDDR5 Graphics Card for HDMI VGA DVI Desktop Computer Graphics Card for DirectX 11, PCI Express X16 Video Card with Cooling Fan","3.7","(3)","$83.72","","","Tomorrow","FREE delivery","Tomorrow, Apr 6",""
"100+ bought in past month","https://aax-us-east-retail-direct.amazon.com/x/c/JLkSnwqvjun304Ko8vqFGKsAAAGdYBp11wEAAAH2AQBvbm9fdHhuX2JpZDcgICBvbm9fdHhuX2ltcDEgICDZu-tE/clv1c_ek-wwoHXFcbWDYHOEIvrJ16WPjERPZsaVWi650Eir_OEQdXgVZIfVh8p-DtkfU1b-EkP_ajQtOeTZz9eNSFMuGHxi8jPeL6ffBYVANf2F8wIDdB2KXevdYR4YnV2K85ECTkRut1jJEtPTNDIDUUm_d7ZAF3dlumslkf6QTyO24Ar4Xs_u-Bbuu4iYy9t70eR77Cp6HFTSxNQwLAN6wvQ1nuzKwQdzFjxIKfMKyp6HSyhG9NLf2Vb2aE4yDY6zQYCj2F52XF_vW3NWxUZ_SXAwAEapb-JrsdXouTIkGEO9tY7JEsk6SjUTaNjMsf7KBTe_dtvCOBFnO4DV25rt52bZYe5yCKpgpHV5RzZzA-hXszzCnBw3HXoDEv-J8OEAMWDg0ggIVpwPeqJkKuk86DTY7sGoY9e1AovhkMptDEWxO4mrTHUnoZnm1xqvCjUckIbJv2NBc_90z2IMOacPeSP2dAts7Sv-SJ1Mn64FNytDV4o5-zyvKf8RHo81_sgUGjIVbwkGYiMpoLy6md3fPwtnkSZYl85cJljeeqXSjgowg6gnDjMMFBT3VXeKo9ufGtYFI0d0go4_DFPsSiJx0dQEdipXus_XJ-OCh1sk0wp70pF4saWK-dMDA7JftdumfhlYwhCP85bzUfOM2B7p2KobQmsVOso8Vsp5FZywlqG7PuUGdTmTwZ3sEoPgFEfkEnuHoik1HdsYYq9_5dl1btzMuOIVeITe-7GVOFaDCpmEfqJMer2zUwNGefdVau07jTPHw7FVwE31fCs3Wnp9zfSrDdqpL5gEpxR3S3uxmAh4O8qFI7QAtKaAIC69EBoJSBU3Y9mQ_f5WLCc4r2lduIN3_0RP58N0N_S_XDzb2ycfcD5LudKy2bhU4EiijVPJRjsb9EQQKX3v3gGRw9wEa18YwHjZY9-e6V-wQiDjBCImgKm4aCpFSJEuREbVTKQlnlSHbROQ0y4SkHxHZA4N4wHvywWk8iOqOwlYdbxZpvi2Fm2TCsy3DMFUQd2OuGU2a8KqSqSwQo7mLZ426zEY-ozUqHgBdxnmIbHxH_lPLzOga5NmcphHem5qC3_Yw/https://www.amazon.com/dp/B0DPPZ57PX?pd_rd_i=B0DPPZ57PX&pf_rd_p=2c8e5d59-6279-4999-832d-be45d1ca8e79&pf_rd_r=0X70VC7K4JBP1CVBZKW5&pd_rd_wg=3HYrU&pd_rd_w=8Kwlj&pd_rd_r=1b1fb988-976e-4bed-9263-7f11d46de32c","https://m.media-amazon.com/images/I/51plMh3+7eL._AC_UL640_QL65_.jpg","","GPU Support Bracket, Graphics Card GPU Brace Support, Video Card Sag Holder Bracket with Magnet & Non-Slip Sheet,White, L(74mm-120mm)","4.6","Sponsored","$5.99","","","Tomorrow","FREE delivery","Tomorrow, Apr 6",""
"cpu","https://www.amazon.com/s?k=cpu&ref=rsl_sug_0_0&pd_rd_w=8hxHI&content-id=amzn1.sym.3be64970-3b95-4a6d-a45d-78077a3ff871:amzn1.sym.3be64970-3b95-4a6d-a45d-78077a3ff871&pf_rd_p=3be64970-3b95-4a6d-a45d-78077a3ff871&pf_rd_r=0X70VC7K4JBP1CVBZKW5&pd_rd_wg=3HYrU&pd_rd_r=1b1fb988-976e-4bed-9263-7f11d46de32c&qid=1775433839","","","","","","","","","","","",""
"","","","","","","","","","","","","",""
"","https://aax-us-east-retail-direct.amazon.com/x/c/JJz0mTgql9yEQKx3mKg3UssAAAGdYBp20AEAAAH2AQBvbm9fdHhuX2JpZDEgICBvbm9fdHhuX2ltcDEgICCyw2l7/clv1c_ek-wwgHWFcbWDoHOHovrJ16WPjERPZsaVbwmBgHivGtGRNXlsg8sBx0xCxPdxXtpzeXCHiDPtLPpNnn2L8D9e0lY-kFdeqyLJzWFkFKnyTM-ocZ1ksciTG30lt28rlbbM3hnVJFsOOw58Hdy6G1l4uw74J2cBNDqhN2Y4Qf2ZBaKfTWJGAbKK20LdkRxAI3ciu-OynlZ6wnadTTx5myKMttCWd1TdWqxwv_3Og31TTTGEQ9iOj0W7v3DjBb8anW447rdw2FFnEmJL0JJJha3zCQKoLPCM8leOZ7eM1RVUhOwCb6hR_8wXgrOtWfm83MAbEUnNGBV_1lYe9WvyC31-kfpF_SSuQ2RZEuZhjTrnO55cTaBJ7LE7AuVMIjADSZ1KIdoXxZHQ_h8d9DthRtAenoZ3btT7_Z7qtKYNZZm2BlZZFI8eBAGJgxV4ODgxAm5_oT8NTS1_UTmlCF4dM02b2Ipj3VzN37vbfjnUEKys5Nq06AS_8YaiBn7QZDNoEWAjxO8ZWDdc3Vy6hKfOmWl85ONprWCux-v4RZFdpS5wc5ck0NH2HKhDMX8HGUM0rfsOKmEQgx1I3KWkvZjqlSKHCK6IfHbQ9ScNm1WIgvQ9cuIT3hwYxZqsWcuk-RbgIhwuiRq1h9MCm62rVWGclTu74PSuFEGeHHnEs8TDeRbvJRm1nN4hBkjTkTbWzpT9-5v2nifRPH2XNO6EwUWNCa6izyTPhI7LJFEgf0th6IMZimt7h6C5l7KF_JUGPfZhorGsTKO1TnC_-493jnD6NXkRrOuKlaaJJaGdxiT2wbLqgapg6Xb-qa3Rni6if8xD8CeAO0J4bZjNJI8VwPFGz_ui8ldUktfX-Io83BnpZuVYR_WRShQyOS4H02HQRF0QZxHtBzk9K0zYqVyAUirsnGeufsJtT7B6JuyZUCoA_OFAvscXzVDIum70Avq6RLxTfqRo2iKjoJqhjo6zzfJQTmC6Z3EsPp1COj0-Qy94N5v1Lfp9npwf3SBZz70th519av6FTHzQIbFVQncNJE5ZAU6IDwJtMGCXwxc0nqxSw/https://www.amazon.com/stores/page/8549739B-59D3-4BA0-90D1-FB830BA35ADA/?_encoding=UTF8&store_ref=SB_A08794491EIGPNWSD2JWK-A08028182GTT6Y60PG34D&pd_rd_plhdr=t&aaxitk=c81e3dfb372dcc950728eb2d9276c7ac&hsa_cr_id=0&lp_asins=B0DT1JJVDX%2CB0DWT4C4CC&lp_query=gpu&lp_slot=desktop-hsa-3psl&ref_=sbx_be_s_3psl_mbd_mb0_bkgd&pd_rd_w=GLGSx&content-id=amzn1.sym.7d5eb573-01e8-49db-b262-65baa247c724%3Aamzn1.sym.7d5eb573-01e8-49db-b262-65baa247c724&pf_rd_p=7d5eb573-01e8-49db-b262-65baa247c724&pf_rd_r=0X70VC7K4JBP1CVBZKW5&pd_rd_wg=LEgKX&pd_rd_r=d87106a7-e868-44a6-9689-900a68d6f4a3","","","","","","","","","","","",""
"","https://aax-us-east-retail-direct.amazon.com/x/c/JKlwbbqzxNYaOj4j2JXMAZ0AAAGdYBqHdQEAAAH2AQBvbm9fdHhuX2JpZDEgICBvbm9fdHhuX2ltcDEgICAkbZq6/clv1c_ek-ww4HXFcbWDYHOHovrJ16WnhIPHs94jugIiJTq1-Gb_rFUrpP5dL6H9iYO3deUQfhBm6mr03K-_-5iKWKFuV3x-0ePk4icg6kW_lbM4syjZh2fx2iiDGSs9jHwaX8sVtPT3wjxSmIKBXOKts50G5Daouk84jFaOoRATlPpSYqok-XcDL_A5tqhnNlhKGMUg-7Tsl-jCiNIdP1AfFpwvswXSDOp4Fzi2xri_ku2eU76VH6Ufpl1fwyVX7XGzQJRu-cxwhJVpWvRe71RFT3tsxGJg_tmB9ytV9dUVqZ6dwq7mcVKOW7t46gA0vS6GsAnbaFqjYOJ45tzoVNSbIqKWZOHTiiMZ_dg8stZIx9AYZE3juasgdayuGpWt8jmkrmOpAuAxo4m0CIySzWy3wjv_uyK6vmE4Wytpgac5_Dm0TwpstYW7QEFqMt08pYIhfB38mShZg8ECl-jy4mgP8XOYVMTgC5VNdYaY_jY15XCVQ2gAz8v8j7dyTkn9OPbL4vAVctjbHgwalTpij2tMx13VkessjWbeu1DONGuCb9Jshebripbtla_iBNMFQN-tQTwEryD9yQzW0gcHJ4aBmqODRaLDnvPFw680P3v2q-K7pDOAjRkKQ4l4zYlRGLPXGn2el8bl7Q_aayOQbZmFr7OgD_crbn8Nx-7O_RVLfE4_ffRjCkCAEFY-hNGAYql-K1QAa7f5GcMrpWZ69Tymv89vgq3KrPq_5p5HQ_fz_-lTkxcOB-W3C-QT3WjDcasRzq8yogceYjxdSmYffFhrziN87MyYgeGvWMTnFOUu34-0e2jMlMhO-65wNyq6iS-gM3h6kArptMB_n60fk9enIYqAezD8jh4jbV-avE-aWg6Vy0qy87GMt1KKAiygwXfV3lexyegzjI2GoOXsuWzRHRMmyZ3mrqbB97P0ZwC9QEGqX8r8sxUKlCFpJwL8cDDzps51IqDMXaFahSDvGU0_jJ2BoCh-TEqToUKYiI1U5JgPDNf6SjbUgrzou3e8v5HH2GGrKsKWjPpYEmgE8hYohrYYi7eVZCHtfSk2WnhAHn4/https://www.amazon.com/stores/page/39F35EF5-977D-4ED8-AF23-DCC058F5D3FE/?_encoding=UTF8&store_ref=SB_A08817451WUTLNLLY5D1W-A04836022D66X3IY2YS2Q&pd_rd_plhdr=t&aaxitk=b075b2158eccddebdc7b1fa8210bdb25&hsa_cr_id=0&lp_asins=B0CP3MZZ75%2CB082WVQP5T%2CB0CP3MTP68&lp_query=gpu&lp_slot=auto-sparkle-hsa-tetris&ref_=sbx_be_s_sparkle_ssd_bkgd&pd_rd_w=mpuqj&content-id=amzn1.sym.cc961e39-6f5f-411e-8135-81c6c1187ac0%3Aamzn1.sym.cc961e39-6f5f-411e-8135-81c6c1187ac0&pf_rd_p=cc961e39-6f5f-411e-8135-81c6c1187ac0&pf_rd_r=S4E4BSTZBAXVPVWKNF3N&pd_rd_wg=jmUwV&pd_rd_r=574d4198-335d-4fdd-9740-78cb8a68725e","","","","","","","","","","","",""
"Coupon price","https://www.amazon.com/sspa/click?ie=UTF8&spc=MToxMTgxMzc5NTQxMTg0NDc0OjE3NzU0MzM4NDQ6c3BfYXRmX25leHQ6MzAxMDcyMzk5NjA2NjAyOjowOjo&url=%2FEZDIY-FAB-PCIe-5-0-Adapter-Compatible%2Fdp%2FB0CP3LPT9H%2Fref%3Dsr_1_289_sspa%3Fcrid%3D346W5D56T0W20%26dib%3DeyJ2IjoiMSJ9.5cAgb97lf9xER7dmifOmk6LbXHTvBZVwuFhbMAiEalZWmMWsVND6tWSkXRLVrYDNR-H0nE8B14Fs2HY9ZXG3zfiUIx_wGrL_hKrAy2Z0erH7bSxlmVgnpMlbInI0dAXkKREzaN67oSKneb-xk89IBMUT-ifiw1WbaWrO_LQbFEyk6WIy3Kj3WiBgkmVgsOhrryQeNV4KzMvgZ54ZY6uAMRHpsmw4HHYvv8RP6ZzxmrE.c1b49WQ5qKCgxt5Qu482RztCd5zBAi7uOB83XHFaaKE%26dib_tag%3Dse%26keywords%3Dgpu%26qid%3D1775433844%26sprefix%3Dgp%252Caps%252C387%26sr%3D8-289-spons%26xpid%3DkRTaaIQ0Ql4iY%26sp_csd%3Dd2lkZ2V0TmFtZT1zcF9hdGZfbmV4dA%26psc%3D1","https://m.media-amazon.com/images/I/71uxg4q5d+L._AC_UY218_.jpg","Sponsored","EZDIY-FAB PCIe 5.1 Adapter - 600W 12+4pin, 16pin 12VHPWR GPU Power Connector, 12V-2x6 GPU Adapter,180 Degree Right Angle - Compatible with RTX 3090Ti, 4070Ti, 4080, 4090 GPU - STD Type, Black, 1 Pack","4.0","(37)","$26.99","$2.70","","Overnight","FREE delivery","Overnight 7 AM - 11 AM",""
"Only 19 left in stock - order soon.","https://www.amazon.com/sspa/click?ie=UTF8&spc=MToxMTgxMzc5NTQxMTg0NDc0OjE3NzU0MzM4NDQ6c3BfYXRmX25leHQ6MjAwMTc5MzkzMDEzNzk4OjowOjo&url=%2FFleshy-Leaf-EG50030S1-C170-S9A-EG50030S1-C180-S9A-0VDFK8%2Fdp%2FB0C6F82SNN%2Fref%3Dsr_1_290_sspa%3Fcrid%3D346W5D56T0W20%26dib%3DeyJ2IjoiMSJ9.5cAgb97lf9xER7dmifOmk6LbXHTvBZVwuFhbMAiEalZWmMWsVND6tWSkXRLVrYDNR-H0nE8B14Fs2HY9ZXG3zfiUIx_wGrL_hKrAy2Z0erH7bSxlmVgnpMlbInI0dAXkKREzaN67oSKneb-xk89IBMUT-ifiw1WbaWrO_LQbFEyk6WIy3Kj3WiBgkmVgsOhrryQeNV4KzMvgZ54ZY6uAMRHpsmw4HHYvv8RP6ZzxmrE.c1b49WQ5qKCgxt5Qu482RztCd5zBAi7uOB83XHFaaKE%26dib_tag%3Dse%26keywords%3Dgpu%26qid%3D1775433844%26sprefix%3Dgp%252Caps%252C387%26sr%3D8-290-spons%26xpid%3DkRTaaIQ0Ql4iY%26sp_csd%3Dd2lkZ2V0TmFtZT1zcF9hdGZfbmV4dA%26psc%3D1","https://m.media-amazon.com/images/I/61UnNTNUwHL._AC_UY218_.jpg","Sponsored","Fleshy Leaf Replacement CPU+GPU Cooling Fan for Dell XPS 13 7390 2-in-1 (Only fits for 2-in-1 Version) Series EG50030S1-C170-S9A EG50030S1-C180-S9A 0VDFK8","5.0","(5)","$27.55","","","Overnight","FREE delivery","Overnight 7 AM - 11 AM",""
"Only 6 left in stock - order soon.","https://www.amazon.com/Sonnet-Breakaway-Box-eGPU-Enclosure/dp/B0FX86P6T8/ref=sr_1_291?crid=346W5D56T0W20&dib=eyJ2IjoiMSJ9.5cAgb97lf9xER7dmifOmk6LbXHTvBZVwuFhbMAiEalZWmMWsVND6tWSkXRLVrYDNR-H0nE8B14Fs2HY9ZXG3zfiUIx_wGrL_hKrAy2Z0erH7bSxlmVgnpMlbInI0dAXkKREzaN67oSKneb-xk89IBMUT-ifiw1WbaWrO_LQbFEyk6WIy3Kj3WiBgkmVgsOhrryQeNV4KzMvgZ54ZY6uAMRHpsmw4HHYvv8RP6ZzxmrE.c1b49WQ5qKCgxt5Qu482RztCd5zBAi7uOB83XHFaaKE&dib_tag=se&keywords=gpu&qid=1775433844&sprefix=gp%2Caps%2C387&sr=8-291&xpid=kRTaaIQ0Ql4iY","https://m.media-amazon.com/images/I/617bDIC71WL._AC_UY218_.jpg","","Sonnet Breakaway Box 850 T5 eGPU Enclosure – 80 Gbps Thunderbolt 5 / Thunderbolt 4 / USB4 – External GPU for Windows – 850W Power – Triple-Wide Graphics Cards – 5GbE Port","4.3","(7)","$499.99","","","Two-Day","FREE delivery","Tue, Apr 7",""
"Typical price:","https://www.amazon.com/ASUS-Graphics-DisplayPort-Military-Grade-Certification/dp/B09B38Z7DB/ref=sr_1_292?crid=346W5D56T0W20&dib=eyJ2IjoiMSJ9.5cAgb97lf9xER7dmifOmk6LbXHTvBZVwuFhbMAiEalZWmMWsVND6tWSkXRLVrYDNR-H0nE8B14Fs2HY9ZXG3zfiUIx_wGrL_hKrAy2Z0erH7bSxlmVgnpMlbInI0dAXkKREzaN67oSKneb-xk89IBMUT-ifiw1WbaWrO_LQbFEyk6WIy3Kj3WiBgkmVgsOhrryQeNV4KzMvgZ54ZY6uAMRHpsmw4HHYvv8RP6ZzxmrE.c1b49WQ5qKCgxt5Qu482RztCd5zBAi7uOB83XHFaaKE&dib_tag=se&keywords=gpu&qid=1775433844&sprefix=gp%2Caps%2C387&sr=8-292&xpid=kRTaaIQ0Ql4iY","https://m.media-amazon.com/images/I/81t7Ga7nyxS._AC_UY218_.jpg","","ASUS TUF Gaming NVIDIA GeForce RTX 3070 Ti OC Edition Graphics Card (PCIe 4.0, 8GB GDDR6X, HDMI 2.1, DisplayPort 1.4a, Dual Ball Fan Bearings, Military-Grade Certification, GPU Tweak II) (Renewed)","4.4","(42)","$399.99","$429.99","$429.99","Two-Day","FREE delivery","Tue, Apr 7",""
"Only 4 left in stock - order soon.","https://www.amazon.com/Sapphire-11325-02-20G-Radeon-Gaming-Graphics/dp/B0CVQYVYSP/ref=sr_1_293?crid=346W5D56T0W20&dib=eyJ2IjoiMSJ9.5cAgb97lf9xER7dmifOmk6LbXHTvBZVwuFhbMAiEalZWmMWsVND6tWSkXRLVrYDNR-H0nE8B14Fs2HY9ZXG3zfiUIx_wGrL_hKrAy2Z0erH7bSxlmVgnpMlbInI0dAXkKREzaN67oSKneb-xk89IBMUT-ifiw1WbaWrO_LQbFEyk6WIy3Kj3WiBgkmVgsOhrryQeNV4KzMvgZ54ZY6uAMRHpsmw4HHYvv8RP6ZzxmrE.c1b49WQ5qKCgxt5Qu482RztCd5zBAi7uOB83XHFaaKE&dib_tag=se&keywords=gpu&qid=1775433844&sprefix=gp%2Caps%2C387&sr=8-293&xpid=kRTaaIQ0Ql4iY","https://m.media-amazon.com/images/I/81jooy0ipEL._AC_UY218_.jpg","","Sapphire 11325-02-20G Nitro+ AMD Radeon RX 7900 GRE Gaming Graphics Card with 16GB GDDR6, AMD RDNA 3","4.4","(29)","$799.00","","","","$6.86 delivery","Tue, Apr 14",""
"| Based on star rating and number of customer ratings","https://www.amazon.com/s?k=gpu&page=19&crid=346W5D56T0W20&qid=1775433839&sprefix=gp%2Caps%2C387&xpid=kRTaaIQ0Ql4iY&ref=sr_pg_18#","https://m.media-amazon.com/images/I/61Qc5OicamL._AC_UL320_.jpg","","","4.1","(22)","$17.99","$1.80","$11.00","Tomorrow","FREE delivery","Tomorrow, Apr 6","Overnight 7 AM - 11 AM"
"","https://aax-us-east-retail-direct.amazon.com/x/c/JKsi0ojEZiMN7Q5klblQeAUAAAGdYBqHlAEAAAH2AQBvbm9fdHhuX2JpZDEgICBvbm9fdHhuX2ltcDEgICB7SeM_/clv1c_ek-wAvHzFdbWrtcXpgMHrFNkZlJZAUHwW2IEihYyfMOrzJb4O9h3J-hcydtBrR5ThAnFUK2L08jw5Yd5Vr3oK4eSqErDUByW372ojJRASICoWRjn1DIJcy187PHcrqJbBHfrmdP_-lEa2ZDv5SYSBFHbpKXct1U8IATSzfKtUIkcQ_ddk21Z1L6BM0NdeKPj5w6M-2dpHcvO_zSBC2Rr-FrHs9XqGNBUhvsJ-q3uMhGe92TS5q-jVFxqs6GumnzvFe2hZrB75GWp_36UdAsWnPj5YzwRRa8W59wLLO8L-kkU_oHXfj0_IH_1U_cRbeyWbhIsstASJ6gBQmu1zJyQBYGItheAoTZaMHQiHL-CJLE93a86MnAS0z02Y5HCInJrnTHtADZiCePhREWJe-VwphIm-392iFRFBibJLKYISmv6jnwWDQA54srFOvXjn1LMZLCUqQq56C_gf_VP8PTnAXW5AihaVEH3MVrSwzGhZsHlTLOAqsOx4o01h9W74wf1PTuB-BK7dhDna_EHQ9lhaGPXFS-VTd-bZsF0vnuN2iqg0ciURsCaAWvmtjtLPK8dveZZMR2dyYMJJ5ArSme0fy_ivcgOtIA13MhWAze38RoxUxqkIfFsLCgyLLTCP4XKkzIReeyAskot53s5R0s1tYgFDcf-vFwByVAiI9oDwcfBvEiUcCbgXC1jD5bJSLNdxF3rAeBsktbcnlZ3MxMe2CiZt-_a6uYSpUao-aakRRjt9tHzpZXHzgrzvjYekNpSS9yFsqyLmI74QBtjdP0RcNuld_qKoeLlDXoeklugqbfo0wEH3y0jCed8gcbYFQlGEb3AGlYvfxYrUX9myyBHaGrXGt5W-CEROSm3WOeqI__NT3Jakyzois5JqmMAau9fH3nMnLb1vbfJePUaNvRSVx3aMKX2V0FGV9Y1gyAUapy8-1710troHgTwroZOCF-DikfwSK8KyHVDTB9XdUxVb3G4c0ReO1sxMgebg4_KpCln_CIF9C0WnCjvMxhNGCDGLoD2JPQ0XADagvcbRO9NMaPuu6G_ajgM8YPpQhkq4zd8bVz2156fcstsm_O20qEW1vs/https://www.amazon.com/stores/page/B916E14A-6EA6-40A0-B386-1C60ECE20F5C/?_encoding=UTF8&pd_rd_plhdr=t&pd_rd_i=B0FBX5HTST&ref_=sbx_be_s_sparkle_ssd_bkg&store_ref=SBV_A04921433J7IU47RF0WTL-A06432682QRORSKNFKCS5&lp_asins=B0FBX5HTST&pd_rd_w=pP7i1&content-id=amzn1.sym.a55e4c23-ba6c-4408-a37e-65ef6d7a1c73%3Aamzn1.sym.a55e4c23-ba6c-4408-a37e-65ef6d7a1c73&pf_rd_p=a55e4c23-ba6c-4408-a37e-65ef6d7a1c73&pf_rd_r=S4E4BSTZBAXVPVWKNF3N&pd_rd_wg=oDphE&pd_rd_r=e35d4fcd-7c63-442c-9b81-e8a6edc84817","","","","3.7","Shop","","","","","","",""
"","https://aax-us-east-retail-direct.amazon.com/x/c/JLSXiOncNBisRDMdLJ67OB8AAAGdYBqHhAEAAAH2AQBvbm9fdHhuX2JpZDIgICBvbm9fdHhuX2ltcDIgICBCZHnZ/clv1c_ek-wwoHXFcbWDYHOEIvrJ16WHlXzGjt1Ld3CylVuHxw8hQXaFdf-Bayu6xcIpkWCeSQZkFcJsgmCeoDpcPmyGr8MF1SREwZTeheF8hHGCsxe52aJUL__J6xYwbjVKx87YG5Qi7NbtBidqM8UqHpG-t7vgB2cTHdq0cJ6wi-x1pIu6kKVELpl78IXsw43NR64geme-nlZ6wH6xYi2o13JykzIjAq4ITfO-S9jwa2D_7FTvztwnO872eD5870DIPb_CjjIp72zExhSqRfV9PHdlcpJc06_AiqRTdGWfKptRk_obN_-fgThAXhHQXC6ZlSvLuPjlIsTaKBzLe-QLrQfDUPxZw8iVyXOWqxqqtil6o-61KYe7Z_CjVBwECWB6NPIQf5XzNycntkCXYVtwX_-EJ6XY_-7oe9WWEUDOcd4l_KtHUZZi7c3HHEXlyjowpLA61F27C1ah0LHXB4QLtD0x2IkHj1BWMJ6EByho1hP6A0efXWXXi00FsDllg5-iOHM8czIOkV2dTFK4erGb9gg5Mxb9cNWC4ndIyiQ_C4nHKnHsix-SF-eBwUlpb12hiLfuuW2394aMsjxOG5EQrbTN7iMHUEs0aPPdfIdVv_IyZanmZiAPMxH4kiPfUH5riRPCbFrgGtCCfbC1IPI2wQr53lYzLyogk-9yNIyzIukElftY-jD4rg6KybEpjAEhrD1wI6LmgaUuNRwcLpbInJKVNokIMsiMPga5qEYPL1p0fyyF8GAIBhJyd433fnolVD5lbbx7jkj--I7pTdpbMHkbIB083bAger_mZV8xsjW3BdKHB9OStlxuk0z3CvtRACFZDkiG2D214_iFLUbAxE4U8jCrPagLp06GDZTO8IFqaqq6obi4HeEGFhGgygBKWOTT-DEFoN4sZ5pzCq2lTIkUfBv1t9zNLTNazGq4wygmJnKXhuE8eo0LSaEpvqLpX24cFaO8mOj3Dth1bHGOPNs-4ZqvbQmPec0KcuKpQP1bobnj1c-md2_8mzzPxZ4IUEtOh4thdVOYIguX_zATWIqIEXXJNXvW83B4UDcqPuVa5X-cBBMju8bCDk3p2Jp0MHWYmg7xlLZeZFeLHGKtw1RP50M0PxU8iowqPF2/https://www.amazon.com/stores/page/B60ED8F6-5084-4059-A24F-16A102600FA1/?_encoding=UTF8&store_ref=SB_A0247514EVWOO9UH0O2U-A03296811CSHCSN2QPJP&pd_rd_plhdr=t&aaxitk=433ee6cd43b9ee6bb67723df1b223791&hsa_cr_id=0&lp_asins=B0FQ5CR4F7%2CB0FCMF217J%2CB0FCFM4PDV&lp_query=gpu&lp_slot=desktop-inline&ref_=sbx__sbtcd2_bkgd&pd_rd_w=6zyxO&content-id=amzn1.sym.8a47ec59-c206-4272-83cb-e2017cc774b4%3Aamzn1.sym.8a47ec59-c206-4272-83cb-e2017cc774b4&pf_rd_p=8a47ec59-c206-4272-83cb-e2017cc774b4&pf_rd_r=S4E4BSTZBAXVPVWKNF3N&pd_rd_wg=oDphE&pd_rd_r=e35d4fcd-7c63-442c-9b81-e8a6edc84817","","","","4.5","|","$8.49","$8.99","","Overnight","FREE delivery  on $25 of qualifying items","Overnight 7 AM - 11 AM","Overnight 7 AM - 11 AM"
"100+ bought in past month","https://www.amazon.com/Graphics-Support-Anodized-Aerospace-Aluminum/dp/B08C2CTPV6/ref=sr_1_294?crid=346W5D56T0W20&dib=eyJ2IjoiMSJ9.5cAgb97lf9xER7dmifOmk6LbXHTvBZVwuFhbMAiEalZWmMWsVND6tWSkXRLVrYDNR-H0nE8B14Fs2HY9ZXG3zfiUIx_wGrL_hKrAy2Z0erH7bSxlmVgnpMlbInI0dAXkKREzaN67oSKneb-xk89IBMUT-ifiw1WbaWrO_LQbFEyk6WIy3Kj3WiBgkmVgsOhrryQeNV4KzMvgZ54ZY6uAMRHpsmw4HHYvv8RP6ZzxmrE.c1b49WQ5qKCgxt5Qu482RztCd5zBAi7uOB83XHFaaKE&dib_tag=se&keywords=gpu&qid=1775433844&sprefix=gp%2Caps%2C387&sr=8-294&xpid=kRTaaIQ0Ql4iY","https://m.media-amazon.com/images/I/419vm9G1OQL._AC_UY218_.jpg","","Graphics Card GPU Brace Support, Video Card Sag Holder Bracket, GPU Stand, Anodized Aerospace Aluminum (Black)","4.6","(2.8K)","$9.99","","","Overnight","FREE delivery  on $25 of qualifying items","Overnight 7 AM - 11 AM",""
"Only 3 left in stock - order soon.","https://www.amazon.com/NVIDIA-RTX-6000-Blackwell-Workstation/dp/B0FKD5GF8W/ref=sr_1_295?crid=346W5D56T0W20&dib=eyJ2IjoiMSJ9.5cAgb97lf9xER7dmifOmk6LbXHTvBZVwuFhbMAiEalZWmMWsVND6tWSkXRLVrYDNR-H0nE8B14Fs2HY9ZXG3zfiUIx_wGrL_hKrAy2Z0erH7bSxlmVgnpMlbInI0dAXkKREzaN67oSKneb-xk89IBMUT-ifiw1WbaWrO_LQbFEyk6WIy3Kj3WiBgkmVgsOhrryQeNV4KzMvgZ54ZY6uAMRHpsmw4HHYvv8RP6ZzxmrE.c1b49WQ5qKCgxt5Qu482RztCd5zBAi7uOB83XHFaaKE&dib_tag=se&keywords=gpu&qid=1775433844&sprefix=gp%2Caps%2C387&sr=8-295&xpid=kRTaaIQ0Ql4iY","https://m.media-amazon.com/images/I/51GkL7g0NEL._AC_UY218_.jpg","","NVIDIA RTX PRO 6000 Blackwell Workstation Edition","","","$9,499.99","","","","FREE delivery","Tue, Apr 7",""
"Typical:","https://www.amazon.com/Xynsviu-RX560-2G-DisplayPort-Low-Profile/dp/B0DSZL1MBV/ref=sr_1_296?crid=346W5D56T0W20&dib=eyJ2IjoiMSJ9.5cAgb97lf9xER7dmifOmk6LbXHTvBZVwuFhbMAiEalZWmMWsVND6tWSkXRLVrYDNR-H0nE8B14Fs2HY9ZXG3zfiUIx_wGrL_hKrAy2Z0erH7bSxlmVgnpMlbInI0dAXkKREzaN67oSKneb-xk89IBMUT-ifiw1WbaWrO_LQbFEyk6WIy3Kj3WiBgkmVgsOhrryQeNV4KzMvgZ54ZY6uAMRHpsmw4HHYvv8RP6ZzxmrE.c1b49WQ5qKCgxt5Qu482RztCd5zBAi7uOB83XHFaaKE&dib_tag=se&keywords=gpu&qid=1775433844&sprefix=gp%2Caps%2C387&sr=8-296&xpid=kRTaaIQ0Ql4iY","https://m.media-amazon.com/images/I/51eZflK7yuL._AC_UY218_.jpg","","Radeon RX560 2G Graphics Card, with 4 HDMI Monitor Graphics Card,Computer PC GPU GDDR5 128 Bit DirectX 12 PCI Express X16 3.0, 4 Port Video Cards (AMD RX560 2G 4HDMI)","4.2","(15)","$109.24","$114.99","$114.99","Overnight","FREE delivery","Overnight 7 AM - 11 AM",""
"New Price:","https://www.amazon.com/3090-Founders-Renewed-Founder-Graphics/dp/B0BKH8HDWK/ref=sr_1_297?crid=346W5D56T0W20&dib=eyJ2IjoiMSJ9.5cAgb97lf9xER7dmifOmk6LbXHTvBZVwuFhbMAiEalZWmMWsVND6tWSkXRLVrYDNR-H0nE8B14Fs2HY9ZXG3zfiUIx_wGrL_hKrAy2Z0erH7bSxlmVgnpMlbInI0dAXkKREzaN67oSKneb-xk89IBMUT-ifiw1WbaWrO_LQbFEyk6WIy3Kj3WiBgkmVgsOhrryQeNV4KzMvgZ54ZY6uAMRHpsmw4HHYvv8RP6ZzxmrE.c1b49WQ5qKCgxt5Qu482RztCd5zBAi7uOB83XHFaaKE&dib_tag=se&keywords=gpu&qid=1775433844&sprefix=gp%2Caps%2C387&sr=8-297&xpid=kRTaaIQ0Ql4iY","https://m.media-amazon.com/images/I/312T-6TRpsL._AC_UY218_.jpg","","Nvidia RTX 3090 TI Founders Edition (Renewed) Founder Video Graphics Card","3.4","(9)","$1,529.99","$2,149.99","$2,149.99","","FREE delivery","Apr 8 - 9","Apr 7 - 8"
"","https://www.amazon.com/EZDIY-FAB-US-4-0CM-AGPU-B/dp/B096MC685G/ref=sr_1_298?crid=346W5D56T0W20&dib=eyJ2IjoiMSJ9.5cAgb97lf9xER7dmifOmk6LbXHTvBZVwuFhbMAiEalZWmMWsVND6tWSkXRLVrYDNR-H0nE8B14Fs2HY9ZXG3zfiUIx_wGrL_hKrAy2Z0erH7bSxlmVgnpMlbInI0dAXkKREzaN67oSKneb-xk89IBMUT-ifiw1WbaWrO_LQbFEyk6WIy3Kj3WiBgkmVgsOhrryQeNV4KzMvgZ54ZY6uAMRHpsmw4HHYvv8RP6ZzxmrE.c1b49WQ5qKCgxt5Qu482RztCd5zBAi7uOB83XHFaaKE&dib_tag=se&keywords=gpu&qid=1775433844&sprefix=gp%2Caps%2C387&sr=8-298&xpid=kRTaaIQ0Ql4iY","https://m.media-amazon.com/images/I/71QzRcOVXjL._AC_UY218_.jpg","","EZDIY-FAB PCIe 4.0 GPU Mount Bracket Graphic Card Holder Multi-Angle Adjustment, Video Card VGA Support Kit with PCIe 4.0 X16 Gen4 17cm/6.69in Riser Cable - Black","4.1","(138)","$59.99","","","Overnight","FREE delivery","Overnight 7 AM - 11 AM",""
"100+ bought in past month","https://www.amazon.com/ASUS-TUF-B650E-PLUS-Motherboard-DisplayPort/dp/B0F7VZS6FG/ref=sr_1_299?crid=346W5D56T0W20&dib=eyJ2IjoiMSJ9.5cAgb97lf9xER7dmifOmk6LbXHTvBZVwuFhbMAiEalZWmMWsVND6tWSkXRLVrYDNR-H0nE8B14Fs2HY9ZXG3zfiUIx_wGrL_hKrAy2Z0erH7bSxlmVgnpMlbInI0dAXkKREzaN67oSKneb-xk89IBMUT-ifiw1WbaWrO_LQbFEyk6WIy3Kj3WiBgkmVgsOhrryQeNV4KzMvgZ54ZY6uAMRHpsmw4HHYvv8RP6ZzxmrE.c1b49WQ5qKCgxt5Qu482RztCd5zBAi7uOB83XHFaaKE&dib_tag=se&keywords=gpu&qid=1775433844&sprefix=gp%2Caps%2C387&sr=8-299&ufe=app_do%3Aamzn1.fos.9fe8cbfa-bf43-43d1-a707-3f4e65a4b666&xpid=kRTaaIQ0Ql4iY","https://m.media-amazon.com/images/I/81H7fOiDVaL._AC_UY218_.jpg","","ASUS TUF Gaming B650E-PLUS WiFi AMD B650 ATX Motherboard, 12+2+1 80A DrMOS Power Stages, DDR5, PCIe 5.0 Ready, 3X M.2, Wi-Fi 6E, 2.5Gb LAN, DisplayPort, HDMI™, USB Type-C, BIOS Flashback, Aura Sync","4.6","(86)","$135.96","$199.99","$199.99","Overnight","FREE delivery","Overnight 7 AM - 11 AM",""
"","https://www.amazon.com/GIGA-MEGA-Vertical-Bracket-Future-RTX5090/dp/B0FSRGJ1RK/ref=sr_1_300?crid=346W5D56T0W20&dib=eyJ2IjoiMSJ9.5cAgb97lf9xER7dmifOmk6LbXHTvBZVwuFhbMAiEalZWmMWsVND6tWSkXRLVrYDNR-H0nE8B14Fs2HY9ZXG3zfiUIx_wGrL_hKrAy2Z0erH7bSxlmVgnpMlbInI0dAXkKREzaN67oSKneb-xk89IBMUT-ifiw1WbaWrO_LQbFEyk6WIy3Kj3WiBgkmVgsOhrryQeNV4KzMvgZ54ZY6uAMRHpsmw4HHYvv8RP6ZzxmrE.c1b49WQ5qKCgxt5Qu482RztCd5zBAi7uOB83XHFaaKE&dib_tag=se&keywords=gpu&qid=1775433844&sprefix=gp%2Caps%2C387&sr=8-300&xpid=kRTaaIQ0Ql4iY","https://m.media-amazon.com/images/I/61qx7woW32L._AC_UY218_.jpg","","PCIe X16 GEN5 Riser Cable with GPU Vertical Mount Bracket PCIe 5.0 for Future RTX5090 (White Bracket V3)","","","$74.90","","","Overnight","FREE delivery","Overnight 7 AM - 11 AM",""
"300+ bought in past month","https://www.amazon.com/Support-Bracket-Graphics-Prevent-Universal/dp/B0BXP49J1Q/ref=sr_1_301?crid=346W5D56T0W20&dib=eyJ2IjoiMSJ9.5cAgb97lf9xER7dmifOmk6LbXHTvBZVwuFhbMAiEalZWmMWsVND6tWSkXRLVrYDNR-H0nE8B14Fs2HY9ZXG3zfiUIx_wGrL_hKrAy2Z0erH7bSxlmVgnpMlbInI0dAXkKREzaN67oSKneb-xk89IBMUT-ifiw1WbaWrO_LQbFEyk6WIy3Kj3WiBgkmVgsOhrryQeNV4KzMvgZ54ZY6uAMRHpsmw4HHYvv8RP6ZzxmrE.c1b49WQ5qKCgxt5Qu482RztCd5zBAi7uOB83XHFaaKE&dib_tag=se&keywords=gpu&qid=1775433844&sprefix=gp%2Caps%2C387&sr=8-301&xpid=kRTaaIQ0Ql4iY","https://m.media-amazon.com/images/I/614tRVVWhrL._AC_UY218_.jpg","","Tall GPU Support Bracket - Heavy Duty Adjustable GPU Anti Sag Holder & Support Stand for Graphics Card, 4.53""-8.27"" Height Durable Black Metal PC Build Stabilizer, Large/Long GPU Sag Prevention","4.5","(469)","$13.29","$13.99","$13.99","Overnight","FREE delivery  on $25 of qualifying items","Overnight 7 AM - 11 AM",""
"50+ bought in past month","https://www.amazon.com/ARDIYES-Profile-Graphics-Multi-Monitor-Express/dp/B0G397FZ14/ref=sr_1_302?crid=346W5D56T0W20&dib=eyJ2IjoiMSJ9.5cAgb97lf9xER7dmifOmk6LbXHTvBZVwuFhbMAiEalZWmMWsVND6tWSkXRLVrYDNR-H0nE8B14Fs2HY9ZXG3zfiUIx_wGrL_hKrAy2Z0erH7bSxlmVgnpMlbInI0dAXkKREzaN67oSKneb-xk89IBMUT-ifiw1WbaWrO_LQbFEyk6WIy3Kj3WiBgkmVgsOhrryQeNV4KzMvgZ54ZY6uAMRHpsmw4HHYvv8RP6ZzxmrE.c1b49WQ5qKCgxt5Qu482RztCd5zBAi7uOB83XHFaaKE&dib_tag=se&keywords=gpu&qid=1775433844&sprefix=gp%2Caps%2C387&sr=8-302&xpid=kRTaaIQ0Ql4iY","https://m.media-amazon.com/images/I/715pXLrOwfL._AC_UY218_.jpg","","GT 740 4GB GDDR5 Low Profile GPU Graphics Card, 4X HDMI Ports for Quad Multi-Monitor Setup, PCI Express 3.0 x16, Silent Cooling, Ideal for Office and Home Theater","3.8","(23)","$79.99","","","Overnight","FREE delivery","Overnight 7 AM - 11 AM",""
"No featured offers available","https://www.amazon.com/MSI-GeForce-Ventus-NVIDIA-Graphics/dp/B08WHJFYM8/ref=sr_1_303?crid=346W5D56T0W20&dib=eyJ2IjoiMSJ9.5cAgb97lf9xER7dmifOmk6LbXHTvBZVwuFhbMAiEalZWmMWsVND6tWSkXRLVrYDNR-H0nE8B14Fs2HY9ZXG3zfiUIx_wGrL_hKrAy2Z0erH7bSxlmVgnpMlbInI0dAXkKREzaN67oSKneb-xk89IBMUT-ifiw1WbaWrO_LQbFEyk6WIy3Kj3WiBgkmVgsOhrryQeNV4KzMvgZ54ZY6uAMRHpsmw4HHYvv8RP6ZzxmrE.c1b49WQ5qKCgxt5Qu482RztCd5zBAi7uOB83XHFaaKE&dib_tag=se&keywords=gpu&qid=1775433844&sprefix=gp%2Caps%2C387&sr=8-303&xpid=kRTaaIQ0Ql4iY","https://m.media-amazon.com/images/I/71tduSp8ooL._AC_UY218_.jpg","","MSI GeForce RTX 3060 Ventus 2X 12G OC, Gaming Graphics Card - NVIDIA RTX 3060, 12GB GDDR6 Memory, 192-bit, 15 Gbps","4.7","(4.3K)","","","","","","",""
"Typical:","https://www.amazon.com/ASUS-GeForce-Graphics-3-8-Slot-ROG-ASTRAL-RTX5090-O32G-WHITE/dp/B0F4ZCN7FV/ref=sr_1_304?crid=346W5D56T0W20&dib=eyJ2IjoiMSJ9.5cAgb97lf9xER7dmifOmk6LbXHTvBZVwuFhbMAiEalZWmMWsVND6tWSkXRLVrYDNR-H0nE8B14Fs2HY9ZXG3zfiUIx_wGrL_hKrAy2Z0erH7bSxlmVgnpMlbInI0dAXkKREzaN67oSKneb-xk89IBMUT-ifiw1WbaWrO_LQbFEyk6WIy3Kj3WiBgkmVgsOhrryQeNV4KzMvgZ54ZY6uAMRHpsmw4HHYvv8RP6ZzxmrE.c1b49WQ5qKCgxt5Qu482RztCd5zBAi7uOB83XHFaaKE&dib_tag=se&keywords=gpu&qid=1775433844&sprefix=gp%2Caps%2C387&sr=8-304&xpid=kRTaaIQ0Ql4iY","https://m.media-amazon.com/images/I/81xAQXM741L._AC_UY218_.jpg","","ASUS ROG Astral GeForce RTX 5090 32GB GDDR7 White OC Edition Gaming Quad Fan Graphics Card (NVIDIA DLSS 4, 3.8-Slot Design, PCIe 5.0, 3X DP 2.1b, 2X HDMI 2.1b, White, ROG-ASTRAL-RTX5090-O32G-WHITE)","3.9","(7)","$4,599.00","$4,849.97","$4,849.97","","FREE delivery","Thu, Apr 9","Tue, Apr 7"
"Only 17 left in stock - order soon.","https://www.amazon.com/BOSGAME-External-GVP7600-Thunderbolt-DisplayPort/dp/B0F6CZ1NKN/ref=sr_1_305?crid=346W5D56T0W20&dib=eyJ2IjoiMSJ9.5cAgb97lf9xER7dmifOmk6LbXHTvBZVwuFhbMAiEalZWmMWsVND6tWSkXRLVrYDNR-H0nE8B14Fs2HY9ZXG3zfiUIx_wGrL_hKrAy2Z0erH7bSxlmVgnpMlbInI0dAXkKREzaN67oSKneb-xk89IBMUT-ifiw1WbaWrO_LQbFEyk6WIy3Kj3WiBgkmVgsOhrryQeNV4KzMvgZ54ZY6uAMRHpsmw4HHYvv8RP6ZzxmrE.c1b49WQ5qKCgxt5Qu482RztCd5zBAi7uOB83XHFaaKE&dib_tag=se&keywords=gpu&qid=1775433844&sprefix=gp%2Caps%2C387&sr=8-305&xpid=kRTaaIQ0Ql4iY","https://m.media-amazon.com/images/I/51Y1yuMiWbL._AC_UY218_.jpg","","BOSGAME External GPU Docking Station GVP7600 Ultra, eGPU Game Console with AMD Radeon 7600M XT Graphics Card, Oculink, Thunderbolt 3, HDMI 2.1, DisplayPort 2.0, eGPU Dock for Mini PC","3.6","(7)","$698.99","","","Two-Day","FREE delivery","Tue, Apr 7",""
"More Buying Choices","https://www.amazon.com/NVIDIA-900-2G610-0000-000-P40-PASSIVE-COOLING/dp/B073SLRQLN/ref=sr_1_306?crid=346W5D56T0W20&dib=eyJ2IjoiMSJ9.5cAgb97lf9xER7dmifOmk6LbXHTvBZVwuFhbMAiEalZWmMWsVND6tWSkXRLVrYDNR-H0nE8B14Fs2HY9ZXG3zfiUIx_wGrL_hKrAy2Z0erH7bSxlmVgnpMlbInI0dAXkKREzaN67oSKneb-xk89IBMUT-ifiw1WbaWrO_LQbFEyk6WIy3Kj3WiBgkmVgsOhrryQeNV4KzMvgZ54ZY6uAMRHpsmw4HHYvv8RP6ZzxmrE.c1b49WQ5qKCgxt5Qu482RztCd5zBAi7uOB83XHFaaKE&dib_tag=se&keywords=gpu&qid=1775433844&sprefix=gp%2Caps%2C387&sr=8-306&xpid=kRTaaIQ0Ql4iY","https://m.media-amazon.com/images/I/715cJUelYTL._AC_UY218_.jpg","","NVIDIA 900-2G610-0000-000 Tesla P40 24GB GDDR5 PCIE 3.0 X16 Passive Cooling","3.8","(9)","$349.96","","","","FREE delivery","Thu, Apr 23",""
"","https://www.amazon.com/sspa/click?ie=UTF8&spc=MToxMTgxMzc5NTQxMTg0NDc0OjE3NzU0MzM4NDQ6c3BfYnRmOjMwMTIzMDA5NzQ5NjAwMjo6MDo6&url=%2FNIVXE-Backplate-ZOTAC-Graphics-Cards%2Fdp%2FB0GL1X73Z2%2Fref%3Dsr_1_307_sspa%3Fcrid%3D346W5D56T0W20%26dib%3DeyJ2IjoiMSJ9.5cAgb97lf9xER7dmifOmk6LbXHTvBZVwuFhbMAiEalZWmMWsVND6tWSkXRLVrYDNR-H0nE8B14Fs2HY9ZXG3zfiUIx_wGrL_hKrAy2Z0erH7bSxlmVgnpMlbInI0dAXkKREzaN67oSKneb-xk89IBMUT-ifiw1WbaWrO_LQbFEyk6WIy3Kj3WiBgkmVgsOhrryQeNV4KzMvgZ54ZY6uAMRHpsmw4HHYvv8RP6ZzxmrE.c1b49WQ5qKCgxt5Qu482RztCd5zBAi7uOB83XHFaaKE%26dib_tag%3Dse%26keywords%3Dgpu%26qid%3D1775433844%26sprefix%3Dgp%252Caps%252C387%26sr%3D8-307-spons%26xpid%3DkRTaaIQ0Ql4iY%26sp_csd%3Dd2lkZ2V0TmFtZT1zcF9idGY%26psc%3D1","https://m.media-amazon.com/images/I/51Zcw8XEGeL._AC_UY218_.jpg","Sponsored","GPU Backplate for ZOTAC RTX 5060/5050 Solo 8GB Graphics Cards – CNC Aluminum Anti-Sag Support, Precision Fit, PCB Protection, Cooling Vent Design, Easy DIY Install","","","$39.99","","","Two-Day","FREE delivery","Tue, Apr 7",""
"Only 3 left in stock - order soon.","https://www.amazon.com/sspa/click?ie=UTF8&spc=MToxMTgxMzc5NTQxMTg0NDc0OjE3NzU0MzM4NDQ6c3BfYnRmOjMwMTEwNTc3NDUwNzcwMjo6MDo6&url=%2FVBESTLIFE-Graphics-Express-4800MHz-2560x1600%2Fdp%2FB0CSZFBCXN%2Fref%3Dsr_1_308_sspa%3Fcrid%3D346W5D56T0W20%26dib%3DeyJ2IjoiMSJ9.5cAgb97lf9xER7dmifOmk6LbXHTvBZVwuFhbMAiEalZWmMWsVND6tWSkXRLVrYDNR-H0nE8B14Fs2HY9ZXG3zfiUIx_wGrL_hKrAy2Z0erH7bSxlmVgnpMlbInI0dAXkKREzaN67oSKneb-xk89IBMUT-ifiw1WbaWrO_LQbFEyk6WIy3Kj3WiBgkmVgsOhrryQeNV4KzMvgZ54ZY6uAMRHpsmw4HHYvv8RP6ZzxmrE.c1b49WQ5qKCgxt5Qu482RztCd5zBAi7uOB83XHFaaKE%26dib_tag%3Dse%26keywords%3Dgpu%26qid%3D1775433844%26sprefix%3Dgp%252Caps%252C387%26sr%3D8-308-spons%26xpid%3DkRTaaIQ0Ql4iY%26sp_csd%3Dd2lkZ2V0TmFtZT1zcF9idGY%26psc%3D1","https://m.media-amazon.com/images/I/61dHM-SljHL._AC_UY218_.jpg","Sponsored","VBESTLIFE HD6770 4GB Graphics Card, DDR5, 128bit, PCI Express 2.0 16X, 775/4800MHz, 2560x1600, PC Gaming Video Card with , DVI I and VGA Ports (HD6770 4GB DDR5)","3.5","(4)","$61.99","","","Two-Day","FREE delivery","Tue, Apr 7",""
"Only 14 left in stock - order soon.","https://www.amazon.com/sspa/click?ie=UTF8&spc=MToxMTgxMzc5NTQxMTg0NDc0OjE3NzU0MzM4NDQ6c3BfYnRmOjMwMTA2OTQ0NDkyOTIwMjo6MDo6&url=%2FASHATA-Graphics-Express-Multimedia-Interface%2Fdp%2FB0CLQY3S6Y%2Fref%3Dsr_1_309_sspa%3Fcrid%3D346W5D56T0W20%26dib%3DeyJ2IjoiMSJ9.5cAgb97lf9xER7dmifOmk6LbXHTvBZVwuFhbMAiEalZWmMWsVND6tWSkXRLVrYDNR-H0nE8B14Fs2HY9ZXG3zfiUIx_wGrL_hKrAy2Z0erH7bSxlmVgnpMlbInI0dAXkKREzaN67oSKneb-xk89IBMUT-ifiw1WbaWrO_LQbFEyk6WIy3Kj3WiBgkmVgsOhrryQeNV4KzMvgZ54ZY6uAMRHpsmw4HHYvv8RP6ZzxmrE.c1b49WQ5qKCgxt5Qu482RztCd5zBAi7uOB83XHFaaKE%26dib_tag%3Dse%26keywords%3Dgpu%26qid%3D1775433844%26sprefix%3Dgp%252Caps%252C387%26sr%3D8-309-spons%26xpid%3DkRTaaIQ0Ql4iY%26sp_csd%3Dd2lkZ2V0TmFtZT1zcF9idGY%26psc%3D1","https://m.media-amazon.com/images/I/61Sv7TM6LWL._AC_UY218_.jpg","Sponsored","ASHATA GT 210 Graphics Card, 1GB DDR3 64Bit, PCI Express 2.0, DirectX 10.1, Single Fan, HDMI DVI VGA Interface for PC","5.0","(5)","$34.74","","","Two-Day","FREE delivery","Tue, Apr 7",""
"200+ bought in past month","https://aax-us-east-retail-direct.amazon.com/x/c/JGKRVK6A_pTMR-6u2HN4oyQAAAGdYBqHfwEAAAH2AQBvbm9fdHhuX2JpZDUgICBvbm9fdHhuX2ltcDIgICDhfb5a/clv1c_ek-wwoHXFcbWDYHOEIvrJ16WHlXzGjt1LU011FXuHBwEDuciNCM9XKcLF9k-3deUdWR94GkS--WsnmG-wK6yGr8MF1SRHWLa8SZdCdZuuUC5KmA87l3qG0bYQto1X1Q8lqQ2U_nlCg5_2uQqMKsm-cLD4FyZOjBq0cJ6xDO91pJIJ-q5iiPh_zpkrkQJEwGP-0QJpQ3JwUfOT4_1NWTCNQxQjz1OQNUartYXtHwk79MujFlcK9c3choWLEmMaNnUNN42rqyw-xJcUwMcSFsGzMaSgFJPboo-KOmmA2PSztoMClNrw7VLEuLrGGgPi-f7LKi6VN-ie_MS9JlT1MAotGFn17D1ZosBHmsm9nuWIIC61BKaIlM0wojf4PSXPUVabkTZwQyUShx5ipgCL_-HcUqv4cM6vfRveAr-2CF9VXOtBAp1gFRJjfRQjiTwbdl1jgI9wE15vyQsOrUmUrWWbZzThB-eqdYph317V71jeZo44RB_EBS52CIvvo9NHxBChfuGizRKsgmKRZFLfSkQtrzBHjfeur9rCERjttO5GT7O3lNOkyJjniXwput1NHTtlrGFLh2qo2DtwPNzxeuQ_Pbz-KCJXaihwbut7ssBgarTwY3YAD5oZSELKDM3R4GPexbVCr10hLQsL-Rd84T9WOfmxqwa8FwtAojI4qe3mbXsk2GopgG_QUwEvhe8lakS0z01zQIBO3Pv4LULf5dZU2W2cgmI-aq0Eb2595tjTtf1QRATSTZAvEuXekPMWBo5YHP4Ed3qUKFTSg1jOpCN3yZobFdjoEirqcLRBMCl_e2Rajj7C8j0y37fSGx1gAsZDuXHP6YiQAj1ydgg8MAt8MpRLu2m8VIq2e0fafZi9kNyTez2NSate5r96o_Ck8WBBpz6cB0JYwCslaJ7mL57UIZNcXosF03rBa-by5daW-FV4McPAtkhwSriCt1sOaQ3XPK0akjxkXlkarLspwuEB6sXm_VGqy6m5uZAE6ltFNWvllKQzJMFYaBe6xm9lUlLOv3RsyKvVE_NZYrw4lh3WEKyFo3FWKmsicukZ2dkj559a3Fh0HiGuwyP/https://www.amazon.com/dp/B0F4M5DZK9?pd_rd_i=B0F4M5DZK9&pf_rd_p=2c8e5d59-6279-4999-832d-be45d1ca8e79&pf_rd_r=S4E4BSTZBAXVPVWKNF3N&pd_rd_wg=dd7R7&pd_rd_w=z2mLX&pd_rd_r=ff4a4656-104e-4295-b23f-579372bbb4f4","https://m.media-amazon.com/images/I/61N0I1UIyJL._AC_UL640_QL65_.jpg","","Thermal Paste for Computer CPU GPU Laptop 12.8W/mk Made in USA 4 Gram High Thermal Conductivity - Non Corrosive/Non-Conductive All Processor","4.7","Sponsored","$5.49","","","Overnight","FREE delivery  on $25 of qualifying items","Overnight 7 AM - 11 AM",""
"cpu","https://www.amazon.com/s?k=cpu&ref=rsl_sug_0_0&pd_rd_w=ABjRH&content-id=amzn1.sym.3be64970-3b95-4a6d-a45d-78077a3ff871:amzn1.sym.3be64970-3b95-4a6d-a45d-78077a3ff871&pf_rd_p=3be64970-3b95-4a6d-a45d-78077a3ff871&pf_rd_r=S4E4BSTZBAXVPVWKNF3N&pd_rd_wg=dd7R7&pd_rd_r=ff4a4656-104e-4295-b23f-579372bbb4f4&qid=1775433844","","","","","","","","","","","",""
"","","","","","","","","","","","","",""
"","https://aax-us-east-retail-direct.amazon.com/x/c/JDQMJgZ_iuV-qfPgOIjh6agAAAGdYBqIQQEAAAH2AQBvbm9fdHhuX2JpZDcgICBvbm9fdHhuX2ltcDEgICBOKsjt/clv1c_ek-wwgfWLcTCDRVIul8QjMCTvh4OuBzUMbKZSxxFDDTK7rMqhPz2C-iHP3GdF-hBXF2X_XnN8OunN-Utzr1IIKtP0n_Z-oqFklSQMMTiUXcwJUy_gihghGhd98yIZ6AYRpP8zpss7ponu2QQDMhK6xDYKdWTgEzyvBSsp2coxi2JE6R9xMipNnRKTzxGpMO0vrzvwqNee-dwU8Tt81gYnui_UtF3JWWtvwT74BhU0dFZhMzvOjpIWo6PJZPwwEz5n3mdTm2UcjwztV-gMJD0PSmRYk9kJPaXP4GoOOpH9X7jhNGtyFDVz_x_58AzhgPOCeXd2p6xDCvojhsSw0iTikh2TEhyfOEPBMARqeLJJYKQOtNAv81xvYFqo2cVn43ojOHHRtxkHqAVYsM4dBckSAivYiMJzQYKK6oiVjB9hFuQsJ2551uwBIDCa7ibjNINh29VqwDa_n-gWwMSVz-DFPk0sy1_iF30ed7YbKFrCTL5A68Ax_-rNW0EpRUhMRKbb-etaAnon-cCxNu7sooEyo4ltK_-ELPZoce6ZkDzN8IGzURvMAf_Mhq7xrHRz8iaVgWYN4Z9Tg-0YG93H8HNtPpcZwKyykg20tHDbgjqnQXusv3AkqAifiYDVuevscozvwJZdOE4EPs1JOWbLvoYZDoYhoS0QcmlMkr-pjeXg0LHwmWjWyVKAZsnCT4nXLRyin9v8q_IZSGLY0SE3IudRXVQuZPQ-M-pzQ0eajfEb38yJxEW2BcEXwWqux29RDGm-7jDdmvgdj63XcnEZAU9qp0zJ8fFAcpOxt0_MtEFYT3n1ZIjo28ETdMHpALIsW9qxcPTmlD-VyirQSYkEal3EUjqWZ-OT7QCAtxaNyC8UVUqxPJ5i4VsZKhoqZH9W-bzIqsI8_dAmhe0ctlsMFKlL26ATpj4KIechkXKS6fPxQamCj7_6c-uqc2zhFhydxePdnG9k-qHuZP8FgP520pNrcw4Z6z0Tf_r_rCt6mOrEL4Dbp8zLG3j1UGeTixrBlXQBtE1GwcGTZq9-DfciqvIRJ9KBN7AgfG-NoMgxfB9T928EKc/https://www.amazon.com/stores/page/C5C2F7A1-A824-464D-9A57-796C998E6970/?_encoding=UTF8&store_ref=SB_A0915500OT8JCNAZFSO0-A0872516ZHWAQQQAVDXZ&pd_rd_plhdr=t&aaxitk=8a30c99615ce599d539c88559d41ea58&hsa_cr_id=0&lp_asins=B01MSSJ32J&lp_query=gpu&lp_slot=desktop-hsa-3psl&ref_=sbx_be_s_3psl_mbd_mb0_bkgd&pd_rd_w=en3fl&content-id=amzn1.sym.7d5eb573-01e8-49db-b262-65baa247c724%3Aamzn1.sym.7d5eb573-01e8-49db-b262-65baa247c724&pf_rd_p=7d5eb573-01e8-49db-b262-65baa247c724&pf_rd_r=S4E4BSTZBAXVPVWKNF3N&pd_rd_wg=GQFQo&pd_rd_r=b386083a-d61f-4a50-b2a4-198befdaf588","","","","","","","","","","","",""
"","https://aax-us-east-retail-direct.amazon.com/x/c/JKr4N5Jvymui9QFN6g-PXxMAAAGdYBqZwQEAAAH2AQBvbm9fdHhuX2JpZDUgICBvbm9fdHhuX2ltcDEgICCEGDiK/clv1c_ek-wwgHWLdTaDdVAul8TgMCVbgx7K6YTsNhhlIboZvnxZEy9DhFNG-HQG7G-LKhtchjNcLKwCz5wsvL2jxttBWSGbcl9Vrxyht1b2wJkjHT4T-XlBswhzSh4NpjnB949wUJI0t_qsbfaQXWOXMZh_NRr4G909kRrdMY1SjWjR6evLeYeodhJcPMEysHatwSkprzP4uNGW2dwc8wfk6gZnvY3xUP2IeS9ucflTCuymuqFWCa6dIfDyUgYYVhKIG-YQfhCCSgoN8uahDmfBTqpqlAnPDqkx7clhb2qMAvXdlaUMnAArltp7Cw9RUpbv2zD68yjgWvaGGsQ6-XVDAkRHXMpWZDdi72OuSZijKaFE57cgxJr0NB-7YzQ6RPPlNMCh-N-89YshpwvSxV4h3FjaiNFiT7X24HbJl3fVmQ91S8xdUQdUyo_OWSVnqkc7WwiyzUfyIlfbGwTPxx1FY5uL06-BsMNOCd1nfqeT0nLTJrYFRlg_kvjQQ0wf5IVNDrdMf5pp4BLu3n1Owi02gXSzkSfmdKzzri6ChqeKQNCMhdWIc2xywK33xulfPqP8W7opthQqfZO1OxcLgkn4Z2fp6LEDYIGsbNZeuH1PV6I4MYifxPJ8Y97ysB9DVI7p2a6hFZC9Ic3WCk0R1c7nWqgY-A1KqnmUXyBMPTjKDEapbxrm4ymeKlox_N13vF0FZ_Ij5okIkrJSC2lPKM_27DVm-Ce9Z-KG4XoxLPbahuUV7dyHBMLJPxMGsNWJmi5FLuGGYvxxFapNRfbhHb82DMdxnJ9nE3magbhQ21eMty0h3apMPtuUB0lGVCg1ibLcR6odqvPg5EQRT0Oc5CT6sQVnwXejXaIwyYd1Pllf_BNTdZL2Pp9nkN__ChW8RPyIbJUEYAKQ3JtcQG-MKDz5n_PqkFwo55emCRIy1Fh4ohkL_pxaEoKlnRXgMC82KwoI-Az6xUtKt5i5CUKk0JPoz9v-jF63Pa5qUQVjClExBGBJ0oZsaalxWyBI7pl6DVwgIhJahh28WEGTl6k7BK_c1-e23Ogvyb0Up9LGJVwkkshgmtm91guLg/https://www.amazon.com/stores/page/B60ED8F6-5084-4059-A24F-16A102600FA1/?_encoding=UTF8&store_ref=SB_A0247514EVWOO9UH0O2U-A03296811CSHCSN2QPJP&pd_rd_plhdr=t&aaxitk=433ee6cd43b9ee6bb67723df1b223791&hsa_cr_id=0&lp_asins=B0FQ5CR4F7%2CB0FCMF217J%2CB0FCFM4PDV&lp_query=gpu&lp_slot=auto-sparkle-hsa-tetris&ref_=sbx_s_sparkle_sbtcd_bkgd&pd_rd_w=VgmNz&content-id=amzn1.sym.cc961e39-6f5f-411e-8135-81c6c1187ac0%3Aamzn1.sym.cc961e39-6f5f-411e-8135-81c6c1187ac0&pf_rd_p=cc961e39-6f5f-411e-8135-81c6c1187ac0&pf_rd_r=CQE04DMPXKKFARHY4545&pd_rd_wg=fiEYo&pd_rd_r=86fa0aff-76e5-4a60-b809-4753b0ee503b","","","","Typical:","|","$8.49","$8.99","","","","",""
"","https://www.amazon.com/sspa/click?ie=UTF8&spc=MTo1NTkzNzA5MDM1MjkwNDI3OjE3NzU0MzM4NDk6c3BfYXRmX25leHQ6MjAwMDI5OTQ3MTc2OTgxOjowOjo&url=%2FReplacement-GS65VR-MS-16Q2-Cooling-16Q2-GPU-CW%2Fdp%2FB07PW76FNC%2Fref%3Dsr_1_305_sspa%3Fcrid%3D346W5D56T0W20%26dib%3DeyJ2IjoiMSJ9.uM4NwrzVJywWg8ydNfhKZIQAMAMw9jV0VCgc5FWHdg0.QtsueEDLKktmUNEFPr0ahFFIodMxANmngKzjdl13eUA%26dib_tag%3Dse%26keywords%3Dgpu%26qid%3D1775433849%26sprefix%3Dgp%252Caps%252C387%26sr%3D8-305-spons%26xpid%3DkRTaaIQ0Ql4iY%26sp_csd%3Dd2lkZ2V0TmFtZT1zcF9hdGZfbmV4dA%26psc%3D1","https://m.media-amazon.com/images/I/61FgFOOdXvL._AC_UY218_.jpg","Sponsored","Z-one Fan Replacement for MSI GS65 GS65VR MS-16Q2 Series Gpu Cooling Fan 16Q2-GPU-CW 4-Wire 4-pin","","","$26.99","","","","$9.99 delivery","Apr 17 - 27",""
"","https://www.amazon.com/sspa/click?ie=UTF8&spc=MTo1NTkzNzA5MDM1MjkwNDI3OjE3NzU0MzM4NDk6c3BfYXRmX25leHQ6MzAxMjAxODQwMDg0ODAyOjowOjo&url=%2FSupport-Bracket-Graphics-Adjustable-Universal%2Fdp%2FB0G5H7RHTV%2Fref%3Dsr_1_306_sspa%3Fcrid%3D346W5D56T0W20%26dib%3DeyJ2IjoiMSJ9.uM4NwrzVJywWg8ydNfhKZIQAMAMw9jV0VCgc5FWHdg0.QtsueEDLKktmUNEFPr0ahFFIodMxANmngKzjdl13eUA%26dib_tag%3Dse%26keywords%3Dgpu%26qid%3D1775433849%26sprefix%3Dgp%252Caps%252C387%26sr%3D8-306-spons%26xpid%3DkRTaaIQ0Ql4iY%26sp_csd%3Dd2lkZ2V0TmFtZT1zcF9hdGZfbmV4dA%26psc%3D1","https://m.media-amazon.com/images/I/51kxyLCom7L._AC_UY218_.jpg","Sponsored","GPU Support Bracket,Graphics Video Card Brace with Height Adjustable,Video Cards Sag Holder Bracket,Sag Holder for Universal Graphics Card Sag,Easy to Install(Black)","4.0","(2)","$7.59","","","Overnight","FREE delivery  on $25 of qualifying items","Overnight 7 AM - 11 AM",""
"","https://www.amazon.com/ASRock-RX7800XT-Graphics-SL-16GO/dp/B0CHK343YR/ref=sr_1_307?crid=346W5D56T0W20&dib=eyJ2IjoiMSJ9.uM4NwrzVJywWg8ydNfhKZIQAMAMw9jV0VCgc5FWHdg0.QtsueEDLKktmUNEFPr0ahFFIodMxANmngKzjdl13eUA&dib_tag=se&keywords=gpu&qid=1775433849&sprefix=gp%2Caps%2C387&sr=8-307&xpid=kRTaaIQ0Ql4iY","https://m.media-amazon.com/images/I/61V7WTb6x2L._AC_UY218_.jpg","","ASRock Radeon / RX7800XT Graphics Board GDDR6 16GB Equipped Model [Official Dealer in Japan] RX7800XT SL 16GO","4.5","(110)","","","","","","",""
"No featured offers available","https://www.amazon.com/ASUS-NVIDIA-GeForce-Graphics-DisplayPort/dp/B0BQTVQQP4/ref=sr_1_308?crid=346W5D56T0W20&dib=eyJ2IjoiMSJ9.uM4NwrzVJywWg8ydNfhKZIQAMAMw9jV0VCgc5FWHdg0.QtsueEDLKktmUNEFPr0ahFFIodMxANmngKzjdl13eUA&dib_tag=se&keywords=gpu&qid=1775433849&sprefix=gp%2Caps%2C387&sr=8-308&xpid=kRTaaIQ0Ql4iY","https://m.media-amazon.com/images/I/71MCoiRtMwL._AC_UY218_.jpg","","ASUS ROG Strix NVIDIA GeForce RTX™ 4070 Ti OC Edition Gaming Graphics Card (PCIe 4.0, 12GB GDDR6X, HDMI 2.1a, DisplayPort 1.4a)","4.7","(288)","","","","","","",""
"Only 3 left in stock - order soon.","https://www.amazon.com/sspa/click?ie=UTF8&spc=MTo1NTkzNzA5MDM1MjkwNDI3OjE3NzU0MzM4NDk6c3BfbXRmOjMwMTE3MDMwOTEyNDYwMjo6MDo6&url=%2FGraphics-Express-Desktop-Computer-Support%2Fdp%2FB0BLKBPZ7R%2Fref%3Dsr_1_309_sspa%3Fcrid%3D346W5D56T0W20%26dib%3DeyJ2IjoiMSJ9.uM4NwrzVJywWg8ydNfhKZIQAMAMw9jV0VCgc5FWHdg0.QtsueEDLKktmUNEFPr0ahFFIodMxANmngKzjdl13eUA%26dib_tag%3Dse%26keywords%3Dgpu%26qid%3D1775433849%26sprefix%3Dgp%252Caps%252C387%26sr%3D8-309-spons%26xpid%3DkRTaaIQ0Ql4iY%26sp_csd%3Dd2lkZ2V0TmFtZT1zcF9tdGY%26psc%3D1","https://m.media-amazon.com/images/I/71h48w-NEsL._AC_UY218_.jpg","Sponsored","RX 580 Graphics Card, GDDR5 8GB 256Bit PCI Express 3.0 x 16 Fan Graphics Card, 8K Desktop Gaming Video Card, Computer GPU Support DP, DVI D, PC Graphic Cards","3.7","(9)","$207.03","","","","FREE delivery  for Prime members","Sun, Apr 12",""
"","https://www.amazon.com/sspa/click?ie=UTF8&spc=MTo1NTkzNzA5MDM1MjkwNDI3OjE3NzU0MzM4NDk6c3BfbXRmOjMwMTE3MTEwMTM2MDgwMjo6MDo6&url=%2FGraphics-128BIT-Express-Desktop-Computer%2Fdp%2FB0BL68M11X%2Fref%3Dsr_1_310_sspa%3Fcrid%3D346W5D56T0W20%26dib%3DeyJ2IjoiMSJ9.uM4NwrzVJywWg8ydNfhKZIQAMAMw9jV0VCgc5FWHdg0.QtsueEDLKktmUNEFPr0ahFFIodMxANmngKzjdl13eUA%26dib_tag%3Dse%26keywords%3Dgpu%26qid%3D1775433849%26sprefix%3Dgp%252Caps%252C387%26sr%3D8-310-spons%26xpid%3DkRTaaIQ0Ql4iY%26sp_csd%3Dd2lkZ2V0TmFtZT1zcF9tdGY%26psc%3D1","https://m.media-amazon.com/images/I/61QWui3Ff7L._AC_UY218_.jpg","Sponsored","550 TI Graphics Card, 2GB GDDR5 128BIT 4K HDR, DVI VGA Output, PCI Express 1.1, Dual Fan Low Noise Desktop GPU Computer Gaming Graphics Card for Home Office","5.0","(2)","$64.70","","","","FREE delivery","Apr 15 - 24",""
"| Based on star rating and number of customer ratings","https://www.amazon.com/s?k=gpu&page=20&crid=346W5D56T0W20&qid=1775433844&sprefix=gp%2Caps%2C387&xpid=kRTaaIQ0Ql4iY&ref=sr_pg_19#","https://m.media-amazon.com/images/I/71N1Lvfz9-L._AC_UL320_.jpg","","","4.8","(164)","$8.49","$9.99","$9.99","Two-Day","FREE delivery","Tue, Apr 7","Tue, Apr 7"
"","https://aax-us-east-retail-direct.amazon.com/x/c/JDgaH-4sYr-D72cGNWw64GYAAAGdYBqZ1gEAAAH2AQBvbm9fdHhuX2JpZDYgICBvbm9fdHhuX2ltcDIgICCBJELi/clv1c_ek-wwoHXFdbSDYHOEIvrJ16WPjERPZsaVegG6kEir_OKyM4UXZA_ukNc7RfpN9KVwe_5ZhoYcYOOTGwBQslj8CdDQiGavuMRZLGk8SQfuyw6CG_dFbdp3W35__BucPzcZ17EtZ_y7e_CSOUqZMhCm1DbtIVc0C2aWoQhzpBpTAD0THDcfs0zTC8riJTD8Im8n96zgm_THFNoPELdf2qwpsC3NHFy8CJjc8o3vQRk04RHsUSsajHMSIqmAhnfDtU_-9BWb_SJny2Rl499rTTbWrsvuFlQzCiUw7NbwVbKCGjmPbTTdGFwaFmrfCsqVQkLWvMLc44RdvXunj2PtcV2d3MKR9hmohCQnDOg5W0kmD41C0sD8HLfEJr0A7GDrOTEwe53LPycjt5AVLB18Mjw_q0_pbh9jL_PqbT0-23_v59bdKpmsfvSi1OWWAK5H7HtBSJVSsu3m7eyaBWWHviGeuBFhESiNGPdz-IgbERpiuOvTUmHmcEx3NG3pWFXlEPnon5j4S95sn8kFdjRSAykNKYnoMmxK71Wjrn2NBo4vDKskPi3mwm7TX6bS1SuhPQgbn6lG6uLo4KWmmwquHFvDzKjtz7yUqW2_AA3i6Ln8aDE1JxzLMdzQiRwJFLit_bzwR01Y-Ru7yPHIMY29SMyx5C1XdSqJDEF8t7hG-4Eg_cDPoj9ncIMZEq5ZqBJ6HTfADTJ21b2s1JKOuw2ODNJ_r_tl37oKrWalNBhaySoownqd0kwnrnPiM-HHzOOe0Wiv-Hb07wj7FMKNIZzw1MEZIhYoDqnuKH1BjgOy9cZA-vPkVwlCzB62IlZ6tQvZCuaUynFpOAIMCA3Y1NRNZCObbFRX4BNNTrKcp9FR9PFop76t_bd8i7aYwnmPupwMwPvDWypm_3bcIPcxbX4S3jidAVB5CVaGRmelnjK1EhQwy0OM5WboPymZNGGUBYEPKsjxktlouxqFbs5k5A93xy9jeem9AYMMb4KK6TRI1RV6XmpetbQrKqyjnUm8rpZ7X9JCmRs6lap2q8fx36bJdu7VryMLY3UsVedQhQtiK6rp7496lCZvx9XCYf2udDGzid0Up5hnUo/https://www.amazon.com/stores/page/B916E14A-6EA6-40A0-B386-1C60ECE20F5C/?_encoding=UTF8&pd_rd_plhdr=t&pd_rd_i=B0FF4R4HH5&ref_=sbx_be_s_sparkle_ssd_bkg&store_ref=SBV_A04921433J7IU47RF0WTL-A06084247UALMRTEA2UJ&lp_asins=B0FF4R4HH5&pd_rd_w=N16UX&content-id=amzn1.sym.a55e4c23-ba6c-4408-a37e-65ef6d7a1c73%3Aamzn1.sym.a55e4c23-ba6c-4408-a37e-65ef6d7a1c73&pf_rd_p=a55e4c23-ba6c-4408-a37e-65ef6d7a1c73&pf_rd_r=CQE04DMPXKKFARHY4545&pd_rd_wg=rZzpX&pd_rd_r=08600ed7-a673-43d9-81b4-a2abb0ff362b","","","","4.1","Shop","","","","","","",""
"","https://aax-us-east-retail-direct.amazon.com/x/c/JOztYlDpygU9YnKbZ2BOJ8oAAAGdYBqZ0QEAAAH2AQBvbm9fdHhuX2JpZDIgICBvbm9fdHhuX2ltcDEgICCTVd8e/clv1c_ek-wwoHXFcbaDoHOHovrJ16WHlXzGjt10bYG6kEil_OEAZvTVZL5jJCH9iYO3Vfz-WlY4UX4mLPURq-cm7trcQB-_8ToeoulmzX54QbmdJBRaRfsPKJBrU-5RGoyR0aDX9B4pFZK8XILALWsnEdj8eArIKps9sRrc8YxSj2zTbT3wsndKzEN9ViIoofbVh2qJCzDNhADX3XFlHS5V5Gse0pAAY4aLVDggMmXjdC7iE2BgjMPFVn0-OE8s68ZVGnnvua9SbpFbNggyjuEfuekSe7gk4TlTYRkyrmqOGGocIQSyK5LC82fzgrVusXNDlJK4ZfneWuFUMm5_qJ8DHztZXFjYrwOUcOHa8X87P7QQjQ-X0HF36zmtETNf4bDKG8RS2INBEDCrSRytk0Vku30WhFkVB0ZzDYl_50ZWStwKZ2kDHLifp0sXjlZhXnJVn_EaRNcsgrDlVK0jRYfK_BXx-hNqPkThRYqwhX8hpa2HNnwTiFqHAUq6WRPcoZahiI6d-Sv4SrtFBhWgfKhq28zIbH_0B05qpEPEBQ_c8xkFGyXZ1j5k6cG34fyIM_oiyJ1FWDU5DWfW35DyJ-0jc1k5IcwzK0qfygKDcNf7k6rLC7pl5EAM_yDgUh_wGD4vhwL_RmILMBZqo3K_oZ4kDNJRjQ7n_q0JBpMdp85lfdY8FtEbn-RsA9d186a5HK1-1EUY5LMy8TguJxapl5PdPanG_QxjQGQR6vMsOKwStrPyBt21NY35HSLW4GxA3AafE25SBpHc8CM0YlmA7YpgMyON0hS-Ibht4TSa6LXC8gb2vwIdR6wHd09UQIvheZssKE_zC2YFKs0P-diYbaIA5a0UhXLwcoNn3R2KmXwYc5FhYp3C7F8FuNBWrSR5Hfktfi3en1o_3_WAUbH0KyqVqyqHlhRRxUtdTpt3Sg1Gpai0xmL5n8a8dPZDhd1IlqaTzs1C-c7wkKzyiOImZinTV-digsgzBYZ17mPHYVCcLBiksPjJr1ktc6-yUzVT-MhAtL0ixKQGsFI63woLRboYJpbmIlRdf-SDMl6xPi8O5h8wl7e91gy9o4feeAAX5YKlsHW4XUk5ohTYAmBINDGM3tSWPNJq454rQ/https://www.amazon.com/stores/page/E2821F86-992F-46D1-8AF6-261B37F16485/?_encoding=UTF8&store_ref=SB_A02260671R939GYN27DRZ-A06945523F08S7QPG4KRS&pd_rd_plhdr=t&aaxitk=0fa716ade5e30a214758e404115f6167&hsa_cr_id=0&lp_asins=B0C99BH9KT%2CB0CGZJQH5B%2CB0BZC16C8J&lp_query=gpu&lp_slot=desktop-inline&ref_=sbx__sbtcd2_bkgd&pd_rd_w=tPXCP&content-id=amzn1.sym.8a47ec59-c206-4272-83cb-e2017cc774b4%3Aamzn1.sym.8a47ec59-c206-4272-83cb-e2017cc774b4&pf_rd_p=8a47ec59-c206-4272-83cb-e2017cc774b4&pf_rd_r=CQE04DMPXKKFARHY4545&pd_rd_wg=rZzpX&pd_rd_r=08600ed7-a673-43d9-81b4-a2abb0ff362b","","","","4.7","|","$11.99","$9.99","","Overnight","FREE delivery  on $25 of qualifying items","Overnight 7 AM - 11 AM","Overnight 7 AM - 11 AM"
"Only 3 left in stock - order soon.","https://www.amazon.com/sspa/click?ie=UTF8&spc=MTo1NTkzNzA5MDM1MjkwNDI3OjE3NzU0MzM4NDk6c3BfYnRmOjMwMDkwNzQ1NzQ4MzYwMjo6MDo6&url=%2FEstink-Graphics-Interface-Multimedia-DirectX10-1%2Fdp%2FB0CMH9C1NP%2Fref%3Dsr_1_311_sspa%3Fcrid%3D346W5D56T0W20%26dib%3DeyJ2IjoiMSJ9.uM4NwrzVJywWg8ydNfhKZIQAMAMw9jV0VCgc5FWHdg0.QtsueEDLKktmUNEFPr0ahFFIodMxANmngKzjdl13eUA%26dib_tag%3Dse%26keywords%3Dgpu%26qid%3D1775433849%26sprefix%3Dgp%252Caps%252C387%26sr%3D8-311-spons%26xpid%3DkRTaaIQ0Ql4iY%26sp_csd%3Dd2lkZ2V0TmFtZT1zcF9idGY%26psc%3D1","https://m.media-amazon.com/images/I/71IrALot+jL._AC_UY218_.jpg","Sponsored","GT210 1G DDR3 Graphics Card, PCI Express 2.0 x 16 Bus Interface Game Graphics Card with Cooling Fan 64 Bit Support VGA DVI HD Multimedia Interface DirectX10.1 PC Graphics Card","3.8","(6)","$40.93","","","","FREE delivery  for Prime members","Sun, Apr 12",""
"Only 13 left in stock - order soon.","https://www.amazon.com/sspa/click?ie=UTF8&spc=MTo1NTkzNzA5MDM1MjkwNDI3OjE3NzU0MzM4NDk6c3BfYnRmOjMwMDY2MTM0MzcxNjYwMjo6MDo6&url=%2FVbestlife-Graphics-Support-Motherboards-PlugIn%2Fdp%2FB0972H89HD%2Fref%3Dsr_1_312_sspa%3Fcrid%3D346W5D56T0W20%26dib%3DeyJ2IjoiMSJ9.uM4NwrzVJywWg8ydNfhKZIQAMAMw9jV0VCgc5FWHdg0.QtsueEDLKktmUNEFPr0ahFFIodMxANmngKzjdl13eUA%26dib_tag%3Dse%26keywords%3Dgpu%26qid%3D1775433849%26sprefix%3Dgp%252Caps%252C387%26sr%3D8-312-spons%26xpid%3DkRTaaIQ0Ql4iY%26sp_csd%3Dd2lkZ2V0TmFtZT1zcF9idGY%26psc%3D1","https://m.media-amazon.com/images/I/61K5rHUjV2L._AC_UY218_.jpg","Sponsored","VBESTLIFE 8MB 32Bit VGA Graphics Card,PCI Graphics Card,8MB PCI Graphics Card,Support All Motherboards with PCI PlugIn,VOD Song System","3.1","(5)","$19.99","","","Tomorrow","FREE delivery","Tomorrow, Apr 6",""
"Typical:","https://www.amazon.com/s?k=gpu&page=20&crid=346W5D56T0W20&qid=1775433844&sprefix=gp%2Caps%2C387&xpid=kRTaaIQ0Ql4iY&ref=sr_pg_19#","https://m.media-amazon.com/images/I/51D3XFQzBNL._AC_UL320_.jpg","","","4.1","(38)","$13.99","Typical: $9.99","$9.99","Two-Day","FREE delivery","Tue, Apr 7","Overnight 7 AM - 11 AM"
"cpu","https://www.amazon.com/s?k=cpu&ref=rsl_sug_0_0&pd_rd_w=EYIVB&content-id=amzn1.sym.3be64970-3b95-4a6d-a45d-78077a3ff871:amzn1.sym.3be64970-3b95-4a6d-a45d-78077a3ff871&pf_rd_p=3be64970-3b95-4a6d-a45d-78077a3ff871&pf_rd_r=CQE04DMPXKKFARHY4545&pd_rd_wg=UBkel&pd_rd_r=ef7eb47c-e059-45d5-b583-74469e539013&qid=1775433849","","","","","","","","","","","",""
"","","","","","","","","","","","","",""
"","https://aax-us-east-retail-direct.amazon.com/x/c/JJ23AEBI4jAx0OnOuHEG020AAAGdYBqaxgEAAAH2AQBvbm9fdHhuX2JpZDQgICBvbm9fdHhuX2ltcDEgICAD6UrI/clv1c_ek-wwgHWLdTCDtVAul8TgMCVbgx7K6YTsNj2gHdPyfVB27MCssMPe3tywDuCaaGtgqeu_GBhe4iiAt1B1i-tUh-LSX34X-ZqMs6NcsRgGpIlXD6zgihihGh9xJgeJ2T9w9VC7RoZHoaSHtK6bIZn-uxLrNksXpVYE6WzTJU6mnWhN0844oPxRj7d7gmX5z41GOA2Z0dXxBPMaez_JMFXlvG-j9e1h1tzxapXpfCdWkrgK4r-q-AdSUvaKOIkBlXFVZhAlgCQAb3tXxoXPnvWddRu5Oz7xdaCHld6kglT4hs16XfUguivxUexAsCmAcLL4JwS4AD4bWnDm6sflykB_XsA_drci71vV96ZoHPcW6exBo2w0cYG48dBPvNnTHOd5M92anVUxKf67LgVIQ_sqJFvqtkzeprVm8J3iiTDcKY0obzpCB-xl-H6reAAVExvfD_p-3owv6eanLrsL65DIhwXWxlSlMdCyZeDBjbXoz82My3TLpHFL4z-UIMIaFHGPBnZmgAKC_TdswYsgBh-yw8DfXCBAnJH_qgZGKedJIL4d0P2U-TCS7N8ul67IksqGFLM_5PxhCR7O_WBFaiV8Nx0W3QBdRP7NgJ6wHIgECdD7zC8G8swqsboNJ47RrHnONG5sijSB-k-SYk7CmfDQtJNt2oJam1CFHrsYkd1mAD6MZt_cniRRJAEYD-Han8XjZUAKLbG7-NQiZJ3YsHgznJQ3SGj_hGSj9LLJn3nfcqO0Tz5_-0JzeVeGIX3WnK27ekTdpv9vGaERrFe2vq349is3T8UQbEoD4p5saB38vD-SVJEGtGdWCF7DU-TqI52qbEB3y8jcMe8s7kZ1GtEX9g1iHwrCTNrpNKJ33ksA9RvUJezlApFqe1Ah-2CspKCrqMul99JU1JQylxVJ_mb1hZdVmt9ZHgRrtKg9dQ_s-HM0xS1XcimNU7rqqPwksuuZ-kRqFY2Nwe3DJel-JOE0mqqFm5591SUTsSK1xqyw44_RGhvAs7LuUlI1Ks0DUvtdvmibzHYROnNi_4JYdGwJzGCMrBUBloAyMOpoh8Zxt-x2g/https://www.amazon.com/stores/page/C5C2F7A1-A824-464D-9A57-796C998E6970/?_encoding=UTF8&store_ref=SB_A0915500OT8JCNAZFSO0-A0872516ZHWAQQQAVDXZ&pd_rd_plhdr=t&aaxitk=8a30c99615ce599d539c88559d41ea58&hsa_cr_id=0&lp_asins=B01MSSJ32J&lp_query=gpu&lp_slot=desktop-hsa-3psl&ref_=sbx_be_s_3psl_mbd_mb0_bkgd&pd_rd_w=dRi3K&content-id=amzn1.sym.7d5eb573-01e8-49db-b262-65baa247c724%3Aamzn1.sym.7d5eb573-01e8-49db-b262-65baa247c724&pf_rd_p=7d5eb573-01e8-49db-b262-65baa247c724&pf_rd_r=CQE04DMPXKKFARHY4545&pd_rd_wg=UNc3I&pd_rd_r=f5241f61-b2a7-49f5-a0de-772cc6e7e545","","","","","","","","","","","",""