"company","job_link","role","location","location_link","remote/on-site","compensation","link","quick_apply"
"MVP Healthcare","https://www.ziprecruiter.com/co/MVP-Healthcare/Jobs?uuid=&radius=25","Payment Integrity Analyst - Data Mining & Savings Reporting","NY","https://www.ziprecruiter.com/jobs-search?location=New+York&search=Data","· Remote","$69.38K - $92.28K/yr","",""
"DataAnnotation","https://www.ziprecruiter.com/co/DataAnnotation/Jobs?uuid=dgOcU3bdXktu4%2FnCP%2FFGddG0bhM%3D&radius=25","Research Data Scientist - AI Trainer","Yuma, AZ","https://www.ziprecruiter.com/jobs-search?location=Yuma%2CAZ&search=Data","· Remote","$40 - $50/hr","https://www.ziprecruiter.com/svc/fotomat/public-nosensitive-ziprecruiter-logos/company/829fe1ea.jpeg","Quick apply"
"FM","https://www.ziprecruiter.com/co/FM/Jobs/-in-Johnston,RI?uuid=V8JV5LLGF9dRQs2%2Bp2%2FTRZGqubc%3D&radius=25","Data Scientist - Optimization and Advanced Machine Learning","Johnston, RI","https://www.ziprecruiter.com/jobs-search?location=Johnston%2CRI&search=Data","· On-site +1","$103.04K - $148.10K/yr","https://www.ziprecruiter.com/svc/fotomat/public-nosensitive-ziprecruiter-logos/company/8c694572.png",""
"Robert Half","https://www.ziprecruiter.com/co/Robert-Half/Jobs?uuid=8WWYca8%2FldvdBzp3IfmAPRku04o%3D&radius=25","Financial Data Specialist","Trenton, NJ","https://www.ziprecruiter.com/jobs-search?location=Trenton%2CNJ&search=Data","· Remote","$17 - $18/hr","https://www.ziprecruiter.com/svc/fotomat/public-nosensitive-ziprecruiter-logos/company/b1d2c8b4.jpeg","Quick apply"
"PulseMediaNL","https://www.ziprecruiter.com/co/PulseMediaNL/Jobs?uuid=&radius=25","Data Entry Specialist","Phoenix, AZ","https://www.ziprecruiter.com/jobs-search?location=Phoenix%2CAZ&search=Data","· Remote","$17.50 - $23.25/hr","","Quick apply"
"PIPESTONE","https://www.ziprecruiter.com/co/PIPESTONE/Jobs/-in-Brandon,SD?uuid=sz3pB52eytJGhVpHVaiy2Yf02Eg%3D&radius=25","Bilingual Data Entry Clerk","Brandon, SD","https://www.ziprecruiter.com/jobs-search?location=Brandon%2CSD&search=Data","· On-site +1","$20 - $22/hr","https://www.ziprecruiter.com/svc/fotomat/public-nosensitive-ziprecruiter-logos/company/6c05479c.png","Quick apply"
"Joint Research and Development, LLC","https://www.ziprecruiter.com/co/Joint-Research-and-Development,-LLC/Jobs?uuid=hkmIbY07i7ptnURAOZlJM%2BiVYnI%3D&radius=25","Operations/Data Analyst (Journeyman)","Nellis Air Force Base, NV","https://www.ziprecruiter.com/jobs-search?location=Nellis+Air+Force+Base%2CNV&search=Data","· Remote","$84K - $137K/yr","","Quick apply"
"SUMMERVINE","https://www.ziprecruiter.com/co/SUMMERVINE/Jobs?uuid=&radius=25","Data Entry Clerk","Sonoma, CA","https://www.ziprecruiter.com/jobs-search?location=Sonoma%2CCA&search=Data","· Remote","$70.90K - $98K/yr","","Quick apply"
"Halvik","https://www.ziprecruiter.com/co/Halvik/Jobs?uuid=N0fTuzryd9SWIJOJvh1guxZTpLM%3D&radius=25","Data Engineer","Vienna, VA","https://www.ziprecruiter.com/jobs-search?location=Vienna%2CVA&search=Data","· Remote","$85K - $95K/yr","https://www.ziprecruiter.com/svc/fotomat/public-nosensitive-ziprecruiter-logos/company/32aafd49.png","Quick apply"
"Anyworks.in","https://www.ziprecruiter.com/co/Anyworks.in/Jobs?uuid=&radius=25","Data Analyst - Healthcare Domain","OR","https://www.ziprecruiter.com/jobs-search?location=Oregon&search=Data","· Remote","$70K - $140K/yr","","Quick apply"
"BWX Technologies","https://www.ziprecruiter.com/co/BWX-Technologies/Jobs/-in-Lynchburg,VA?uuid=fLEbzsXCRIWLK3pnZ8IlGSjCt0M%3D&radius=25","Engineering Data Scientist","Lynchburg, VA","https://www.ziprecruiter.com/jobs-search?location=Lynchburg%2CVA&search=Data","· On-site +1","$62K - $97K/yr","",""
"Technology Company","https://www.ziprecruiter.com/co/Technology-Company/Jobs?uuid=XDXKt8jUVRGdnkQze847i%2BGIPm0%3D&radius=25","Manager, Courthouse Field Data Operations","Fairfax, VA","https://www.ziprecruiter.com/jobs-search?location=Fairfax%2CVA&search=Data","· Remote","","","Quick apply"
"Objectways Technologies Llc","https://www.ziprecruiter.com/co/Objectways-Technologies-Llc/Jobs?uuid=&radius=25","Egocentric Data Collection","Phoenix, AZ","https://www.ziprecruiter.com/jobs-search?location=Phoenix%2CAZ&search=Data","· Remote","$20/hr","","Quick apply"
"NYSTEC","https://www.ziprecruiter.com/co/NYSTEC/Jobs/-in-Albany,NY?uuid=2xibiIzXE3NjJFaGUp4f63Smwx4%3D&radius=25","Senior Consultant - Data Analyst","Albany, NY","https://www.ziprecruiter.com/jobs-search?location=Albany%2CNY&search=Data","· On-site +1","$84.50K - $109.85K/yr","",""
"TCWGlobal","https://www.ziprecruiter.com/co/TCWGlobal/Jobs?uuid=dELib71KHpa1rIDfjdhcmWYIE9g%3D&radius=25","Retail Data Coordinator","Austin, TX","https://www.ziprecruiter.com/jobs-search?location=Austin%2CTX&search=Data","· Remote","$21 - $24/hr","https://www.ziprecruiter.com/svc/fotomat/public-nosensitive-ziprecruiter-logos/company/fb494aa8.jpeg","Quick apply"
"Skill","https://www.ziprecruiter.com/co/Skill/Jobs?uuid=&radius=25","Data Analyst 2","Los Angeles, CA","https://www.ziprecruiter.com/jobs-search?location=Los+Angeles%2CCA&search=Data","· Remote","$42 - $47/hr","",""
"The General Theological Seminary","https://www.ziprecruiter.com/co/The-General-Theological-Seminary/Jobs?uuid=XBPbsnL8MfGu3WJvzlaGa0aco8Y%3D&radius=25","Registrar and Data Manager of Student Records","Manhattan, NY","https://www.ziprecruiter.com/jobs-search?location=Manhattan%2CNY&search=Data","· Remote","$55K - $68K/yr","https://www.ziprecruiter.com/svc/fotomat/public-nosensitive-ziprecruiter-logos/company/f0897518.png","Quick apply"
"Service Measure LLC","https://www.ziprecruiter.com/co/Service-Measure-LLC/Jobs?uuid=&radius=25","Driver / Data Collector","Binghamton, NY","https://www.ziprecruiter.com/jobs-search?location=Binghamton%2CNY&search=Data","· Remote","$16 - $17.50/hr","","Quick apply"
"Workforce Connections","https://www.ziprecruiter.com/co/Workforce-Connections/Jobs?uuid=HM4UNqqc8Gb0PHNiLO2lzG3JggM%3D&radius=25","Adobe/CJA Data Analyst","Saint Louis, MO","https://www.ziprecruiter.com/jobs-search?location=Saint+Louis%2CMO&search=Data","· Remote","$67/hr","https://www.ziprecruiter.com/svc/fotomat/public-nosensitive-ziprecruiter-logos/company/9ca8c0f4.png","Quick apply"
"Restaurant365","https://www.ziprecruiter.com/co/Restaurant365/Jobs/-in-Irvine,CA?uuid=Hw7zBCN%2Bq28Xm8%2FbvkwziEzSU80%3D&radius=25","Principal Data Analyst - GTM","Irvine, CA","https://www.ziprecruiter.com/jobs-search?location=Irvine%2CCA&search=Data","· On-site +1","$116K - $174K/yr","https://www.ziprecruiter.com/svc/fotomat/public-nosensitive-ziprecruiter-logos/company/4b06058a.png","Quick apply"
"Service Measure LLC","https://www.ziprecruiter.com/co/Service-Measure-LLC/Jobs?uuid=&radius=25","Driver / Data Collector","Northglenn, CO","https://www.ziprecruiter.com/jobs-search?location=Northglenn%2CCO&search=Data","· Remote","$16 - $17.50/hr","","Quick apply"
"MSR Technology Group","https://www.ziprecruiter.com/co/MSR-Technology-Group/Jobs?uuid=&radius=25","SQL Data Analyst - Healthcare Claims","Springfield, IL","https://www.ziprecruiter.com/jobs-search?location=Springfield%2CIL&search=Data","· Remote","","","Quick apply"
"3M Consultancy","https://www.ziprecruiter.com/co/3M-Consultancy/Jobs?uuid=aifmRraD%2BEDZuYP9J7JvIV1EUOc%3D&radius=25","Data Analyst with IRS MBI Clearance required.","Washington, DC","https://www.ziprecruiter.com/jobs-search?location=Washington%2CDC&search=Data","· Remote","$100K - $130K/yr","https://www.ziprecruiter.com/svc/fotomat/public-nosensitive-ziprecruiter-logos/company/47f9433b.png","Quick apply"
"Masai Technologies Corporation","https://www.ziprecruiter.com/co/Masai-Technologies-Corporation/Jobs?uuid=4GibqlIRJzejYoXFnSVWZY0AP6Y%3D&radius=25","Data Migration Analyst","Frederick, MD","https://www.ziprecruiter.com/jobs-search?location=Frederick%2CMD&search=Data","· Remote","$95K - $120K/yr","","Quick apply"
"Owlchemy Labs","https://www.ziprecruiter.com/co/Owlchemy-Labs/Jobs?uuid=AzfHNzxrGQhHyGxSgRn4qyziwpU%3D&radius=25","Senior Data Analyst","Austin, TX","https://www.ziprecruiter.com/jobs-search?location=Austin%2CTX&search=Data","· Remote","$105K - $130K/yr","https://www.ziprecruiter.com/svc/fotomat/public-nosensitive-ziprecruiter-logos/company/5ff435a7.png","Quick apply"
"1 point system","https://www.ziprecruiter.com/co/1-point-system/Jobs?uuid=L%2Bqm59sF%2FT14340yDt7SEg8GLIM%3D&radius=25","BI/Data Analyst","Dallas, TX","https://www.ziprecruiter.com/jobs-search?location=Dallas%2CTX&search=Data","· Remote","","","Quick apply"
"Klingelhofer Management Group, LLC","https://www.ziprecruiter.com/co/Klingelhofer-Management-Group,-LLC/Jobs?uuid=&radius=25","Laborer (Underground Utilities / Data Center Construction)","New Albany, OH","https://www.ziprecruiter.com/jobs-search?location=New+Albany%2COH&search=Data","· Remote","$18.25 - $23.25/hr","","Quick apply"
"CLOUDSCOUTS SOFTWARE SOLUTIONS LLC","https://www.ziprecruiter.com/co/CLOUDSCOUTS-SOFTWARE-SOLUTIONS-LLC/Jobs?uuid=&radius=25","Data Analyst with strong medicaid Exp","Topeka, KS","https://www.ziprecruiter.com/jobs-search?location=Topeka%2CKS&search=Data","· Remote","","","Quick apply"
"ECCLESIASTES INC","https://www.ziprecruiter.com/co/ECCLESIASTES-INC/Jobs?uuid=&radius=25","Data Analyst","Newark, DE","https://www.ziprecruiter.com/jobs-search?location=Newark%2CDE&search=Data","· Remote","","","Quick apply"
"TechData Service Company LLC","https://www.ziprecruiter.com/co/TechData-Service-Company-LLC/Jobs?uuid=pWVSTZ%2B0tFxPqTKRe9uTlKutCSI%3D&radius=25","Safety Data Coord.&Coding Associate(Coding,Med terminology)URGENT-4291","OR","https://www.ziprecruiter.com/jobs-search?location=Oregon&search=Data","· Remote","$26 - $28/hr","https://www.ziprecruiter.com/svc/fotomat/public-nosensitive-ziprecruiter-logos/company/0cc8c26d.jpeg","Quick apply"
"Kapson LLC","https://www.ziprecruiter.com/co/Kapson-LLC/Jobs?uuid=&radius=25","Lead Electrical Engineer - Hyper-Scale Data Centers (REMOTE | U.S.)","Arlington, VA","https://www.ziprecruiter.com/jobs-search?location=Arlington%2CVA&search=Data","· Remote","$180K - $240K/yr","https://www.ziprecruiter.com/svc/fotomat/public-nosensitive-ziprecruiter-logos/company/966c0728.jpeg","Quick apply"
"HCA Asset Management","https://www.ziprecruiter.com/co/HCA-Asset-Management/Jobs?uuid=Uzm3519144kX9Egt4QBNtCERHn8%3D&radius=25","Inventory and Data Specialist Consultant","Saint Louis, MO","https://www.ziprecruiter.com/jobs-search?location=Saint+Louis%2CMO&search=Data","· Remote","$17.25 - $21.75/hr","https://www.ziprecruiter.com/svc/fotomat/public-nosensitive-ziprecruiter-logos/company/f9608dcd.png","Quick apply"
"Planned Parenthood of Wisconsin, Inc.","https://www.ziprecruiter.com/co/Planned-Parenthood-of-Wisconsin,-Inc./Jobs/-in-Milwaukee,WI?uuid=&radius=25","Data Analyst","Milwaukee, WI","https://www.ziprecruiter.com/jobs-search?location=Milwaukee%2CWI&search=Data","· On-site +1","","","Quick apply"
"Focused HR Solutions","https://www.ziprecruiter.com/co/Focused-HR-Solutions/Jobs?uuid=aDf2lWKxL5B6%2BzMB3O2Cosf9aSk%3D&radius=25","Data Analyst - MS Dataverse 8-11","Raleigh, NC","https://www.ziprecruiter.com/jobs-search?location=Raleigh%2CNC&search=Data","· Remote","$50 - $80/hr","https://www.ziprecruiter.com/svc/fotomat/public-nosensitive-ziprecruiter-logos/company/41e2bc18.png","Quick apply"
"Allstate","https://www.ziprecruiter.com/co/Allstate/Jobs?uuid=J3bgnX98R3g5Zgef%2BYuzNK3PPvY%3D&radius=25","Data Scientist Associate Manager","IL","https://www.ziprecruiter.com/jobs-search?location=Illinois&search=Data","· Remote","","https://www.ziprecruiter.com/svc/fotomat/public-nosensitive-ziprecruiter-logos/company/84cf79cc.png",""
"Lockheed Martin","https://www.ziprecruiter.com/co/Lockheed-Martin/Jobs/-in-Orlando,FL?uuid=E3WVtNpT2la3IeyfSAV07F6TWtc%3D&radius=25","Senior Data Engineer","Orlando, FL","https://www.ziprecruiter.com/jobs-search?location=Orlando%2CFL&search=Data","· On-site +1","$99K - $134.40K/yr","https://www.ziprecruiter.com/svc/fotomat/public-nosensitive-ziprecruiter-logos/company/0c2ad019.png",""
"SynMax","https://www.ziprecruiter.com/co/SynMax/Jobs?uuid=qwbsbbMpLAo2RF4G%2B5WzGi26gs4%3D&radius=25","Part-Time Data Operations Analyst","Houston, TX","https://www.ziprecruiter.com/jobs-search?location=Houston%2CTX&search=Data","· Remote","","https://www.ziprecruiter.com/svc/fotomat/public-nosensitive-ziprecruiter-logos/company/2a69d9d2.png","Quick apply"
"EMMC, Inc","https://www.ziprecruiter.com/co/EMMC,-Inc/Jobs?uuid=&radius=25","Military Medical Data Analyst","San Diego, CA","https://www.ziprecruiter.com/jobs-search?location=San+Diego%2CCA&search=Data","· Remote","$93K - $114K/yr","","Quick apply"
"Nature's Sunshine Products","https://www.ziprecruiter.com/co/Nature's-Sunshine-Products/Jobs/-in-Lehi,UT?uuid=HpkjyfI531CnzCCi4s7lHaAZHbA%3D&radius=25","Data and Analytics Intern","Lehi, UT","https://www.ziprecruiter.com/jobs-search?location=Lehi%2CUT&search=Data","· On-site +1","","https://www.ziprecruiter.com/svc/fotomat/public-nosensitive-ziprecruiter-logos/company/c3afa364.jpeg","Quick apply"
"Lightcast","https://www.ziprecruiter.com/co/Lightcast/Jobs?uuid=mw2rsKd7zaIMA5rWo0%2Fau2pxPNQ%3D&radius=25","Data Analyst (Arabic dialects)","Home, WA","https://www.ziprecruiter.com/jobs-search?location=Home%2CWA&search=Data","· Remote","","","Quick apply"
"AscellaHealth","https://www.ziprecruiter.com/co/AscellaHealth/Jobs/-in-Berwyn,PA?uuid=nhzENKTLJ5FqpHAufggmXmr4gPE%3D&radius=25","Data Pipeline Analyst","Berwyn, PA","https://www.ziprecruiter.com/jobs-search?location=Berwyn%2CPA&search=Data","· On-site +1","","https://www.ziprecruiter.com/svc/fotomat/public-nosensitive-ziprecruiter-logos/company/ba8fdd95.png","Quick apply"
"Oscar Health","https://www.ziprecruiter.com/co/Oscar-Health/Jobs?uuid=zWV5P%2BW8znrUNHE5jjqOVjn7gw8%3D&radius=25","Senior Analyst, Provider Data Operations","Dallas, TX","https://www.ziprecruiter.com/jobs-search?location=Dallas%2CTX&search=Data","· Remote","$61.85K - $81.18K/yr","https://www.ziprecruiter.com/svc/fotomat/public-nosensitive-ziprecruiter-logos/company/b4581880.png","Quick apply"
"ParetoHealth","https://www.ziprecruiter.com/co/ParetoHealth/Jobs?uuid=LMkmr0FWuKbeYC1pYXBqbTUuMy8%3D&radius=25","Lead Data Analyst","Philadelphia, PA","https://www.ziprecruiter.com/jobs-search?location=Philadelphia%2CPA&search=Data","· Remote","","https://www.ziprecruiter.com/svc/fotomat/public-nosensitive-ziprecruiter-logos/company/ab46fb86.png","Quick apply"
"Donato Technologies, Inc","https://www.ziprecruiter.com/co/Donato-Technologies,-Inc/Jobs?uuid=k9oE1AwHO9apsOuPy9Fq9S%2By828%3D&radius=25","Sr. Data Analyst","Albany, NY","https://www.ziprecruiter.com/jobs-search?location=Albany%2CNY&search=Data","· Remote","$55 - $58/hr","https://www.ziprecruiter.com/svc/fotomat/public-nosensitive-ziprecruiter-logos/company/55d7f05c.png","Quick apply"
"DW Simpson","https://www.ziprecruiter.com/co/DW-Simpson/Jobs/-in-Richmond,VA?uuid=p%2BbyWth82ztlXqe5dV%2BWU1gwPhw%3D&radius=25","Senior Insurance Product Data Analyst - Remote","Richmond, VA","https://www.ziprecruiter.com/jobs-search?location=Richmond%2CVA&search=Data","· On-site +1","$105/hr","https://www.ziprecruiter.com/svc/fotomat/public-nosensitive-ziprecruiter-logos/company/2badacd9.png",""
"Hibbett Retail, Inc.","https://www.ziprecruiter.com/co/Hibbett-Retail,-Inc./Jobs?uuid=Y2X8Zxnc5Hq9eIIsS85qd4gCdJo%3D&radius=25","Senior Analyst, HCMS Data Analytics","Birmingham, AL","https://www.ziprecruiter.com/jobs-search?location=Birmingham%2CAL&search=Data","· Remote","$80.60K - $101.70K/yr","https://www.ziprecruiter.com/svc/fotomat/public-nosensitive-ziprecruiter-logos/company/fa2d3463.jpeg","Quick apply"
"ARCTICOM LLC","https://www.ziprecruiter.com/co/ARCTICOM-LLC/Jobs/-in-Dayton,OH?uuid=&radius=25","DMS MRO Data Engineer","Dayton, OH","https://www.ziprecruiter.com/jobs-search?location=Dayton%2COH&search=Data","· On-site +1","$125K - $150K/yr","","Quick apply"
"Citizant","https://www.ziprecruiter.com/co/Citizant/Jobs/-in-Chantilly,VA?uuid=4z6EvUFAVVXFuXcSwQ0hkOvCL8g%3D&radius=25","Data Protection Analyst","Chantilly, VA","https://www.ziprecruiter.com/jobs-search?location=Chantilly%2CVA&search=Data","· On-site +1","","https://www.ziprecruiter.com/svc/fotomat/public-nosensitive-ziprecruiter-logos/company/67f0e9b7.png",""
"OST INC","https://www.ziprecruiter.com/co/OST-INC/Jobs/-in-Orlando,FL?uuid=iYO9ob6sB4cyxp8b3JbmCbAM4AI%3D&radius=25","Data Quality Engineer","Orlando, FL","https://www.ziprecruiter.com/jobs-search?location=Orlando%2CFL&search=Data","· On-site +1","$106.90K - $128.40K/yr","https://www.ziprecruiter.com/svc/fotomat/public-nosensitive-ziprecruiter-logos/company/4a953502.png","Quick apply"
"Logist IT","https://www.ziprecruiter.com/co/Logist-IT/Jobs?uuid=&radius=25","Sr. AWS Data Engineer","OR","https://www.ziprecruiter.com/jobs-search?location=Oregon&search=Data","· Remote","$50 - $60/hr","https://www.ziprecruiter.com/svc/fotomat/public-nosensitive-ziprecruiter-logos/company/d066dce4.jpeg","Quick apply"
"John Wiley & Sons Inc.","https://www.ziprecruiter.com/co/John-Wiley-&-Sons-Inc./Jobs?uuid=jb0zNdVPvQpQshmfOAPPpXn8H2M%3D&radius=25","Data Analyst - Power BI Specialist","Hoboken, NJ","https://www.ziprecruiter.com/jobs-search?location=Hoboken%2CNJ&search=Data","· Remote","","https://www.ziprecruiter.com/svc/fotomat/public-nosensitive-ziprecruiter-logos/company/d2eeacb1.png",""
"Career TEAM","https://www.ziprecruiter.com/co/Career-TEAM/Jobs?uuid=RmYnfgnLEMJQrjZ%2FQz8KAHJFtdk%3D&radius=25","Data Conversion Software Engineer","Golden, CO","https://www.ziprecruiter.com/jobs-search?location=Golden%2CCO&search=Data","· Remote","$60K - $100K/yr","https://www.ziprecruiter.com/svc/fotomat/public-nosensitive-ziprecruiter-logos/company/2ec04311.png","Quick apply"
"PNC Financial Services Group","https://www.ziprecruiter.com/co/PNC-Financial-Services-Group/Jobs/-in-Strongsville,OH?uuid=yVVRdPJhqKj89T0mqj7KEzOgZe8%3D&radius=25","Data Scientist Sr - Deposit Fraud Analytics/Strategy","Strongsville, OH","https://www.ziprecruiter.com/jobs-search?location=Strongsville%2COH&search=Data","· On-site +1","","https://www.ziprecruiter.com/svc/fotomat/public-nosensitive-ziprecruiter-logos/company/82e56ef7.png",""
"SmartIPlace","https://www.ziprecruiter.com/co/SmartIPlace/Jobs?uuid=X%2B1gjyCKf%2BjEy0SRMBOuupRW0fA%3D&radius=25","Data Engineer (Manager Level)","Dallas, TX","https://www.ziprecruiter.com/jobs-search?location=Dallas%2CTX&search=Data","· Remote","$65 - $70/hr","https://www.ziprecruiter.com/svc/fotomat/public-nosensitive-ziprecruiter-logos/company/aa16758c.png","Quick apply"
"Miratech","https://www.ziprecruiter.com/co/Miratech/Jobs?uuid=7nY61%2BoEPYetCuPRlqwn6CPBWTs%3D&radius=25","Senior Data Analyst","Charleston, WV","https://www.ziprecruiter.com/jobs-search?location=Charleston%2CWV&search=Data","· Remote","$79.60K - $100.40K/yr","https://www.ziprecruiter.com/svc/fotomat/public-nosensitive-ziprecruiter-logos/company/b54c31d9.png","Quick apply"
"Techizee Inc","https://www.ziprecruiter.com/co/Techizee-Inc/Jobs?uuid=j4mUjZtmdbnM%2Ba6G9u72LDDRFC4%3D&radius=25","Data Engineer","Columbia, MD","https://www.ziprecruiter.com/jobs-search?location=Columbia%2CMD&search=Data","· Remote","$100K - $120K/yr","https://www.ziprecruiter.com/svc/fotomat/public-nosensitive-ziprecruiter-logos/company/5bdea881.png","Quick apply"
"Argo Critical Solutions","https://www.ziprecruiter.com/co/Argo-Critical-Solutions/Jobs?uuid=F9s2CWGG4jGpZHT4ZdFIl8l%2FRR0%3D&radius=25","Sr Mechanical Engineer (MEP - Critical Mission / Data Center )","New York, NY","https://www.ziprecruiter.com/jobs-search?location=New+York%2CNY&search=Data","· Remote","$110K - $140K/yr","","Quick apply"
"Newcastle Associates, Inc.","https://www.ziprecruiter.com/co/Newcastle-Associates,-Inc./Jobs?uuid=Y64G1BhjwWlKBIF3kuCh3VUOvD8%3D&radius=25","Data Engineer","Chicago, IL","https://www.ziprecruiter.com/jobs-search?location=Chicago%2CIL&search=Data","· Remote","$118K - $141.80K/yr","","Quick apply"
"WaveMetrix","https://www.ziprecruiter.com/co/WaveMetrix/Jobs?uuid=&radius=25","Data Engineer","Los Angeles, CA","https://www.ziprecruiter.com/jobs-search?location=Los+Angeles%2CCA&search=Data","· Remote","$120K - $165K/yr","https://www.ziprecruiter.com/svc/fotomat/public-nosensitive-ziprecruiter-logos/company/b8ca72bf.jpeg","Quick apply"
"Elliptic","https://www.ziprecruiter.com/co/Elliptic/Jobs?uuid=&radius=25","Senior Data Analyst","New York, NY","https://www.ziprecruiter.com/jobs-search?location=New+York%2CNY&search=Data","· Remote","$1K/day","","Quick apply"
"Stand Together","https://www.ziprecruiter.com/co/Stand-Together/Jobs?uuid=NF3RhGsoRfHdshNopaCleHNZWo4%3D&radius=25","Senior Reference Data Analyst","Arlington, VA","https://www.ziprecruiter.com/jobs-search?location=Arlington%2CVA&search=Data","· Remote","$88K - $111.10K/yr","https://www.ziprecruiter.com/svc/fotomat/public-nosensitive-ziprecruiter-logos/company/cb849da1.png","Quick apply"
"Platinum Resource Group","https://www.ziprecruiter.com/co/Platinum-Resource-Group/Jobs?uuid=PD0a0C2otIszIW2JP1jnwGZP5vo%3D&radius=25","REMOTE - Finance Data Analyst: 26-00051","City Of Industry, CA","https://www.ziprecruiter.com/jobs-search?location=City+Of+Industry%2CCA&search=Data","· Remote","$60 - $75/hr","https://www.ziprecruiter.com/svc/fotomat/public-nosensitive-ziprecruiter-logos/company/235261c3.jpeg","Quick apply"
"SafeLease","https://www.ziprecruiter.com/co/SafeLease/Jobs?uuid=dIAIb4ge7EgE9Uu9kdWdmAZPPEM%3D&radius=25","Senior Data Analyst","","","","$88K - $111.10K/yr","https://www.ziprecruiter.com/svc/fotomat/public-nosensitive-ziprecruiter-logos/company/7e33b3a6.png","Quick apply"
"Ansible Government Solutions","https://www.ziprecruiter.com/co/Ansible-Government-Solutions/Jobs?uuid=VzTZ%2Bxx1vglxZHlaYgcDzykhDn0%3D&radius=25","Senior Data Analyst","Malvern, PA","https://www.ziprecruiter.com/jobs-search?location=Malvern%2CPA&search=Data","· Remote","$88K - $111.10K/yr","https://www.ziprecruiter.com/svc/fotomat/public-nosensitive-ziprecruiter-logos/company/a9a91214.png","Quick apply"
"Starr And Associates LLC","https://www.ziprecruiter.com/co/Starr-And-Associates-LLC/Jobs?uuid=&radius=25","BI Data Engineer (Contractor)","Atlanta, GA","https://www.ziprecruiter.com/jobs-search?location=Atlanta%2CGA&search=Data","· Remote","$55 - $75/hr","","Quick apply"
"COLEXAS DIGITAL INC","https://www.ziprecruiter.com/co/COLEXAS-DIGITAL-INC/Jobs?uuid=&radius=25","Sales Engineer (Data Centers, Automation, and SCADA)","Houston, TX","https://www.ziprecruiter.com/jobs-search?location=Houston%2CTX&search=Data","· Remote","","https://www.ziprecruiter.com/svc/fotomat/public-nosensitive-ziprecruiter-logos/company/fc085c01.jpeg","Quick apply"
"Data Society","https://www.ziprecruiter.com/co/Data-Society/Jobs?uuid=oWljITJy%2BCEFWespD70KP0jBPMc%3D&radius=25","Contract Data Analyst","Washington, DC","https://www.ziprecruiter.com/jobs-search?location=Washington%2CDC&search=Data","· Remote","","https://www.ziprecruiter.com/svc/fotomat/public-nosensitive-ziprecruiter-logos/company/29058f9d.png","Quick apply"
"WickedFile","https://www.ziprecruiter.com/co/WickedFile/Jobs?uuid=&radius=25","AI/Data Engineer","Alpharetta, GA","https://www.ziprecruiter.com/jobs-search?location=Alpharetta%2CGA&search=Data","· Remote","$140K/yr","","Quick apply"
"The Midtown Group","https://www.ziprecruiter.com/co/The-Midtown-Group/Jobs?uuid=8qSyZvAD0bZXeBOIHFaO4tDi3wk%3D&radius=25","Cloud Data Platform Administrator","Washington, DC","https://www.ziprecruiter.com/jobs-search?location=Washington%2CDC&search=Data","· Remote","$70/hr","https://www.ziprecruiter.com/svc/fotomat/public-nosensitive-ziprecruiter-logos/company/dfab1e5f.jpeg","Quick apply"
"People Architects","https://www.ziprecruiter.com/co/People-Architects/Jobs?uuid=lDs%2FXmx3C3J%2FXrC22RHyeGhsAnM%3D&radius=25","Data Operations Engineer","Akron, OH","https://www.ziprecruiter.com/jobs-search?location=Akron%2COH&search=Data","· Remote","","","Quick apply"
"Inherent Technologies","https://www.ziprecruiter.com/co/Inherent-Technologies/Jobs?uuid=b%2F6RYcSaKqHfG5fDh3N06Gc9zBA%3D&radius=25","Sr. Data Engineer","Chandler, AZ","https://www.ziprecruiter.com/jobs-search?location=Chandler%2CAZ&search=Data","· Remote","$117.20K - $140.70K/yr","https://www.ziprecruiter.com/svc/fotomat/public-nosensitive-ziprecruiter-logos/company/41bfa965.png","Quick apply"
"ACS Consultancy Services","https://www.ziprecruiter.com/co/ACS-Consultancy-Services/Jobs?uuid=&radius=25","Data Engineer (DBT Specialist)","Albany, NY","https://www.ziprecruiter.com/jobs-search?location=Albany%2CNY&search=Data","· Remote","$117.20K - $140.70K/yr","","Quick apply"
"Rule14","https://www.ziprecruiter.com/co/Rule14/Jobs?uuid=74OYR0MjU74aZwGdO%2FT2kdc4YxY%3D&radius=25","Data Scientist - AI, ML, NLP Developer","Los Angeles, CA","https://www.ziprecruiter.com/jobs-search?location=Los+Angeles%2CCA&search=Data","· Remote","","https://www.ziprecruiter.com/svc/fotomat/public-nosensitive-ziprecruiter-logos/company/2f07092e.png","Quick apply"
"Alfatech","https://www.ziprecruiter.com/co/Alfatech/Jobs?uuid=pAZfhVYKThVPWWdVRa7Cz6Tgo7M%3D&radius=25","Senior Electrical Engineer, Hybrid Preferred, Remote OK, Data centers","San Jose, CA","https://www.ziprecruiter.com/jobs-search?location=San+Jose%2CCA&search=Data","· Remote","$150K - $165K/yr","https://www.ziprecruiter.com/svc/fotomat/public-nosensitive-ziprecruiter-logos/company/cfc9f9b2.jpeg","Quick apply"
"ARC Group","https://www.ziprecruiter.com/co/ARC-Group/Jobs?uuid=8dYDKQ7po2sTiwKswgluKw3zT5Q%3D&radius=25","Azure Cloud Data Engineer","Weston, FL","https://www.ziprecruiter.com/jobs-search?location=Weston%2CFL&search=Data","· Remote","$108.90K - $130.80K/yr","https://www.ziprecruiter.com/svc/fotomat/public-nosensitive-ziprecruiter-logos/company/bf499435.png","Quick apply"
"Delta Defense","https://www.ziprecruiter.com/co/Delta-Defense/Jobs/-in-West-Bend,WI?uuid=xYpHvo9QD5K9B9SuUyU2R9hU%2BlU%3D&radius=25","Principal Data Scientist - West Bend, Wisconsin","West Bend, WI","https://www.ziprecruiter.com/jobs-search?location=West+Bend%2CWI&search=Data","· On-site +1","","https://www.ziprecruiter.com/svc/fotomat/public-nosensitive-ziprecruiter-logos/company/f43be897.png",""
"iSeatz","https://www.ziprecruiter.com/co/iSeatz/Jobs?uuid=T0Xk7jbW%2F5iaPqDbg03Ryhrg3%2F4%3D&radius=25","Senior Data Analyst, Client Insights Lead","New Orleans, LA","https://www.ziprecruiter.com/jobs-search?location=New+Orleans%2CLA&search=Data","· Remote","$82.60K - $104.20K/yr","https://www.ziprecruiter.com/svc/fotomat/public-nosensitive-ziprecruiter-logos/company/57f9de9c.png","Quick apply"
"Precision Technologies Corp","https://www.ziprecruiter.com/co/Precision-Technologies-Corp/Jobs?uuid=ePo%2Bk%2BW0%2Fw1tHjcuykdYLhEfdEI%3D&radius=25","Data Engineer","Jersey City, NJ","https://www.ziprecruiter.com/jobs-search?location=Jersey+City%2CNJ&search=Data","· Remote","$117.20K - $140.70K/yr","","Quick apply"
"Qualtryx, LLC","https://www.ziprecruiter.com/co/Qualtryx,-LLC/Jobs?uuid=&radius=25","Data Engineer","Fulton, MD","https://www.ziprecruiter.com/jobs-search?location=Fulton%2CMD&search=Data","· Remote","$117.20K - $140.70K/yr","","Quick apply"
"Noblesoft Technologies","https://www.ziprecruiter.com/co/Noblesoft-Technologies/Jobs?uuid=4IVnPmd6lyXJuX3FSAXgQ0tuGME%3D&radius=25","Data Engineer","Seattle, WA","https://www.ziprecruiter.com/jobs-search?location=Seattle%2CWA&search=Data","· Remote","$117.20K - $140.70K/yr","https://www.ziprecruiter.com/svc/fotomat/public-nosensitive-ziprecruiter-logos/company/e5a07e47.png","Quick apply"
"IT America Inc","https://www.ziprecruiter.com/co/IT-America-Inc/Jobs?uuid=nNT4v8QwXryQmkRMFoYzJfgmxws%3D&radius=25","""DATA ENGINEER""","Cupertino, CA","https://www.ziprecruiter.com/jobs-search?location=Cupertino%2CCA&search=Data","· Remote","$117.20K - $140.70K/yr","https://www.ziprecruiter.com/svc/fotomat/public-nosensitive-ziprecruiter-logos/company/fe4cb2af.png","Quick apply"
"Gandiva Insights","https://www.ziprecruiter.com/co/Gandiva-Insights/Jobs?uuid=&radius=25","Data Engineer - Customer Data Platform (AEP)","Dallas, TX","https://www.ziprecruiter.com/jobs-search?location=Dallas%2CTX&search=Data","· Remote","$117.20K - $140.70K/yr","","Quick apply"
"Snowrelic Inc","https://www.ziprecruiter.com/co/Snowrelic-Inc/Jobs?uuid=jZb5uhDlAiL5f%2FBIo1r5pqwrQRg%3D&radius=25","Data Engineer - snowflake to AWS (W2)","Glen Allen, VA","https://www.ziprecruiter.com/jobs-search?location=Glen+Allen%2CVA&search=Data","· Remote","$117.20K - $140.70K/yr","https://www.ziprecruiter.com/svc/fotomat/public-nosensitive-ziprecruiter-logos/company/c50d70dc.png","Quick apply"
"Saransh Inc","https://www.ziprecruiter.com/co/Saransh-Inc/Jobs?uuid=&radius=25","EDI Data Engineer (Healthcare Domain)","New York, NY","https://www.ziprecruiter.com/jobs-search?location=New+York%2CNY&search=Data","· Remote","$117.20K - $140.70K/yr","","Quick apply"
"ibrain technologies, inc","https://www.ziprecruiter.com/co/ibrain-technologies,-inc/Jobs?uuid=S7T36fO3%2Bkck7f12oiZUOVc8CYg%3D&radius=25","Data Platform Engineer with Scala@Sunnyvale,CA Remote","Sunnyvale, CA","https://www.ziprecruiter.com/jobs-search?location=Sunnyvale%2CCA&search=Data","· Remote","$117.20K - $140.70K/yr","","Quick apply"
"H R PUNDITS INC","https://www.ziprecruiter.com/co/H-R-PUNDITS-INC/Jobs/-in-Carrollton,TX?uuid=&radius=25","Data Engineer","Carrollton, TX","https://www.ziprecruiter.com/jobs-search?location=Carrollton%2CTX&search=Data","· On-site +1","$120K/yr","","Quick apply"
"Reveel","https://www.ziprecruiter.com/co/Reveel/Jobs?uuid=LyHLfIKZ5PkMJ9HB5fqo7HBJUW0%3D&radius=25","Data Engineer (Remote)","Irvine, CA","https://www.ziprecruiter.com/jobs-search?location=Irvine%2CCA&search=Data","· Remote","$115K - $150K/yr","https://www.ziprecruiter.com/svc/fotomat/public-nosensitive-ziprecruiter-logos/company/17144c75.png","Quick apply"
"Redwood Logistics","https://www.ziprecruiter.com/co/Redwood-Logistics/Jobs/-in-Chicago,IL?uuid=n%2BJpWfpEYhU%2FcJxqQdZLHfiw7Aw%3D&radius=25","Lead Data Engineer","Chicago, IL","https://www.ziprecruiter.com/jobs-search?location=Chicago%2CIL&search=Data","· On-site +1","$120K - $140K/yr","https://www.ziprecruiter.com/svc/fotomat/public-nosensitive-ziprecruiter-logos/company/aec95160.png","Quick apply"
"Custom Software Systems, Inc.","https://www.ziprecruiter.com/co/Custom-Software-Systems,-Inc./Jobs?uuid=USrYp3auebKNBMIaPrdMN%2FysFw8%3D&radius=25","Cloud Data Platform Administrator","Washington, DC","https://www.ziprecruiter.com/jobs-search?location=Washington%2CDC&search=Data","· Remote","","https://www.ziprecruiter.com/svc/fotomat/public-nosensitive-ziprecruiter-logos/company/f5caf682.jpeg","Quick apply"
"Waabi","https://www.ziprecruiter.com/co/Waabi/Jobs/-in-San-Francisco,CA?uuid=&radius=25","Senior / Staff Software Engineer, ML Datasets & Data Pipelines","San Francisco, CA","https://www.ziprecruiter.com/jobs-search?location=San+Francisco%2CCA&search=Data","· On-site +1","$148K - $260K/yr","","Quick apply"
"METASOFT SOLUTIONS LLC (Formerly - MST Solutions)","https://www.ziprecruiter.com/co/METASOFT-SOLUTIONS-LLC-(Formerly---MST-Solutions)/Jobs?uuid=&radius=25","Data Engineer","Phoenix, AZ","https://www.ziprecruiter.com/jobs-search?location=Phoenix%2CAZ&search=Data","· Remote","$114.50K - $137.50K/yr","","Quick apply"
"Career Renew","https://www.ziprecruiter.com/co/Career-Renew/Jobs?uuid=&radius=25","AI Data Engineer","Miami, FL","https://www.ziprecruiter.com/jobs-search?location=Miami%2CFL&search=Data","· Remote","$130K - $150K/yr","","Quick apply"
"Spear AI","https://www.ziprecruiter.com/co/Spear-AI/Jobs?uuid=ucvHN7n5Fn192qsn2HtQ1I4kb0w%3D&radius=25","Data Engineer (Senior)","Washington, DC","https://www.ziprecruiter.com/jobs-search?location=Washington%2CDC&search=Data","· Remote","$117.20K - $140.70K/yr","https://www.ziprecruiter.com/svc/fotomat/public-nosensitive-ziprecruiter-logos/company/8442ba4b.png","Quick apply"
"BDG","https://www.ziprecruiter.com/co/BDG/Jobs/-in-New-York,NY?uuid=YEdYKLQBHxydH%2Bp9nDPs0O5iwbI%3D&radius=25","Data Engineer","New York, NY","https://www.ziprecruiter.com/jobs-search?location=New+York%2CNY&search=Data","· On-site +1","$125.30K - $150.40K/yr","https://www.ziprecruiter.com/svc/fotomat/public-nosensitive-ziprecruiter-logos/company/7929313f.png","Quick apply"
"NAIC","https://www.ziprecruiter.com/co/NAIC/Jobs/-in-Kansas-City,MO?uuid=&radius=25","Data Engineer","Kansas City, MO","https://www.ziprecruiter.com/jobs-search?location=Kansas+City%2CMO&search=Data","· On-site +1","$93K - $110K/yr","",""
"Anchorage Digital","https://www.ziprecruiter.com/co/Anchorage-Digital/Jobs?uuid=PW4YQ08X2cGbmNWxFvlGvNRs2XY%3D&radius=25","Member of Technical Staff, Reporting & Statements (Data Engineer)","Charleston, WV","https://www.ziprecruiter.com/jobs-search?location=Charleston%2CWV&search=Data","· Remote","$117.20K - $140.70K/yr","https://www.ziprecruiter.com/svc/fotomat/public-nosensitive-ziprecruiter-logos/company/05ef55bf.png","Quick apply"
"Sword Health","https://www.ziprecruiter.com/co/Sword-Health/Jobs?uuid=wrbF67Pdv0gHqaFktqEWjLyw0tM%3D&radius=25","Data Operations Engineer","Charleston, WV","https://www.ziprecruiter.com/jobs-search?location=Charleston%2CWV&search=Data","· Remote","$117.20K - $140.70K/yr","https://www.ziprecruiter.com/svc/fotomat/public-nosensitive-ziprecruiter-logos/company/e1745d40.png","Quick apply"
"Catalist","https://www.ziprecruiter.com/co/Catalist/Jobs?uuid=iN5mIy3IIxAptWClsKVbGIk9b8A%3D&radius=25","Data Operations Engineer","Washington, DC","https://www.ziprecruiter.com/jobs-search?location=Washington%2CDC&search=Data","· Remote","$117.20K - $140.70K/yr","https://www.ziprecruiter.com/svc/fotomat/public-nosensitive-ziprecruiter-logos/company/3a0f439a.png","Quick apply"
"Mactores","https://www.ziprecruiter.com/co/Mactores/Jobs?uuid=oBbqRWl%2Bg3oZb9Qr3f1y4r1dQWw%3D&radius=25","AWS Data Engineer (Associate)","Seattle, WA","https://www.ziprecruiter.com/jobs-search?location=Seattle%2CWA&search=Data","· Remote","$117.20K - $140.70K/yr","https://www.ziprecruiter.com/svc/fotomat/public-nosensitive-ziprecruiter-logos/company/c52e0e6e.png","Quick apply"
"Acceldata","https://www.ziprecruiter.com/co/Acceldata/Jobs?uuid=HmvNMWgA9AZtpu2vNJzVSICyB2M%3D&radius=25","Sales Engineer - US \u007C Open Data Platform (ODP)","Charleston, WV","https://www.ziprecruiter.com/jobs-search?location=Charleston%2CWV&search=Data","· Remote","$117.20K - $140.70K/yr","https://www.ziprecruiter.com/svc/fotomat/public-nosensitive-ziprecruiter-logos/company/c57d4daa.png","Quick apply"
"Shop Your Way","https://www.ziprecruiter.com/co/Shop-Your-Way/Jobs?uuid=&radius=25","Shop Your Way - Cloud Data/Systems Engineer","OR","https://www.ziprecruiter.com/jobs-search?location=Oregon&search=Data","· Remote","$117.20K - $140.70K/yr","","Quick apply"
"Altimate.ai","https://www.ziprecruiter.com/co/Altimate.ai/Jobs?uuid=&radius=25","Sales Engineer-Data","Sunnyvale, CA","https://www.ziprecruiter.com/jobs-search?location=Sunnyvale%2CCA&search=Data","· Remote","$117.20K - $140.70K/yr","","Quick apply"
"Quadtec Solutions, Inc","https://www.ziprecruiter.com/co/Quadtec-Solutions,-Inc/Jobs?uuid=weGPOZQ0qbUcaLBq6PI52lYsduc%3D&radius=25","Cybersecurity Cloud Data Architect","Atlanta, GA","https://www.ziprecruiter.com/jobs-search?location=Atlanta%2CGA&search=Data","· Remote","$170K - $180K/yr","https://www.ziprecruiter.com/svc/fotomat/public-nosensitive-ziprecruiter-logos/company/c4dc17d2.jpg","Quick apply"
"Cyclotron, Inc.","https://www.ziprecruiter.com/co/Cyclotron,-Inc./Jobs?uuid=l9lxO39AWS1aZ7Vd7dpFj4YtIzo%3D&radius=25","Azure Sr. Data Engineer","Winter Park, FL","https://www.ziprecruiter.com/jobs-search?location=Winter+Park%2CFL&search=Data","· Remote","$117.20K - $140.70K/yr","https://www.ziprecruiter.com/svc/fotomat/public-nosensitive-ziprecruiter-logos/company/ea0decdb.png","Quick apply"
"Technology Navigators","https://www.ziprecruiter.com/co/Technology-Navigators/Jobs?uuid=rjdq5XvP0esEJh9v8j%2B1G56cMzc%3D&radius=25","REMOTE Enterprise Architect - C#, ETL/Data Warehousing","Houston, TX","https://www.ziprecruiter.com/jobs-search?location=Houston%2CTX&search=Data","· Remote","$160K - $165K/yr","https://www.ziprecruiter.com/svc/fotomat/public-nosensitive-ziprecruiter-logos/company/d2dac65a.jpeg","Quick apply"
"Virtuous","https://www.ziprecruiter.com/co/Virtuous/Jobs?uuid=LS9h8j3O3t8IX32Sfq7beZPcxcQ%3D&radius=25","Lead Data Platform Engineer","Charleston, WV","https://www.ziprecruiter.com/jobs-search?location=Charleston%2CWV&search=Data","· Remote","$117.20K - $140.70K/yr","","Quick apply"
"Zus Health","https://www.ziprecruiter.com/co/Zus-Health/Jobs?uuid=4cL3fJu2ISyjh0JAaT0LIiLM3Lo%3D&radius=25","Staff Software Engineer, Data Platform","Charleston, WV","https://www.ziprecruiter.com/jobs-search?location=Charleston%2CWV&search=Data","· Remote","$117.20K - $140.70K/yr","https://www.ziprecruiter.com/svc/fotomat/public-nosensitive-ziprecruiter-logos/company/3d7966cf.png","Quick apply"
"CloudZero","https://www.ziprecruiter.com/co/CloudZero/Jobs?uuid=2RnSIJAHfwcF9yqdHdDKA78ckI4%3D&radius=25","Distinguished Engineer, Data Platform","San Francisco, CA","https://www.ziprecruiter.com/jobs-search?location=San+Francisco%2CCA&search=Data","· Remote","$275K - $330K/yr","https://www.ziprecruiter.com/svc/fotomat/public-nosensitive-ziprecruiter-logos/company/57d90ee6.png","Quick apply"
"Cardinal Technology Systems, Corp.","https://www.ziprecruiter.com/co/Cardinal-Technology-Systems,-Corp./Jobs?uuid=&radius=25","Jr. Data Analytics Engineer (Remote)","Ashburn, VA","https://www.ziprecruiter.com/jobs-search?location=Ashburn%2CVA&search=Data","· Remote","$117.20K - $140.70K/yr","","Quick apply"
"Promise","https://www.ziprecruiter.com/co/Promise/Jobs?uuid=bLujeOIngJqZEse1R1SeY5xlPMM%3D&radius=25","Data Engineer","San Francisco, CA","https://www.ziprecruiter.com/jobs-search?location=San+Francisco%2CCA&search=Data","· Remote","$150K - $210K/yr","https://www.ziprecruiter.com/svc/fotomat/public-nosensitive-ziprecruiter-logos/company/feced6e6.png","Quick apply"
"Atreides","https://www.ziprecruiter.com/co/Atreides/Jobs?uuid=&radius=25","Mission (Data) Engineer","Arlington, VA","https://www.ziprecruiter.com/jobs-search?location=Arlington%2CVA&search=Data","· Remote","$117.20K - $140.70K/yr","","Quick apply"
"Blue Nile","https://www.ziprecruiter.com/co/Blue-Nile/Jobs?uuid=jLRLUqjEsTZz3ZaX7g29kAQ92jQ%3D&radius=25","Data Engineer III","New York, NY","https://www.ziprecruiter.com/jobs-search?location=New+York%2CNY&search=Data","· Remote","$117.20K - $140.70K/yr","https://www.ziprecruiter.com/svc/fotomat/public-nosensitive-ziprecruiter-logos/company/2269bb21.png","Quick apply"
"Scalepex","https://www.ziprecruiter.com/co/Scalepex/Jobs?uuid=&radius=25","AWS Data Engineer - Fully Remote - US Only","Plano, TX","https://www.ziprecruiter.com/jobs-search?location=Plano%2CTX&search=Data","· Remote","$117.20K - $140.70K/yr","","Quick apply"
"Tendo","https://www.ziprecruiter.com/co/Tendo/Jobs?uuid=WLhgJ0jyfbMYfOL4mR1dPYtPm9M%3D&radius=25","Principal Data Engineer","San Francisco, CA","https://www.ziprecruiter.com/jobs-search?location=San+Francisco%2CCA&search=Data","· Remote","$157.25K - $212.75K/yr","https://www.ziprecruiter.com/svc/fotomat/public-nosensitive-ziprecruiter-logos/company/90fae4dd.png","Quick apply"
"Expedite Talent Solutions","https://www.ziprecruiter.com/co/Expedite-Talent-Solutions/Jobs?uuid=&radius=25","Data Analyst Expert","","","","","",""
"Biblioso Corporation","https://www.ziprecruiter.com/co/Biblioso-Corporation/Jobs?uuid=d4WVn%2BtNEL82W68rn0%2F1w4zjCrg%3D&radius=25","Senior Data & AI Lead - Future of Resilience Assurance","Seattle, WA","https://www.ziprecruiter.com/jobs-search?location=Seattle%2CWA&search=Data","· Remote","$166.40K - $187.20K/yr","https://www.ziprecruiter.com/svc/fotomat/public-nosensitive-ziprecruiter-logos/company/2f22f1b9.png","Quick apply"
"Influur","https://www.ziprecruiter.com/co/Influur/Jobs?uuid=6yNDZonSrnn3RCPsULpywb02bOc%3D&radius=25","AI Data Engineer","Mundelein, IL","https://www.ziprecruiter.com/jobs-search?location=Mundelein%2CIL&search=Data","· Remote","$117.20K - $140.70K/yr","https://www.ziprecruiter.com/svc/fotomat/public-nosensitive-ziprecruiter-logos/company/0379377d.png","Quick apply"
"ICA.ai","https://www.ziprecruiter.com/co/ICA.ai/Jobs?uuid=&radius=25","Data Science/Machine Learning Engineer (Remote, Continental United States)","Arlington, VA","https://www.ziprecruiter.com/jobs-search?location=Arlington%2CVA&search=Data","· Remote","$117.20K - $140.70K/yr","","Quick apply"
"Silverthorne Advisory Group LLC","https://www.ziprecruiter.com/co/Silverthorne-Advisory-Group-LLC/Jobs/-in-Arlington,VA?uuid=&radius=25","Data Engineer (All Levels)","Arlington, VA","https://www.ziprecruiter.com/jobs-search?location=Arlington%2CVA&search=Data","· On-site +1","$130.80K - $157.10K/yr","","Quick apply"
"Fannie Mae","https://www.ziprecruiter.com/co/Fannie-Mae/Jobs/-in-Reston,VA?uuid=3X1tY6n1cwRrMq9uIm51HUdLcVQ%3D&radius=25","Enterprise Data- Software Engineering- Senior Associate","Reston, VA","https://www.ziprecruiter.com/jobs-search?location=Reston%2CVA&search=Data","· On-site +1","$135.20K - $173.70K/yr","https://www.ziprecruiter.com/svc/fotomat/public-nosensitive-ziprecruiter-logos/company/11a81da1.png",""
"Kandu, Inc.","https://www.ziprecruiter.com/co/Kandu,-Inc./Jobs?uuid=&radius=25","Lead Data & Analytics Engineer","Los Angeles, CA","https://www.ziprecruiter.com/jobs-search?location=Los+Angeles%2CCA&search=Data","· Remote","$170K - $200K/yr","","Quick apply"
"The Rockridge Group","https://www.ziprecruiter.com/co/The-Rockridge-Group/Jobs?uuid=Y2lTRykqN9jatJcYq4mWpMqNBbU%3D&radius=25","Data Engineer","Emeryville, CA","https://www.ziprecruiter.com/jobs-search?location=Emeryville%2CCA&search=Data","· Remote","$132.40K - $159K/yr","","Quick apply"
"Prosper","https://www.ziprecruiter.com/co/Prosper/Jobs?uuid=xxd1TVCs%2FSCkpA1nOTWiwf1tcn8%3D&radius=25","Staff Software Engineer (Data Platforms)","Charleston, WV","https://www.ziprecruiter.com/jobs-search?location=Charleston%2CWV&search=Data","· Remote","$167K - $245K/yr","","Quick apply"
"Brooksource","https://www.ziprecruiter.com/co/Brooksource/Jobs?uuid=GepdnFwkDaRhG3r68c6aE2aL2vo%3D&radius=25","Data Syndication Analyst","Minneapolis, MN","https://www.ziprecruiter.com/jobs-search?location=Minneapolis%2CMN&search=Data","· Remote","","https://www.ziprecruiter.com/svc/fotomat/public-nosensitive-ziprecruiter-logos/company/33579039.png",""
"Aircall","https://www.ziprecruiter.com/co/Aircall/Jobs/-in-San-Francisco,CA?uuid=hD1zojL32mA2kaMSeBg4hqQ4J6k%3D&radius=25","Data Engineer, Data and Science","San Francisco, CA","https://www.ziprecruiter.com/jobs-search?location=San+Francisco%2CCA&search=Data","· On-site +1","$134.90K - $162K/yr","","Quick apply"
"FortifyIQ","https://www.ziprecruiter.com/co/FortifyIQ/Jobs?uuid=qDPj4uZsM4hezShmmVrwtS3TkaE%3D&radius=25","Data & AI Engineer (Remote)","Salem, MA","https://www.ziprecruiter.com/jobs-search?location=Salem%2CMA&search=Data","· Remote","$125.10K - $150.20K/yr","https://www.ziprecruiter.com/svc/fotomat/public-nosensitive-ziprecruiter-logos/company/d09774ea.png","Quick apply"
"James Dobson Family Institute","https://www.ziprecruiter.com/co/James-Dobson-Family-Institute/Jobs?uuid=&radius=25","Database Administrator/Analyst","Colorado Springs, CO","https://www.ziprecruiter.com/jobs-search?location=Colorado+Springs%2CCO&search=Data","· Remote","$70K - $90K/yr","https://www.ziprecruiter.com/svc/fotomat/public-nosensitive-ziprecruiter-logos/company/a19ef32a.jpeg","Quick apply"
"Aledade, Inc.","https://www.ziprecruiter.com/co/Aledade,-Inc./Jobs?uuid=cDx15Neu%2BUrIYpElX6UbqnkKrjw%3D&radius=25","Analyst, IMD Data Management","","","","","https://www.ziprecruiter.com/svc/fotomat/public-nosensitive-ziprecruiter-logos/company/adbbbd94.png",""
"Brown Coker Realty","https://www.ziprecruiter.com/co/Brown-Coker-Realty/Jobs?uuid=&radius=25","DATA ENTRY CLERK","Hartsville, SC","https://www.ziprecruiter.com/jobs-search?location=Hartsville%2CSC&search=Data","· Remote","$18 - $25/hr","",""
"K2 Insurance Services, LLC","https://www.ziprecruiter.com/co/K2-Insurance-Services,-LLC/Jobs?uuid=YtQZ%2F1oEZIUQRzorRDjDDuZFLss%3D&radius=25","Senior Catastrophe Modeler - REMOTE","Corona, NY","https://www.ziprecruiter.com/jobs-search?location=Corona%2CNY&search=Data","· Remote","$98K - $120K/yr","https://www.ziprecruiter.com/svc/fotomat/public-nosensitive-ziprecruiter-logos/company/b04e2f65.png","Quick apply"
"T-Rex Solutions","https://www.ziprecruiter.com/co/T-Rex-Solutions/Jobs?uuid=vgZ0%2BGkWr%2B85HbpnYeSUgISZkF4%3D&radius=25","Data Architect","Washington, DC","https://www.ziprecruiter.com/jobs-search?location=Washington%2CDC&search=Data","· Remote","$125K - $175K/yr","https://www.ziprecruiter.com/svc/fotomat/public-nosensitive-ziprecruiter-logos/company/04a9b57e.jpeg","Quick apply"
"iBusiness Funding","https://www.ziprecruiter.com/co/iBusiness-Funding/Jobs?uuid=7b%2BbObL4ZSq%2BLZAA04aLHFvUCqw%3D&radius=25","AI Knowledge Data Engineer","Fort Lauderdale, FL","https://www.ziprecruiter.com/jobs-search?location=Fort+Lauderdale%2CFL&search=Data","· Remote","","https://www.ziprecruiter.com/svc/fotomat/public-nosensitive-ziprecruiter-logos/company/a65767c8.png","Quick apply"
"Vizient Southeast","https://www.ziprecruiter.com/co/Vizient-Southeast/Jobs?uuid=4btnhMwVG%2FySX4tLz6Rznlw81no%3D&radius=25","Business Intelligence Manager","Tampa, FL","https://www.ziprecruiter.com/jobs-search?location=Tampa%2CFL&search=Data","· Remote","$95K - $125K/yr","https://www.ziprecruiter.com/svc/fotomat/public-nosensitive-ziprecruiter-logos/company/19919e1d.png","Quick apply"
"Dunhill Staffing Systems","https://www.ziprecruiter.com/co/Dunhill-Staffing-Systems/Jobs?uuid=PHMtaW54xhAH2CB5dqKkcO%2Fkgko%3D&radius=25","Data Entry Specialist","","","","$16 - $21.25/hr","https://www.ziprecruiter.com/svc/fotomat/public-nosensitive-ziprecruiter-logos/company/524983a8.png",""
"Yellow Dolphin LLC","https://www.ziprecruiter.com/co/Yellow-Dolphin-LLC/Jobs?uuid=&radius=25","Learning Analytics & Quality Lead","Austin, TX","https://www.ziprecruiter.com/jobs-search?location=Austin%2CTX&search=Data","· Remote","","","Quick apply"
"Blue Cross Blue Shield of Kansas","https://www.ziprecruiter.com/co/Blue-Cross-Blue-Shield-of-Kansas/Jobs/-in-Topeka,KS?uuid=&radius=25","Provider Data Quality Analyst","Topeka, KS","https://www.ziprecruiter.com/jobs-search?location=Topeka%2CKS&search=Data","· On-site +1","","",""
"Judge Group, Inc.","https://www.ziprecruiter.com/co/Judge-Group,-Inc./Jobs?uuid=fg4D51xh15R8HMxEsWOAuJL1D24%3D&radius=25","Data Engineer","Camden, NJ","https://www.ziprecruiter.com/jobs-search?location=Camden%2CNJ&search=Data","· Remote","$60 - $70/hr","https://www.ziprecruiter.com/svc/fotomat/public-nosensitive-ziprecruiter-logos/company/c5ef1137.png",""
"MidWest Startup creating applications that allow consumers to take control of their data","https://www.ziprecruiter.com/co/MidWest-Startup-creating-applications-that-allow-consumers-to-take-control-of-their-data/Jobs?uuid=&radius=25","Senior Python Developer, Unique Niche Expanding Startup, Startup Exper","Kansas City, MO","https://www.ziprecruiter.com/jobs-search?location=Kansas+City%2CMO&search=Data","· Remote","$125K - $145K/yr","","Quick apply"
"NinjaOne","https://www.ziprecruiter.com/co/NinjaOne/Jobs?uuid=oA%2BrYUyhipZ3yQrIW64Iu2znpmQ%3D&radius=25","Data Engineer","","","","","https://www.ziprecruiter.com/svc/fotomat/public-nosensitive-ziprecruiter-logos/company/3a31a13b.png","Quick apply"
"Wavicle Data Solutions","https://www.ziprecruiter.com/co/Wavicle-Data-Solutions/Jobs/-in-Oak-Brook,IL?uuid=DkoxZUFdUk1Ev1QcZJiW5GpDepU%3D&radius=25","Data Engineering Architect","Oak Brook, IL","https://www.ziprecruiter.com/jobs-search?location=Oak+Brook%2CIL&search=Data","· On-site +1","$64.25 - $82.75/hr","https://www.ziprecruiter.com/svc/fotomat/public-nosensitive-ziprecruiter-logos/company/16b37217.png","Quick apply"
"MyHR Partner, Inc","https://www.ziprecruiter.com/co/MyHR-Partner,-Inc/Jobs/-in-Austin,TX?uuid=7cRYxdkM9D3oSP8Sl2myUP5exVg%3D&radius=25","Data Platform Engineer","Austin, TX","https://www.ziprecruiter.com/jobs-search?location=Austin%2CTX&search=Data","· On-site +1","","https://www.ziprecruiter.com/svc/fotomat/public-nosensitive-ziprecruiter-logos/company/7a337a18.png","Quick apply"
"COLOSSUS DATA CENTER ADVISORS LLC","https://www.ziprecruiter.com/co/COLOSSUS-DATA-CENTER-ADVISORS-LLC/Jobs?uuid=&radius=25","Data Center Advisory - Technical Associate/Manager","Bend, OR","https://www.ziprecruiter.com/jobs-search?location=Bend%2COR&search=Data","· Remote","$170.90K/yr","","Quick apply"
"Covenant Consulting","https://www.ziprecruiter.com/co/Covenant-Consulting/Jobs?uuid=HgN6U7XsO6Yd9zCGbqS5yOPJ4u4%3D&radius=25","Data Analyst","Concord, NC","https://www.ziprecruiter.com/jobs-search?location=Concord%2CNC&search=Data","· Remote","","https://www.ziprecruiter.com/svc/fotomat/public-nosensitive-ziprecruiter-logos/company/40d1b527.png",""
"Indiana University","https://www.ziprecruiter.com/co/Indiana-University/Jobs?uuid=L7ruPixLY8px4lHUVPLJJsY7fHk%3D&radius=25","Data Engineer","","","","$117.20K - $140.70K/yr","https://www.ziprecruiter.com/svc/fotomat/public-nosensitive-ziprecruiter-logos/company/49a21226.png",""
"National Association of Insurance Commissioners (NAIC)","https://www.ziprecruiter.com/co/National-Association-of-Insurance-Commissioners-(NAIC)/Jobs?uuid=NzldyJAgMCoQuCSfLcUsY%2B4YC%2FM%3D&radius=25","Data Engineer","","","","$117.20K - $140.70K/yr","https://www.ziprecruiter.com/svc/fotomat/public-nosensitive-ziprecruiter-logos/company/7b8dc5a4.png",""
"Kidde Global Solutions","https://www.ziprecruiter.com/co/Kidde-Global-Solutions/Jobs?uuid=&radius=25","Data & Analytics Engineer","","","","$117.20K - $140.70K/yr","",""
"E2 Optics","https://www.ziprecruiter.com/co/E2-Optics/Jobs?uuid=V20%2F%2BtV3RCOLczwMQpA%2FwJ90qJM%3D&radius=25","Hyperscale Data Center Estimator","OR","https://www.ziprecruiter.com/jobs-search?location=Oregon&search=Data","· Remote","$110K - $130K/yr","https://www.ziprecruiter.com/svc/fotomat/public-nosensitive-ziprecruiter-logos/company/c6675d68.jpeg",""
"Meta","https://www.ziprecruiter.com/co/Meta/Jobs/-in-Menlo-Park,CA?uuid=VNwJeJJwBLCQKYzkaAEktbJtV8U%3D&radius=25","Data Engineer, Product Analytics","Menlo Park, CA","https://www.ziprecruiter.com/jobs-search?location=Menlo+Park%2CCA&search=Data","· On-site +1","$147K/yr","https://www.ziprecruiter.com/svc/fotomat/public-nosensitive-ziprecruiter-logos/company/e98494bb.png",""
"Infotek Consulting Services Inc.","https://www.ziprecruiter.com/co/Infotek-Consulting-Services-Inc./Jobs?uuid=&radius=25","Business Analyst (Data & Power BI)","Chicago, IL","https://www.ziprecruiter.com/jobs-search?location=Chicago%2CIL&search=Data","· Remote","","",""
"UICGS and Bowhead Family of Companies","https://www.ziprecruiter.com/co/UICGS-and-Bowhead-Family-of-Companies/Jobs?uuid=&radius=25","Data Engineer with Security Clearance","Mobile, AL","https://www.ziprecruiter.com/jobs-search?location=Mobile%2CAL&search=Data","· Remote","$113.60K - $136.40K/yr","",""
"IDR, Inc.","https://www.ziprecruiter.com/co/IDR,-Inc./Jobs?uuid=RZiFQFIonSD7wwv3kOc6FIgjBXM%3D&radius=25","Clinical Data Engineer","Manhattan, NY","https://www.ziprecruiter.com/jobs-search?location=Manhattan%2CNY&search=Data","· Remote","$126.20K - $151.60K/yr","https://www.ziprecruiter.com/svc/fotomat/public-nosensitive-ziprecruiter-logos/company/15e8f711.png",""
"WEX","https://www.ziprecruiter.com/co/WEX/Jobs?uuid=xvV71WZ%2B2Iu%2FwUQ2KRdCdCzq26A%3D&radius=25","Staff Software Engineer - Semantic Data Lake","","","","$117.20K - $140.70K/yr","https://www.ziprecruiter.com/svc/fotomat/public-nosensitive-ziprecruiter-logos/company/b5795721.png",""
"Axelon Services Corporation","https://www.ziprecruiter.com/co/Axelon-Services-Corporation/Jobs/-in-Oakland,CA?uuid=AHlIMrVdVbX%2F3kTdbmWLCbNtjXU%3D&radius=25","Data Analyst","Oakland, CA","https://www.ziprecruiter.com/jobs-search?location=Oakland%2CCA&search=Data","· On-site +1","","https://www.ziprecruiter.com/svc/fotomat/public-nosensitive-ziprecruiter-logos/company/b8abf44d.png",""
"Inizio Partners","https://www.ziprecruiter.com/co/Inizio-Partners/Jobs/-in-Warren,NJ?uuid=&radius=25","Azure Data Engineer","Warren, NJ","https://www.ziprecruiter.com/jobs-search?location=Warren%2CNJ&search=Data","· On-site +1","$118.30K - $142.10K/yr","",""
"Jazz Pharmaceuticals","https://www.ziprecruiter.com/co/Jazz-Pharmaceuticals/Jobs?uuid=qyLyVbFit%2F9FiaNhTvuWpozvZj8%3D&radius=25","Senior Manager, REMS Data Programmer","Palo Alto, CA","https://www.ziprecruiter.com/jobs-search?location=Palo+Alto%2CCA&search=Data","· Remote","$136K - $204K/yr","https://www.ziprecruiter.com/svc/fotomat/public-nosensitive-ziprecruiter-logos/company/621ebb5b.png",""
"Federal Home Loan Bank of Topeka","https://www.ziprecruiter.com/co/Federal-Home-Loan-Bank-of-Topeka/Jobs/-in-Topeka,KS?uuid=af%2FyGWqvKbbZRW%2FQ3q2xc9uZKJE%3D&radius=25","Data Architect","Topeka, KS","https://www.ziprecruiter.com/jobs-search?location=Topeka%2CKS&search=Data","· On-site +1","$60 - $77.25/hr","https://www.ziprecruiter.com/svc/fotomat/public-nosensitive-ziprecruiter-logos/company/2e0c6c7c.png",""
"Wondr Health","https://www.ziprecruiter.com/co/Wondr-Health/Jobs/-in-Dallas,TX?uuid=FDXSthe11%2FuKAat9OSAl%2BxZBoy8%3D&radius=25","Data Engineer","Dallas, TX","https://www.ziprecruiter.com/jobs-search?location=Dallas%2CTX&search=Data","· On-site +1","$100K - $120K/yr","https://www.ziprecruiter.com/svc/fotomat/public-nosensitive-ziprecruiter-logos/company/84d61e95.png",""
"Bering Straits Native Corporation","https://www.ziprecruiter.com/co/Bering-Straits-Native-Corporation/Jobs/-in-Dayton,OH?uuid=6p3Qd23ipgnj4BO7FRdnY4IXW4Q%3D&radius=25","DMS MRO Data Engineer","Dayton, OH","https://www.ziprecruiter.com/jobs-search?location=Dayton%2COH&search=Data","· On-site +1","$125K - $150K/yr","https://www.ziprecruiter.com/svc/fotomat/public-nosensitive-ziprecruiter-logos/company/0e254e5e.png",""
"Cotiviti, Inc.","https://www.ziprecruiter.com/co/Cotiviti,-Inc./Jobs?uuid=yC9YHNcoJ2iIm5cjZy3BwjdEK7I%3D&radius=25","Senior Generative AI Scientist II (Model Risk & Validation)","Palo Alto, CA","https://www.ziprecruiter.com/jobs-search?location=Palo+Alto%2CCA&search=Data","· Remote","$145K - $170K/yr","https://www.ziprecruiter.com/svc/fotomat/public-nosensitive-ziprecruiter-logos/company/13e1e686.jpeg",""
"Atlas Technologies Inc","https://www.ziprecruiter.com/co/Atlas-Technologies-Inc/Jobs?uuid=v4%2FotffCNsz4FpVTrO0%2FvyqkMoY%3D&radius=25","Cloud Data Analyst","Alexandria, VA","https://www.ziprecruiter.com/jobs-search?location=Alexandria%2CVA&search=Data","· Remote","","https://www.ziprecruiter.com/svc/fotomat/public-nosensitive-ziprecruiter-logos/company/c6a6dff3.png",""
"QuinStreet","https://www.ziprecruiter.com/co/QuinStreet/Jobs?uuid=J3fK2haM%2B2k3meSf3cvybEXwXfQ%3D&radius=25","Data Analyst","Foster City, CA","https://www.ziprecruiter.com/jobs-search?location=Foster+City%2CCA&search=Data","· Remote","$85K - $100K/yr","https://www.ziprecruiter.com/svc/fotomat/public-nosensitive-ziprecruiter-logos/company/b3dae51b.png",""
"Swoon Staffing","https://www.ziprecruiter.com/co/Swoon-Staffing/Jobs?uuid=60xGcQk1NAQ0%2FSOVAVpk3KnFS64%3D&radius=25","Junior Data Analyst","Houston, TX","https://www.ziprecruiter.com/jobs-search?location=Houston%2CTX&search=Data","· Remote","$45.90/hr","https://www.ziprecruiter.com/svc/fotomat/public-nosensitive-ziprecruiter-logos/company/4220a31f.png","Quick apply"
"KBTS Technologies, Inc.","https://www.ziprecruiter.com/co/KBTS-Technologies,-Inc./Jobs?uuid=tj5NH80b1BvIhYkjtWNbT59gnLo%3D&radius=25","Data Visualization & Cloud Analytics Engineer","Detroit, MI","https://www.ziprecruiter.com/jobs-search?location=Detroit%2CMI&search=Data","· Remote","$113.10K - $135.90K/yr","https://www.ziprecruiter.com/svc/fotomat/public-nosensitive-ziprecruiter-logos/company/f91acbc4.png",""
"Conflux Systems","https://www.ziprecruiter.com/co/Conflux-Systems/Jobs?uuid=Pc%2FFV57X5oDnPYoe3F8ehpu7dHo%3D&radius=25","Data Engineer","","","","$33/hr","https://www.ziprecruiter.com/svc/fotomat/public-nosensitive-ziprecruiter-logos/company/936fa02e.png",""
"Apex Informatics","https://www.ziprecruiter.com/co/Apex-Informatics/Jobs?uuid=DxvnlD9DttV0is0sFzmzfzR0EZ4%3D&radius=25","Data Analyst","","","","","https://www.ziprecruiter.com/svc/fotomat/public-nosensitive-ziprecruiter-logos/company/e0876f5a.png",""
"Lancesoft INC","https://www.ziprecruiter.com/co/Lancesoft-INC/Jobs?uuid=ez6hiSXULKEiQ1uTWI5Qko5E3dg%3D&radius=25","Clinical Data Specialist","Minneapolis, MN","https://www.ziprecruiter.com/jobs-search?location=Minneapolis%2CMN&search=Data","· Remote","$45 - $48/hr","https://www.ziprecruiter.com/svc/fotomat/public-nosensitive-ziprecruiter-logos/company/59c16871.png","Quick apply"
"Right Skale, Inc.","https://www.ziprecruiter.com/co/Right-Skale,-Inc./Jobs?uuid=9kIvJY%2F1AQTvKmV1lIwS5UBKbcQ%3D&radius=25","Data Analyst","","","","","https://www.ziprecruiter.com/svc/fotomat/public-nosensitive-ziprecruiter-logos/company/95f94748.png",""
"NAVA Software Solutions","https://www.ziprecruiter.com/co/NAVA-Software-Solutions/Jobs/-in-Sacramento,CA?uuid=n1oEA82K2qyLILi3FIoIUIi94WM%3D&radius=25","Advisor Data Analyst-Remote","Sacramento, CA","https://www.ziprecruiter.com/jobs-search?location=Sacramento%2CCA&search=Data","· On-site +1","","https://www.ziprecruiter.com/svc/fotomat/public-nosensitive-ziprecruiter-logos/company/2080d595.png",""
"Ad Hoc","https://www.ziprecruiter.com/co/Ad-Hoc/Jobs?uuid=a0yUG0zRH6hLI8dexJYcyO90M98%3D&radius=25","Senior Data Analyst","Washington, DC","https://www.ziprecruiter.com/jobs-search?location=Washington%2CDC&search=Data","· Remote","$97K - $122.40K/yr","https://www.ziprecruiter.com/svc/fotomat/public-nosensitive-ziprecruiter-logos/company/68278099.png",""
"New York State Technology Enterprise Cor","https://www.ziprecruiter.com/co/New-York-State-Technology-Enterprise-Cor/Jobs/-in-Albany,NY?uuid=&radius=25","Senior Consultant - Data Analyst","Albany, NY","https://www.ziprecruiter.com/jobs-search?location=Albany%2CNY&search=Data","· On-site +1","$84.50K - $109.85K/yr","",""
"Exusia","https://www.ziprecruiter.com/co/Exusia/Jobs?uuid=CMvbnNRjlmYOunfguK%2BFqP81Zoc%3D&radius=25","Senior Data Analyst / Tester","","","","$88K - $111.10K/yr","https://www.ziprecruiter.com/svc/fotomat/public-nosensitive-ziprecruiter-logos/company/5f82eab8.png",""
"Soleo Health Inc","https://www.ziprecruiter.com/co/Soleo-Health-Inc/Jobs/-in-Frisco,TX?uuid=dOSTzi01ENbU5p9jfp2EU%2F3PJBk%3D&radius=25","Commercial Sales Data Analyst","Frisco, TX","https://www.ziprecruiter.com/jobs-search?location=Frisco%2CTX&search=Data","· On-site +1","$65K - $85K/yr","https://www.ziprecruiter.com/svc/fotomat/public-nosensitive-ziprecruiter-logos/company/668e1094.jpeg","Quick apply"
"André Global, Inc.","https://www.ziprecruiter.com/co/Andr%C3%A9-Global,-Inc./Jobs?uuid=&radius=25","Sr. Data Analyst with Guidewire- Remote","","","","$88K - $111.10K/yr","",""
"TalentBurst, Inc.","https://www.ziprecruiter.com/co/TalentBurst,-Inc./Jobs?uuid=7GgBoES%2FSJrkFiTyR3JewzwvzP8%3D&radius=25","AI & Data Project Manager (Data Governance)","Fairfax, VA","https://www.ziprecruiter.com/jobs-search?location=Fairfax%2CVA&search=Data","· Remote","$53 - $71.50/hr","https://www.ziprecruiter.com/svc/fotomat/public-nosensitive-ziprecruiter-logos/company/35aa611f.jpg","Quick apply"
"Lorven Technologies","https://www.ziprecruiter.com/co/Lorven-Technologies/Jobs?uuid=gj0Nyvsu3iBrpjZ%2BO0iQrw8IHhg%3D&radius=25","Data Engineer (IC3) (Strong SQL)","","","","$117.20K - $140.70K/yr","https://www.ziprecruiter.com/svc/fotomat/public-nosensitive-ziprecruiter-logos/company/4918ae53.png",""
"VAST Data","https://www.ziprecruiter.com/co/VAST-Data/Jobs/-in-Manhattan,NY?uuid=QUIN6SFW12U2Ilm%2Bp4UCzATCSw8%3D&radius=25","Senior Product Data Analyst","Manhattan, NY","https://www.ziprecruiter.com/jobs-search?location=Manhattan%2CNY&search=Data","· On-site +1","$94.70K - $119.40K/yr","",""
"MatchPoint Solutions","https://www.ziprecruiter.com/co/MatchPoint-Solutions/Jobs/-in-Houston,TX?uuid=eQwPUnogMo5E51o%2FoniO6pw2mOw%3D&radius=25","Azure Data Lake Engineer","Houston, TX","https://www.ziprecruiter.com/jobs-search?location=Houston%2CTX&search=Data","· On-site +1","$80 - $82/hr","https://www.ziprecruiter.com/svc/fotomat/public-nosensitive-ziprecruiter-logos/company/b93a3cdc.png",""
"DeepHealth","https://www.ziprecruiter.com/co/DeepHealth/Jobs/-in-Somerville,MA?uuid=c1bYjy2B7uzf%2Fzs%2BQEdHgBn7RFg%3D&radius=25","Data Migration Engineer","Somerville, MA","https://www.ziprecruiter.com/jobs-search?location=Somerville%2CMA&search=Data","· On-site +1","$100 - $120/hr","https://www.ziprecruiter.com/svc/fotomat/public-nosensitive-ziprecruiter-logos/company/9facfe0d.png",""
"Texas State Library and Archives Commision","https://www.ziprecruiter.com/co/Texas-State-Library-and-Archives-Commision/Jobs?uuid=&radius=25","Data Engineer","","","","$117.20K - $140.70K/yr","",""
"Sarian, Inc.","https://www.ziprecruiter.com/co/Sarian,-Inc./Jobs?uuid=&radius=25","Sr. Data Lakehouse Engineer","","","","$117.20K - $140.70K/yr","",""
"campus4tech","https://www.ziprecruiter.com/co/campus4tech/Jobs?uuid=&radius=25","Data Engineer - Databricks & Snowflake","","","","$117.20K - $140.70K/yr","",""
"Merican","https://www.ziprecruiter.com/co/Merican/Jobs?uuid=bhn%2BO%2BqnQmJjKUkPrYbuOWIXMvU%3D&radius=25","Data Engineer","","","","$117.20K - $140.70K/yr","https://www.ziprecruiter.com/svc/fotomat/public-nosensitive-ziprecruiter-logos/company/2b072b0c.png",""
"Futran Tech Solutions Pvt. Ltd.","https://www.ziprecruiter.com/co/Futran-Tech-Solutions-Pvt.-Ltd./Jobs?uuid=&radius=25","Sr Data Engineer","","","","$117.20K - $140.70K/yr","",""
"De Circle","https://www.ziprecruiter.com/co/De-Circle/Jobs/-in-San-Francisco,CA?uuid=&radius=25","Data & BI Engineer - Odos","San Francisco, CA","https://www.ziprecruiter.com/jobs-search?location=San+Francisco%2CCA&search=Data","· On-site +1","$134.90K - $162K/yr","",""
"Takeda Pharmaceutical","https://www.ziprecruiter.com/co/Takeda-Pharmaceutical/Jobs/-in-Cambridge,MA?uuid=sE4z87I1NtMGuPOv1taw5WDwlo4%3D&radius=25","Senior Data Scientist","Cambridge, MA","https://www.ziprecruiter.com/jobs-search?location=Cambridge%2CMA&search=Data","· On-site +1","$162K - $260K/yr","https://www.ziprecruiter.com/svc/fotomat/public-nosensitive-ziprecruiter-logos/company/8d047c64.png",""
"Exact Sciences","https://www.ziprecruiter.com/co/Exact-Sciences/Jobs?uuid=rMju8zeZ3skGpa8KIEhDDqHh6l0%3D&radius=25","Staff Data Engineer - Science","","","","$117.20K - $140.70K/yr","https://www.ziprecruiter.com/svc/fotomat/public-nosensitive-ziprecruiter-logos/company/c036be99.png",""
"Arrow Electronics, Inc.","https://www.ziprecruiter.com/co/Arrow-Electronics,-Inc./Jobs?uuid=g0s2BV8GgugpWqoDZlE%2FVYIHZQc%3D&radius=25","Data/ AI Practice Leader","Salisbury, MD","https://www.ziprecruiter.com/jobs-search?location=Salisbury%2CMD&search=Data","· Remote","$151.50K - $225.51K/yr","https://www.ziprecruiter.com/svc/fotomat/public-nosensitive-ziprecruiter-logos/company/3b8eb718.png",""
"Arrow Electronics, Inc.","https://www.ziprecruiter.com/co/Arrow-Electronics,-Inc./Jobs?uuid=5U%2FzGXp9Yof8xnZypPu2Bx0dXSs%3D&radius=25","Data/ AI Practice Leader","UT","https://www.ziprecruiter.com/jobs-search?location=Utah&search=Data","· Remote","$151.50K - $225.51K/yr","",""
"CyberCoders","https://www.ziprecruiter.com/co/CyberCoders/Jobs/-in-Raleigh,NC?uuid=Ymyjl2wqZuAT2DYHpLp50Ji1PAM%3D&radius=25","Head of Data Science / AI","Raleigh, NC","https://www.ziprecruiter.com/jobs-search?location=Raleigh%2CNC&search=Data","· On-site +1","","https://www.ziprecruiter.com/svc/fotomat/public-nosensitive-ziprecruiter-logos/company/ff92e438.png","Quick apply"
"Crown Innovations, Inc.","https://www.ziprecruiter.com/co/Crown-Innovations,-Inc./Jobs?uuid=&radius=25","Energy Data Analyst","","","","$46K - $50K/yr","",""
"Cherokee Federal","https://www.ziprecruiter.com/co/Cherokee-Federal/Jobs?uuid=%2BPjSV97gbmYymQAOhCu7b0tYYv8%3D&radius=25","Lead Sr Analyst/Research Specialist","Independence, KS","https://www.ziprecruiter.com/jobs-search?location=Independence%2CKS&search=Data","· Remote","$95K - $110K/yr","https://www.ziprecruiter.com/svc/fotomat/public-nosensitive-ziprecruiter-logos/company/c2668434.png",""
"NORTHEAST KINGDOM HUMAN SERVICES INC","https://www.ziprecruiter.com/co/NORTHEAST-KINGDOM-HUMAN-SERVICES-INC/Jobs/-in-Newport,VT?uuid=XQSq7FMNfz8hKDPSIqdjfkmA2Ks%3D&radius=25","INFORMATION SYSTEM DATA ANALYST","Newport, VT","https://www.ziprecruiter.com/jobs-search?location=Newport%2CVT&search=Data","· On-site +1","$24.96 - $33.78/hr","https://www.ziprecruiter.com/svc/fotomat/public-nosensitive-ziprecruiter-logos/company/4237f737.png",""
"State of Washington","https://www.ziprecruiter.com/co/State-of-Washington/Jobs/-in-Olympia,WA?uuid=j03od5MdmXjWMHRsehv5L4TRxcM%3D&radius=25","Data Analyst (TPS 4)","Olympia, WA","https://www.ziprecruiter.com/jobs-search?location=Olympia%2CWA&search=Data","· On-site +1","$78.91K - $106.10K/yr","https://www.ziprecruiter.com/svc/fotomat/public-nosensitive-ziprecruiter-logos/company/56ea0ef3.png",""
"Knopf Investigations","https://www.ziprecruiter.com/co/Knopf-Investigations/Jobs?uuid=jXEQZKqsvQXX%2BpLKYfRcbS38fBo%3D&radius=25","Data Entry Clerk","Melbourne, FL","https://www.ziprecruiter.com/jobs-search?location=Melbourne%2CFL&search=Data","· Remote","$18 - $27/hr","https://www.ziprecruiter.com/svc/fotomat/public-nosensitive-ziprecruiter-logos/company/682afedd.png","Quick apply"
"CFS","https://www.ziprecruiter.com/co/CFS/Jobs/-in-Bedford-Hills,NY?uuid=K6RXZUByCe0h7pD%2B4Cn4X3eE0k8%3D&radius=25","D365","Bedford Hills, NY","https://www.ziprecruiter.com/jobs-search?location=Bedford+Hills%2CNY&search=Data","· On-site +1","$75K - $85K/yr","",""
"Berkshire Hathaway Homestate Companies","https://www.ziprecruiter.com/co/Berkshire-Hathaway-Homestate-Companies/Jobs/-in-Sacramento,CA?uuid=V4N6vpFXxfgf7%2BT%2F4CFBBrbNJsk%3D&radius=25","Background & Data Intelligence Analyst","Sacramento, CA","https://www.ziprecruiter.com/jobs-search?location=Sacramento%2CCA&search=Data","· On-site +1","$61.72K - $75.26K/yr","",""
"ELM Utility Services","https://www.ziprecruiter.com/co/ELM-Utility-Services/Jobs/-in-Missoula,MT?uuid=HfMxCT3RXdkuUgyurksCv3MZ7Uc%3D&radius=25","Data Analyst - Missoula, Montana $55,000-$75,000/DOE","Missoula, MT","https://www.ziprecruiter.com/jobs-search?location=Missoula%2CMT&search=Data","· On-site +1","$55K - $75K/yr","",""
"Texas Health and Human Services Commission","https://www.ziprecruiter.com/co/Texas-Health-and-Human-Services-Commission/Jobs/-in-Plainview,TX?uuid=ZZOO1DfIWvKNZaVnx9NhgvYSDxE%3D&radius=25","Data Analyst IV - Advanced Analytics & Reporting - 100% remote","Plainview, TX","https://www.ziprecruiter.com/jobs-search?location=Plainview%2CTX&search=Data","· On-site +1","$5.43K - $7.16K/mo","https://www.ziprecruiter.com/svc/fotomat/public-nosensitive-ziprecruiter-logos/company/e0b827a4.png",""
"New York State","https://www.ziprecruiter.com/co/New-York-State/Jobs/-in-Albany,NY?uuid=giE2em59z74XzoF%2FbeMQaz0hbfA%3D&radius=25","Data Analyst 1 (SG-18), Data Analyst Trainee 2 (SG-16), Data Analyst 1 (SG-18) Item# 00777","Albany, NY","https://www.ziprecruiter.com/jobs-search?location=Albany%2CNY&search=Data","· On-site +1","$53.76K - $85.14K/yr","https://www.ziprecruiter.com/svc/fotomat/public-nosensitive-ziprecruiter-logos/company/30d00cd8.png",""
"Dynamic Business Intelligence Resources","https://www.ziprecruiter.com/co/Dynamic-Business-Intelligence-Resources/Jobs?uuid=&radius=25","Data Analyst","San Antonio, TX","https://www.ziprecruiter.com/jobs-search?location=San+Antonio%2CTX&search=Data","· Remote","$70K - $75K/yr","","Quick apply"
"Recidiviz","https://www.ziprecruiter.com/co/Recidiviz/Jobs/-in-New-York,NY?uuid=tlLv%2FJbbkjoTxrlQgmrwFov6b5Q%3D&radius=25","Policy Data Analyst","New York, NY","https://www.ziprecruiter.com/jobs-search?location=New+York%2CNY&search=Data","· On-site +1","$97K/yr","https://www.ziprecruiter.com/svc/fotomat/public-nosensitive-ziprecruiter-logos/company/0edce95e.png",""
"Ivanti","https://www.ziprecruiter.com/co/Ivanti/Jobs/-in-South-Jordan,UT?uuid=AXk7Yxq0rqOcWxB3mi3XeWSObSU%3D&radius=25","Entry Level Data Analyst","South Jordan, UT","https://www.ziprecruiter.com/jobs-search?location=South+Jordan%2CUT&search=Data","· On-site +1","","https://www.ziprecruiter.com/svc/fotomat/public-nosensitive-ziprecruiter-logos/company/5be2e27c.png",""
"Everest Search Partners","https://www.ziprecruiter.com/co/Everest-Search-Partners/Jobs?uuid=&radius=25","Data Load Analyst - Finance","Plano, TX","https://www.ziprecruiter.com/jobs-search?location=Plano%2CTX&search=Data","· Remote","","",""
"Compass Group","https://www.ziprecruiter.com/co/Compass-Group/Jobs/-in-Charlotte,NC?uuid=e3l8lslqh2geJb2ARL79jey57cE%3D&radius=25","Data & Analytics Analyst","Charlotte, NC","https://www.ziprecruiter.com/jobs-search?location=Charlotte%2CNC&search=Data","· On-site +1","","",""
"Insight Global","https://www.ziprecruiter.com/co/Insight-Global/Jobs?uuid=oAEMW6MMo0qOgm0s2UNbvMxuPhc%3D&radius=25","Tableau Analyst","Denver, CO","https://www.ziprecruiter.com/jobs-search?location=Denver%2CCO&search=Data","· Remote","$75K - $90K/yr","https://www.ziprecruiter.com/svc/fotomat/public-nosensitive-ziprecruiter-logos/company/4d6aef15.jpeg","Quick apply"
"Savista","https://www.ziprecruiter.com/co/Savista/Jobs?uuid=OM2K3q4GG7cbeLvaLSyVmMPb9ao%3D&radius=25","Manager, Data Analyst (Applicants must be legally authorized to work in the United States. The co...","","","","$83K - $90K/yr","https://www.ziprecruiter.com/svc/fotomat/public-nosensitive-ziprecruiter-logos/company/43d4d726.png",""
"Liaison International","https://www.ziprecruiter.com/co/Liaison-International/Jobs?uuid=73EuPEw2t8sKgOfvCrrqZG0ETMg%3D&radius=25","Data Analyst/Curator","","","","$70K - $88K/yr","https://www.ziprecruiter.com/svc/fotomat/public-nosensitive-ziprecruiter-logos/company/ffdb8b3a.png",""
"Revel IT","https://www.ziprecruiter.com/co/Revel-IT/Jobs/-in-Columbus,OH?uuid=eZwUeqI9iA9%2FTG6Vei5dZEkT%2BXs%3D&radius=25","Channel Operations/Data Analyst - remote | 1053196","Columbus, OH","https://www.ziprecruiter.com/jobs-search?location=Columbus%2COH&search=Data","· On-site +1","","https://www.ziprecruiter.com/svc/fotomat/public-nosensitive-ziprecruiter-logos/company/322acd97.png","Quick apply"
"American Heart Association","https://www.ziprecruiter.com/co/American-Heart-Association/Jobs/-in-Dallas,TX?uuid=vrT0o7K%2BGMhZeSV%2FLgFqBN%2Fsbk8%3D&radius=25","Data Science Analyst","Dallas, TX","https://www.ziprecruiter.com/jobs-search?location=Dallas%2CTX&search=Data","· On-site +1","$85K - $95K/yr","https://www.ziprecruiter.com/svc/fotomat/public-nosensitive-ziprecruiter-logos/company/72c9f5af.png",""
"Digital Infuzion","https://www.ziprecruiter.com/co/Digital-Infuzion/Jobs/-in-Rockville,MD?uuid=DZFfQoiARXJ%2FU1yKcfhGntJ5I9s%3D&radius=25","Data Quality Analyst (Translational Research)","Rockville, MD","https://www.ziprecruiter.com/jobs-search?location=Rockville%2CMD&search=Data","· On-site +1","$65K - $80K/yr","https://www.ziprecruiter.com/svc/fotomat/public-nosensitive-ziprecruiter-logos/company/77f75afc.png",""
"General Motors","https://www.ziprecruiter.com/co/General-Motors/Jobs/-in-Warren,MI?uuid=vpT8%2Fh5oVMYB0kGVwFlvP%2B%2Fc8hY%3D&radius=25","Vehicle Safety Data Analyst","Warren, MI","https://www.ziprecruiter.com/jobs-search?location=Warren%2CMI&search=Data","· On-site +1","","https://www.ziprecruiter.com/svc/fotomat/public-nosensitive-ziprecruiter-logos/company/b412fffe.png",""
"C2Q Health Solutions","https://www.ziprecruiter.com/co/C2Q-Health-Solutions/Jobs?uuid=&radius=25","SHARED SERVICES DATA QUALITY ANALYST","","","","$45K - $50K/yr","",""
"Office of the Indiana Attorney General","https://www.ziprecruiter.com/co/Office-of-the-Indiana-Attorney-General/Jobs/-in-Indianapolis,IN?uuid=re2przhRZS%2FejKfHDo0TEVz6wGU%3D&radius=25","Tobacco Data Analyst","Indianapolis, IN","https://www.ziprecruiter.com/jobs-search?location=Indianapolis%2CIN&search=Data","· On-site +1","$51.07K - $79.16K/yr","",""
"Wonder Works Construction Corp.","https://www.ziprecruiter.com/co/Wonder-Works-Construction-Corp./Jobs/-in-Albuquerque,NM?uuid=xHsObVE8jWfD25AEFwoeQGnEvgo%3D&radius=25","Professional Data Entry Keyer","Albuquerque, NM","https://www.ziprecruiter.com/jobs-search?location=Albuquerque%2CNM&search=Data","· On-site +1","$20 - $30/hr","https://www.ziprecruiter.com/svc/fotomat/public-nosensitive-ziprecruiter-logos/company/ec0be74f.png",""
"Unacast","https://www.ziprecruiter.com/co/Unacast/Jobs?uuid=2IhvSRn6AlH16LD%2B1D%2BXyqcAApU%3D&radius=25","Data Delivery Analyst","Ashburn, VA","https://www.ziprecruiter.com/jobs-search?location=Ashburn%2CVA&search=Data","· Remote","$80K - $100K/yr","https://www.ziprecruiter.com/svc/fotomat/public-nosensitive-ziprecruiter-logos/company/585b0249.png",""
"R1","https://www.ziprecruiter.com/co/R1/Jobs?uuid=YdR9n9xmkkpyD50ImvA7wNCNIwI%3D&radius=25","Senior Clinical Data Operations Analyst III","","","","$70.92K/yr","https://www.ziprecruiter.com/svc/fotomat/public-nosensitive-ziprecruiter-logos/company/5948b6cb.png",""
"Growth Ortho","https://www.ziprecruiter.com/co/Growth-Ortho/Jobs?uuid=MkSdUC0rFrpvdpngNt56YE5QQvY%3D&radius=25","Data Analyst","Lexington, KY","https://www.ziprecruiter.com/jobs-search?location=Lexington%2CKY&search=Data","· Remote","","","Quick apply"
"Molina Healthcare","https://www.ziprecruiter.com/co/Molina-Healthcare/Jobs?uuid=fugUeMqjMiayINaqs3kKshqx1E4%3D&radius=25","Data Analyst - Remote in CA","Sacramento, CA","https://www.ziprecruiter.com/jobs-search?location=Sacramento%2CCA&search=Data","· Remote","$73.01K - $111.97K/yr","https://www.ziprecruiter.com/svc/fotomat/public-nosensitive-ziprecruiter-logos/company/8307232f.png",""
"ADF Medical Services Inc.","https://www.ziprecruiter.com/co/ADF-Medical-Services-Inc./Jobs?uuid=&radius=25","Data Entry Clerk","Westlake, OH","https://www.ziprecruiter.com/jobs-search?location=Westlake%2COH&search=Data","· Remote","$17.50 - $23.25/hr","","Quick apply"
"S&P Global, Inc.","https://www.ziprecruiter.com/co/S&P-Global,-Inc./Jobs/-in-New-York,NY?uuid=oH1jlNaNNzQ9thVpXHbWR6bHUDs%3D&radius=25","Data Analyst, Compliance","New York, NY","https://www.ziprecruiter.com/jobs-search?location=New+York%2CNY&search=Data","· On-site +1","$85K - $100K/yr","https://www.ziprecruiter.com/svc/fotomat/public-nosensitive-ziprecruiter-logos/company/1f1183cf.png",""
"YipitData (Alternative)","https://www.ziprecruiter.com/co/YipitData-(Alternative)/Jobs/--in-OR?uuid=oiogn%2FEPDtPl7sswG3t9djsCE9s%3D&radius=25","Data Validation Analyst","OR","https://www.ziprecruiter.com/jobs-search?location=Oregon&search=Data","· On-site +1","","https://www.ziprecruiter.com/svc/fotomat/public-nosensitive-ziprecruiter-logos/company/c0fcd2d6.png",""
"CareFirst","https://www.ziprecruiter.com/co/CareFirst/Jobs?uuid=nNCutv2tdRCsBe45hfxk05Kr6EU%3D&radius=25","Lead Data Analyst (Remote)","Baltimore, MD","https://www.ziprecruiter.com/jobs-search?location=Baltimore%2CMD&search=Data","· Remote","","https://www.ziprecruiter.com/svc/fotomat/public-nosensitive-ziprecruiter-logos/company/c9fffd57.png",""
"American Airlines","https://www.ziprecruiter.com/co/American-Airlines/Jobs/-in-Fort-Worth,TX?uuid=XV%2F76QuBErTmRR%2Bnawhd4tdeF7k%3D&radius=25","Analyst/Sr Analyst, Procurement Data and Analytics","Fort Worth, TX","https://www.ziprecruiter.com/jobs-search?location=Fort+Worth%2CTX&search=Data","· On-site +1","","https://www.ziprecruiter.com/svc/fotomat/public-nosensitive-ziprecruiter-logos/company/72b01a04.png",""
"Jobs for Humanity","https://www.ziprecruiter.com/co/Jobs-for-Humanity/Jobs?uuid=&radius=25","Data Analyst","New York, NY","https://www.ziprecruiter.com/jobs-search?location=New+York%2CNY&search=Data","· Remote","$55 - $60/hr","",""
"Rocky Mountain College of Art + Design","https://www.ziprecruiter.com/co/Rocky-Mountain-College-of-Art-+-Design/Jobs?uuid=6WCPJqwfVXV9cp0ZuMNjS7mz6lc%3D&radius=25","Data Analyst","","","","$75K - $80K/yr","https://www.ziprecruiter.com/svc/fotomat/public-nosensitive-ziprecruiter-logos/company/aa95afbd.png",""
"Tax Alchemy","https://www.ziprecruiter.com/co/Tax-Alchemy/Jobs?uuid=&radius=25","Tax Data Entry Specialist (Seasonal)","Irvine, CA","https://www.ziprecruiter.com/jobs-search?location=Irvine%2CCA&search=Data","· Remote","","","Quick apply"
"Madhive","https://www.ziprecruiter.com/co/Madhive/Jobs?uuid=Of%2BnGqJEYUXd8KaymJHL8yyUf04%3D&radius=25","Data Analyst, Revenue Analytics","New York, NY","https://www.ziprecruiter.com/jobs-search?location=New+York%2CNY&search=Data","· Remote","$75K - $89K/yr","https://www.ziprecruiter.com/svc/fotomat/public-nosensitive-ziprecruiter-logos/company/a6d8882a.png","Quick apply"
"UnitedHealth Group","https://www.ziprecruiter.com/co/UnitedHealth-Group/Jobs?uuid=l9Nnl0OmJzljTo%2F%2BhcKoe%2FuchQw%3D&radius=25","Data Analyst - Cybersecurity","Eden Prairie, MN","https://www.ziprecruiter.com/jobs-search?location=Eden+Prairie%2CMN&search=Data","· Remote","$72.80K - $130K/yr","https://www.ziprecruiter.com/svc/fotomat/public-nosensitive-ziprecruiter-logos/company/3634a7da.jpeg",""
"GAN","https://www.ziprecruiter.com/co/GAN/Jobs/-in-Las-Vegas,NV?uuid=b8iuZiSH7%2B2dYNSQMecXkPJ7Cnk%3D&radius=25","Data Analyst","Las Vegas, NV","https://www.ziprecruiter.com/jobs-search?location=Las+Vegas%2CNV&search=Data","· On-site +1","","https://www.ziprecruiter.com/svc/fotomat/public-nosensitive-ziprecruiter-logos/company/f2803cf1.png",""
"Brex","https://www.ziprecruiter.com/co/Brex/Jobs/-in-San-Francisco,CA?uuid=YOUWBtqCbaq%2BUZq4vfyUg4ZRrYI%3D&radius=25","Data Analyst III","San Francisco, CA","https://www.ziprecruiter.com/jobs-search?location=San+Francisco%2CCA&search=Data","· On-site +1","$114.19K - $142.74K/yr","https://www.ziprecruiter.com/svc/fotomat/public-nosensitive-ziprecruiter-logos/company/2bf75650.png",""
"Risk Strategies","https://www.ziprecruiter.com/co/Risk-Strategies/Jobs?uuid=beGddZSahdZ8mJjmcWuTmdxbfzY%3D&radius=25","Analyst Consultant - Data, Reporting, and Analytics","","","","$51.80K - $85K/yr","https://www.ziprecruiter.com/svc/fotomat/public-nosensitive-ziprecruiter-logos/company/ae37a04a.png",""
"Qode","https://www.ziprecruiter.com/co/Qode/Jobs/-in-Basking-Ridge,NJ?uuid=&radius=25","Data Analyst","Basking Ridge, NJ","https://www.ziprecruiter.com/jobs-search?location=Basking+Ridge%2CNJ&search=Data","· On-site +1","","",""
"Govcio LLC","https://www.ziprecruiter.com/co/Govcio-LLC/Jobs?uuid=U6nT%2BP5Y7zpTb%2BCz7XzC024DKso%3D&radius=25","SME Data Analyst (Remote)","","","","$110K - $130K/yr","",""
"Rush Street Interactive","https://www.ziprecruiter.com/co/Rush-Street-Interactive/Jobs?uuid=xS90gfpP1Nn8fLmtKk55JNNXNzc%3D&radius=25","Casino Data Analyst","OR","https://www.ziprecruiter.com/jobs-search?location=Oregon&search=Data","· Remote","","https://www.ziprecruiter.com/svc/fotomat/public-nosensitive-ziprecruiter-logos/company/63edf785.png",""
"Mercy","https://www.ziprecruiter.com/co/Mercy/Jobs?uuid=b8WwW6qJvlKC8f0p411otUk6EWk%3D&radius=25","Oncology Data Specialist - Remote - Fort Smith","","","","$17.50 - $23.25/hr","https://www.ziprecruiter.com/svc/fotomat/public-nosensitive-ziprecruiter-logos/company/6470a63e.png",""
"Brown & Brown, Inc.","https://www.ziprecruiter.com/co/Brown-&-Brown,-Inc./Jobs?uuid=DKlJPn2TQ7MZ1y58LV15Q3DUNH0%3D&radius=25","EDI/Data Senior Specialist","","","","$30 - $32/hr","https://www.ziprecruiter.com/svc/fotomat/public-nosensitive-ziprecruiter-logos/company/e76f0d7a.png",""
"Umusic","https://www.ziprecruiter.com/co/Umusic/Jobs/-in-Nashville,TN?uuid=&radius=25","Streaming Fraud Data Research & Analyst","Nashville, TN","https://www.ziprecruiter.com/jobs-search?location=Nashville%2CTN&search=Data","· On-site +1","$61.91K - $118.25K/yr","",""
"Maxar","https://www.ziprecruiter.com/co/Maxar/Jobs/-in-Houston,TX?uuid=&radius=25","Sr Data Analytics and Automation Analyst","Houston, TX","https://www.ziprecruiter.com/jobs-search?location=Houston%2CTX&search=Data","· On-site +1","$76K - $126K/yr","",""
"VSP Vision","https://www.ziprecruiter.com/co/VSP-Vision/Jobs?uuid=DiklW5fYLBkMYJCaZ%2Bc0P48YGK4%3D&radius=25","Principal Data Analyst - Geospatial Intelligence","","","","$84K - $141.75K/yr","https://www.ziprecruiter.com/svc/fotomat/public-nosensitive-ziprecruiter-logos/company/6a88d2f0.png",""
"ALENOTECH SOLUTIONS LLC","https://www.ziprecruiter.com/co/ALENOTECH-SOLUTIONS-LLC/Jobs?uuid=&radius=25","Data Analyst","San Diego, CA","https://www.ziprecruiter.com/jobs-search?location=San+Diego%2CCA&search=Data","· Remote","","https://www.ziprecruiter.com/svc/fotomat/public-nosensitive-ziprecruiter-logos/company/eb3bc72c.jpeg","Quick apply"
"Mayo Clinic","https://www.ziprecruiter.com/co/Mayo-Clinic/Jobs?uuid=HQj9bummYiSWP7lqW0UcxdNW2ZE%3D&radius=25","Data Science Analyst","","","","$100.34K - $140.46K/yr","https://www.ziprecruiter.com/svc/fotomat/public-nosensitive-ziprecruiter-logos/company/1d92fa89.png",""
"Zillow","https://www.ziprecruiter.com/co/Zillow/Jobs?uuid=OX%2Fe2YNKfnn3gKLH4tLONMAcT%2FY%3D&radius=25","Data Analyst, Employee Service Center","","","","$83.20K - $132.80K/yr","https://www.ziprecruiter.com/svc/fotomat/public-nosensitive-ziprecruiter-logos/company/7b37c41f.png",""
"AbsoluteCare","https://www.ziprecruiter.com/co/AbsoluteCare/Jobs/-in-Baltimore,MD?uuid=9lGg3Oqh%2BfSrRLTzShC6SGii86A%3D&radius=25","Data Analyst - 2803","Baltimore, MD","https://www.ziprecruiter.com/jobs-search?location=Baltimore%2CMD&search=Data","· On-site +1","","https://www.ziprecruiter.com/svc/fotomat/public-nosensitive-ziprecruiter-logos/company/a6fb57db.png",""
"Doximity","https://www.ziprecruiter.com/co/Doximity/Jobs/-in-San-Francisco,CA?uuid=qpkcgZDTP7IMTZ4OUF1vro0V5Eo%3D&radius=25","Data Analyst","San Francisco, CA","https://www.ziprecruiter.com/jobs-search?location=San+Francisco%2CCA&search=Data","· On-site +1","$110K - $150K/yr","https://www.ziprecruiter.com/svc/fotomat/public-nosensitive-ziprecruiter-logos/company/3bd9d77a.png",""
"Datafied","https://www.ziprecruiter.com/co/Datafied/Jobs/-in-Anaheim,CA?uuid=NZQ9EC%2BJ93Hc0dcVDmA%2BljdQddg%3D&radius=25","Junior Data Analyst","Anaheim, CA","https://www.ziprecruiter.com/jobs-search?location=Anaheim%2CCA&search=Data","· On-site +1","","https://www.ziprecruiter.com/svc/fotomat/public-nosensitive-ziprecruiter-logos/company/cd7337f0.png",""
"Alliance","https://www.ziprecruiter.com/co/Alliance/Jobs/-in-Morrisville,NC?uuid=klp1P%2BjiSHlkDwH8UolDn%2B0%2FISY%3D&radius=25","Data Analyst - QM (Full Time, Remote, North Carolina Based)","Morrisville, NC","https://www.ziprecruiter.com/jobs-search?location=Morrisville%2CNC&search=Data","· On-site +1","","https://www.ziprecruiter.com/svc/fotomat/public-nosensitive-ziprecruiter-logos/company/16375805.png",""
"Texas State Government","https://www.ziprecruiter.com/co/Texas-State-Government/Jobs/-in-Austin,TX?uuid=HMfoELvCmcD9L073GtQHlttfzCs%3D&radius=25","OCA - TIDC Data Analyst III","Austin, TX","https://www.ziprecruiter.com/jobs-search?location=Austin%2CTX&search=Data","· On-site +1","","https://www.ziprecruiter.com/svc/fotomat/public-nosensitive-ziprecruiter-logos/company/44cb1fe7.png",""
"Aerzen USA Corporation","https://www.ziprecruiter.com/co/Aerzen-USA-Corporation/Jobs/-in-Coatesville,PA?uuid=cJc6zJniUBrIAA7knnvzivlD2zY%3D&radius=25","Data Analyst","Coatesville, PA","https://www.ziprecruiter.com/jobs-search?location=Coatesville%2CPA&search=Data","· On-site +1","","https://www.ziprecruiter.com/svc/fotomat/public-nosensitive-ziprecruiter-logos/company/a66576c3.png",""
"Alphalion","https://www.ziprecruiter.com/co/Alphalion/Jobs?uuid=&radius=25","Data Engineer 100% Remote","OR","https://www.ziprecruiter.com/jobs-search?location=Oregon&search=Data","· Remote","$50K - $70K/yr","",""
"ABC Legal Services","https://www.ziprecruiter.com/co/ABC-Legal-Services/Jobs?uuid=e%2F1JA6Sbsq5SJEOto6AT4tSa1Fc%3D&radius=25","Data Entry Specialist, Remote","Louisiana, MO","https://www.ziprecruiter.com/jobs-search?location=Louisiana%2CMO&search=Data","· Remote","$15 - $17/hr","https://www.ziprecruiter.com/svc/fotomat/public-nosensitive-ziprecruiter-logos/company/f6fdfbbf.png",""
"Dynanet Corporation","https://www.ziprecruiter.com/co/Dynanet-Corporation/Jobs?uuid=vVfSxeYJP2crKkVbpXvZJn%2BKa5s%3D&radius=25","Data Insights Analyst","MD","https://www.ziprecruiter.com/jobs-search?location=Maryland&search=Data","· Remote","","https://www.ziprecruiter.com/svc/fotomat/public-nosensitive-ziprecruiter-logos/company/3ccc21ea.png",""
"North American Lighting","https://www.ziprecruiter.com/co/North-American-Lighting/Jobs/-in-Paris,IL?uuid=JRu8IXJKAgPogLUmeojSBUP8wEU%3D&radius=25","Data Analyst - Sr","Paris, IL","https://www.ziprecruiter.com/jobs-search?location=Paris%2CIL&search=Data","· On-site +1","$68.20K - $94.40K/yr","https://www.ziprecruiter.com/svc/fotomat/public-nosensitive-ziprecruiter-logos/company/36007358.png",""
"Logic Technology Consulting Group","https://www.ziprecruiter.com/co/Logic-Technology-Consulting-Group/Jobs?uuid=QjhrambFPsaOGb7LbCGWCViySQk%3D&radius=25","Remote Data Entry","Charlotte, NC","https://www.ziprecruiter.com/jobs-search?location=Charlotte%2CNC&search=Data","· Remote","$17.50 - $23.25/hr","https://www.ziprecruiter.com/svc/fotomat/public-nosensitive-ziprecruiter-logos/company/20cfbc51.png","Quick apply"
"Merative","https://www.ziprecruiter.com/co/Merative/Jobs?uuid=seg6DjupefOPZCIkV5Fq3oiELWo%3D&radius=25","Data Analyst - Entry Level","","","","$45.60K - $68.40K/yr","https://www.ziprecruiter.com/svc/fotomat/public-nosensitive-ziprecruiter-logos/company/8e758227.png",""
"Huntington Ingalls Industries","https://www.ziprecruiter.com/co/Huntington-Ingalls-Industries/Jobs/-in-Arlington,VA?uuid=RvQaLxtTDhRYZa4VcP4NxNjTCEA%3D&radius=25","DoW DSCA Data Analyst 2 (Remote) - 27808","Arlington, VA","https://www.ziprecruiter.com/jobs-search?location=Arlington%2CVA&search=Data","· On-site +1","$85K - $135K/yr","https://www.ziprecruiter.com/svc/fotomat/public-nosensitive-ziprecruiter-logos/company/5a69e4bd.png",""
"Knollwood Healthcare","https://www.ziprecruiter.com/co/Knollwood-Healthcare/Jobs?uuid=fEMUwLGSEmqAMoSbvfn0qf2yZ1A%3D&radius=25","Data Entry Clerk/ CSR","Mobile, AL","https://www.ziprecruiter.com/jobs-search?location=Mobile%2CAL&search=Data","· Remote","$17 - $22/hr","","Quick apply"
"Catholic Health","https://www.ziprecruiter.com/co/Catholic-Health/Jobs/-in-Melville,NY?uuid=ZL6zV65sUaLrLLMiT2d52GgSW8o%3D&radius=25","EMPI Data Analyst","Melville, NY","https://www.ziprecruiter.com/jobs-search?location=Melville%2CNY&search=Data","· On-site +1","$60K - $75K/yr","https://www.ziprecruiter.com/svc/fotomat/public-nosensitive-ziprecruiter-logos/company/c806d307.png",""
"NETLI INC","https://www.ziprecruiter.com/co/NETLI-INC/Jobs?uuid=&radius=25","Experienced Virtual Data Entry Clerk","MA","https://www.ziprecruiter.com/jobs-search?location=Massachusetts&search=Data","· Remote","$18.50 - $24.75/hr","",""
"Purecars","https://www.ziprecruiter.com/co/Purecars/Jobs?uuid=l4MeHZ6XsJT2L7FkM4%2BXxZeqSmo%3D&radius=25","Data Strategy Analyst, Enterprise","Atlanta, GA","https://www.ziprecruiter.com/jobs-search?location=Atlanta%2CGA&search=Data","· Remote","$100K - $125K/yr","https://www.ziprecruiter.com/svc/fotomat/public-nosensitive-ziprecruiter-logos/company/9483f157.png",""
"Cambium Learning Group","https://www.ziprecruiter.com/co/Cambium-Learning-Group/Jobs/-in-Dallas,TX?uuid=h%2BDNqnPUn4OoFWRRCoTsTLoektU%3D&radius=25","Data Analyst","Dallas, TX","https://www.ziprecruiter.com/jobs-search?location=Dallas%2CTX&search=Data","· On-site +1","","https://www.ziprecruiter.com/svc/fotomat/public-nosensitive-ziprecruiter-logos/company/bfe6d842.png",""
"Mercy","https://www.ziprecruiter.com/co/Mercy/Jobs/-in-Fort-Smith,AR?uuid=b8WwW6qJvlKC8f0p411otUk6EWk%3D&radius=25","Oncology Data Specialist - Remote - Fort Smith","Fort Smith, AR","https://www.ziprecruiter.com/jobs-search?location=Fort+Smith%2CAR&search=Data","· On-site +1","$14.75 - $19.75/hr","https://www.ziprecruiter.com/svc/fotomat/public-nosensitive-ziprecruiter-logos/company/6470a63e.png",""
"Techywhiz","https://www.ziprecruiter.com/co/Techywhiz/Jobs/-in-New-Orleans,LA?uuid=&radius=25","Data Analyst","New Orleans, LA","https://www.ziprecruiter.com/jobs-search?location=New+Orleans%2CLA&search=Data","· On-site +1","","",""
"KGS Technology Group Inc","https://www.ziprecruiter.com/co/KGS-Technology-Group-Inc/Jobs/-in-Alpharetta,GA?uuid=OMGcIJwRCguoc1DkTZIUTA6zHyg%3D&radius=25","Data Analyst","Alpharetta, GA","https://www.ziprecruiter.com/jobs-search?location=Alpharetta%2CGA&search=Data","· On-site +1","","https://www.ziprecruiter.com/svc/fotomat/public-nosensitive-ziprecruiter-logos/company/021a26a2.png",""
"The Reynolds and Reynolds Company","https://www.ziprecruiter.com/co/The-Reynolds-and-Reynolds-Company/Jobs/-in-Dayton,OH?uuid=8%2FdMR1mX%2BJxatIsLR830qhnLsho%3D&radius=25","Data Analyst","Dayton, OH","https://www.ziprecruiter.com/jobs-search?location=Dayton%2COH&search=Data","· On-site +1","","https://www.ziprecruiter.com/svc/fotomat/public-nosensitive-ziprecruiter-logos/company/4190ab1f.png",""
"Truvani","https://www.ziprecruiter.com/co/Truvani/Jobs?uuid=&radius=25","eCommerce Data Analyst - REMOTE","Miami, FL","https://www.ziprecruiter.com/jobs-search?location=Miami%2CFL&search=Data","· Remote","","",""
"Moore","https://www.ziprecruiter.com/co/Moore/Jobs?uuid=c60lDCJX6zVIlZjHxNWVF1HjRiQ%3D&radius=25","Data Analyst","Lanham, MD","https://www.ziprecruiter.com/jobs-search?location=Lanham%2CMD&search=Data","· Remote","","https://www.ziprecruiter.com/svc/fotomat/public-nosensitive-ziprecruiter-logos/company/147ff408.png",""
"Xbow Careers","https://www.ziprecruiter.com/co/Xbow-Careers/Jobs?uuid=&radius=25","Data Analyst","","","","","",""
"INTEGRATED FEDERAL SOLUTIONS, INC.","https://www.ziprecruiter.com/co/INTEGRATED-FEDERAL-SOLUTIONS,-INC./Jobs/-in-Huntsville,AL?uuid=cd4AjoXHjdPBe7C6PCzprte6ELE%3D&radius=25","Data Analyst (Secret Clearance Required)","Huntsville, AL","https://www.ziprecruiter.com/jobs-search?location=Huntsville%2CAL&search=Data","· On-site +1","","https://www.ziprecruiter.com/svc/fotomat/public-nosensitive-ziprecruiter-logos/company/b277fc0b.png",""
"State of Maryland - Department of Social and Economic Mobility","https://www.ziprecruiter.com/co/State-of-Maryland---Department-of-Social-and-Economic-Mobility/Jobs/-in-Anne-Arundel,MD?uuid=&radius=25","DATA ANALYST","Anne Arundel, MD","https://www.ziprecruiter.com/jobs-search?location=Anne+Arundel%2CMD&search=Data","· On-site +1","","",""
"Spring Health","https://www.ziprecruiter.com/co/Spring-Health/Jobs/-in-San-Francisco,CA?uuid=%2BvWCz2EkVy2C%2FfC4pXQXjUXtcKM%3D&radius=25","Data Analyst II, Customer Reporting","San Francisco, CA","https://www.ziprecruiter.com/jobs-search?location=San+Francisco%2CCA&search=Data","· On-site +1","$125K - $142K/yr","https://www.ziprecruiter.com/svc/fotomat/public-nosensitive-ziprecruiter-logos/company/94906fd6.png",""
"Tiffin University","https://www.ziprecruiter.com/co/Tiffin-University/Jobs?uuid=DXtKRCnTbl3mHt2B%2BcR3Qy2L8y8%3D&radius=25","Data Analyst","Tiffin, OH","https://www.ziprecruiter.com/jobs-search?location=Tiffin%2COH&search=Data","· Remote","","https://www.ziprecruiter.com/svc/fotomat/public-nosensitive-ziprecruiter-logos/company/278a41a6.png",""
"Contexture","https://www.ziprecruiter.com/co/Contexture/Jobs/-in-Phoenix,AZ?uuid=c5v1hf33rso2x4tcCT8LbbDYxXc%3D&radius=25","Senior Data Visualizations Analyst","Phoenix, AZ","https://www.ziprecruiter.com/jobs-search?location=Phoenix%2CAZ&search=Data","· On-site +1","$6.25K - $7.25K/mo","",""
"RTO National","https://www.ziprecruiter.com/co/RTO-National/Jobs?uuid=fDRY55nNZAm1149OG7wAuRvdODw%3D&radius=25","Data Analyst","Greenville, SC","https://www.ziprecruiter.com/jobs-search?location=Greenville%2CSC&search=Data","· Remote","","https://www.ziprecruiter.com/svc/fotomat/public-nosensitive-ziprecruiter-logos/company/130e6348.png",""
"Talkspace Corporate","https://www.ziprecruiter.com/co/Talkspace-Corporate/Jobs/-in-New-York,NY?uuid=NN%2Bvfshl%2Bt7Z37XPdSc63Y%2FfAb4%3D&radius=25","Data Analyst","New York, NY","https://www.ziprecruiter.com/jobs-search?location=New+York%2CNY&search=Data","· On-site +1","$110K - $130K/yr","https://www.ziprecruiter.com/svc/fotomat/public-nosensitive-ziprecruiter-logos/company/027363d8.png",""
"Verve For Advertisers","https://www.ziprecruiter.com/co/Verve-For-Advertisers/Jobs/-in-New-York,NY?uuid=&radius=25","Data Engineer (Remote / Contract)","New York, NY","https://www.ziprecruiter.com/jobs-search?location=New+York%2CNY&search=Data","· On-site +1","$30 - $50/hr","",""
"Hearst","https://www.ziprecruiter.com/co/Hearst/Jobs/-in-Dallas,TX?uuid=36LRqYX52RlN2iTN8lLdbEdwO90%3D&radius=25","Data and Automation Analyst 2","Dallas, TX","https://www.ziprecruiter.com/jobs-search?location=Dallas%2CTX&search=Data","· On-site +1","","https://www.ziprecruiter.com/svc/fotomat/public-nosensitive-ziprecruiter-logos/company/36a25bff.png",""
"Hchb","https://www.ziprecruiter.com/co/Hchb/Jobs/-in-Dallas,TX?uuid=&radius=25","Data and Automation Analyst 2","Dallas, TX","https://www.ziprecruiter.com/jobs-search?location=Dallas%2CTX&search=Data","· On-site +1","","",""
"Millennial Ventures HQ","https://www.ziprecruiter.com/co/Millennial-Ventures-HQ/Jobs?uuid=&radius=25","Data Analyst (Remote)","Philadelphia, PA","https://www.ziprecruiter.com/jobs-search?location=Philadelphia%2CPA&search=Data","· Remote","","",""
"ITTConnect","https://www.ziprecruiter.com/co/ITTConnect/Jobs?uuid=Ib%2F8i8%2BL9WR%2BhY1Te9ych%2B4NWl8%3D&radius=25","Data Analyst (Neo4j)","Atlanta, GA","https://www.ziprecruiter.com/jobs-search?location=Atlanta%2CGA&search=Data","· Remote","","https://www.ziprecruiter.com/svc/fotomat/public-nosensitive-ziprecruiter-logos/company/1f50b2e1.png",""
"Prominence Advisors","https://www.ziprecruiter.com/co/Prominence-Advisors/Jobs?uuid=XfFG9nU7BznTOyx093%2FroqJ3Ldc%3D&radius=25","Data Strategy Analyst","Columbia, SC","https://www.ziprecruiter.com/jobs-search?location=Columbia%2CSC&search=Data","· Remote","","https://www.ziprecruiter.com/svc/fotomat/public-nosensitive-ziprecruiter-logos/company/569a289b.png",""
"MSSI","https://www.ziprecruiter.com/co/MSSI/Jobs/-in-Huntsville,AL?uuid=5babIgXg8hKs4LSKre%2F54rw5sBA%3D&radius=25","Data Analyst (Aviation AH)","Huntsville, AL","https://www.ziprecruiter.com/jobs-search?location=Huntsville%2CAL&search=Data","· On-site +1","","https://www.ziprecruiter.com/svc/fotomat/public-nosensitive-ziprecruiter-logos/company/206e76dc.png",""
"SPS","https://www.ziprecruiter.com/co/SPS/Jobs/-in-Huntsville,AL?uuid=8hWEhrry0vwdOta4YbqfDdy%2BJi4%3D&radius=25","Data Analyst (Aviation AH)","Huntsville, AL","https://www.ziprecruiter.com/jobs-search?location=Huntsville%2CAL&search=Data","· On-site +1","","",""
"CEDENT","https://www.ziprecruiter.com/co/CEDENT/Jobs?uuid=KPtAbg%2FxvIA2R5KfNZbWKqLON%2BA%3D&radius=25","Sr Data Analyst","","","","$40 - $60/hr","https://www.ziprecruiter.com/svc/fotomat/public-nosensitive-ziprecruiter-logos/company/ea4e3a75.png",""
"CRAFTS GROUP LLC","https://www.ziprecruiter.com/co/CRAFTS-GROUP-LLC/Jobs?uuid=kJ3wreAbqrOhJEg8D8%2BmFDxFdSs%3D&radius=25","Data Analyst III","Vancouver, WA","https://www.ziprecruiter.com/jobs-search?location=Vancouver%2CWA&search=Data","· Remote","$90K - $100K/yr","https://www.ziprecruiter.com/svc/fotomat/public-nosensitive-ziprecruiter-logos/company/9c0a084e.png","Quick apply"
"CommonSpirit Health","https://www.ziprecruiter.com/co/CommonSpirit-Health/Jobs?uuid=YTJFxQavXiBi3Az8Lumt6Vqdc%2Fw%3D&radius=25","Provider Network Data Integrity Analyst","Bakersfield, CA","https://www.ziprecruiter.com/jobs-search?location=Bakersfield%2CCA&search=Data","· Remote","","https://www.ziprecruiter.com/svc/fotomat/public-nosensitive-ziprecruiter-logos/company/763d80e3.png",""
"Corewell Health","https://www.ziprecruiter.com/co/Corewell-Health/Jobs/-in-Royal-Oak,MI?uuid=M3Nyrow%2FMV9EURNsmuPC2JwArcQ%3D&radius=25","Oncology Data Analyst","Royal Oak, MI","https://www.ziprecruiter.com/jobs-search?location=Royal+Oak%2CMI&search=Data","· On-site +1","","https://www.ziprecruiter.com/svc/fotomat/public-nosensitive-ziprecruiter-logos/company/5f29a08b.png",""
"MacroSys, LLC","https://www.ziprecruiter.com/co/MacroSys,-LLC/Jobs?uuid=QIPEIfUojC4BepzKUBXUKUKt%2FkM%3D&radius=25","Junior Data Analyst","Washington, DC","https://www.ziprecruiter.com/jobs-search?location=Washington%2CDC&search=Data","· Remote","$50K - $55K/yr","https://www.ziprecruiter.com/svc/fotomat/public-nosensitive-ziprecruiter-logos/company/9fb1a476.jpeg","Quick apply"
"Zantech","https://www.ziprecruiter.com/co/Zantech/Jobs/-in-San-Antonio,TX?uuid=HpKpTBgz0yf%2Bvo58h8OQmip9UDU%3D&radius=25","Data Analyst","San Antonio, TX","https://www.ziprecruiter.com/jobs-search?location=San+Antonio%2CTX&search=Data","· On-site +1","","https://www.ziprecruiter.com/svc/fotomat/public-nosensitive-ziprecruiter-logos/company/c1d5a08f.png",""
"DHARWIN BUSINESS SOLUTIONS LLC","https://www.ziprecruiter.com/co/DHARWIN-BUSINESS-SOLUTIONS-LLC/Jobs?uuid=&radius=25","Data Analyst (STEM OPT - Entry Level)","OR","https://www.ziprecruiter.com/jobs-search?location=Oregon&search=Data","· Remote","","","Quick apply"
"Alabama Credit Union","https://www.ziprecruiter.com/co/Alabama-Credit-Union/Jobs/-in-Tuscaloosa,AL?uuid=dMaSS8MaRvinYKryeX%2FcVSB3Ej0%3D&radius=25","Data Analyst","Tuscaloosa, AL","https://www.ziprecruiter.com/jobs-search?location=Tuscaloosa%2CAL&search=Data","· On-site +1","","https://www.ziprecruiter.com/svc/fotomat/public-nosensitive-ziprecruiter-logos/company/bd4d1536.png",""
"Kansas City University","https://www.ziprecruiter.com/co/Kansas-City-University/Jobs/-in-Kansas-City,KS?uuid=INyr0HeHM54ealqFJNsXcVFGS0c%3D&radius=25","Data Analyst","Kansas City, KS","https://www.ziprecruiter.com/jobs-search?location=Kansas+City%2CKS&search=Data","· On-site +1","","https://www.ziprecruiter.com/svc/fotomat/public-nosensitive-ziprecruiter-logos/company/3c88cc36.png",""
"Ramaker","https://www.ziprecruiter.com/co/Ramaker/Jobs/-in-Madison,WI?uuid=&radius=25","Technology and Data Analyst","Madison, WI","https://www.ziprecruiter.com/jobs-search?location=Madison%2CWI&search=Data","· On-site +1","","",""
"EHOB INC","https://www.ziprecruiter.com/co/EHOB-INC/Jobs/-in-Indianapolis,IN?uuid=UezbNM%2BMAk0pLAaJswfTHapgmpc%3D&radius=25","Operations Data Analyst","Indianapolis, IN","https://www.ziprecruiter.com/jobs-search?location=Indianapolis%2CIN&search=Data","· On-site +1","","https://www.ziprecruiter.com/svc/fotomat/public-nosensitive-ziprecruiter-logos/company/b72e3152.png",""
"The Hertz Corporation","https://www.ziprecruiter.com/co/The-Hertz-Corporation/Jobs/-in-Estero,FL?uuid=EGo9l8GAgpshi1q%2B%2FawSx8%2FlgKs%3D&radius=25","Sr Trust and Safety Data Analyst","Estero, FL","https://www.ziprecruiter.com/jobs-search?location=Estero%2CFL&search=Data","· On-site +1","$75K/yr","https://www.ziprecruiter.com/svc/fotomat/public-nosensitive-ziprecruiter-logos/company/5d80e657.png",""
"Career Site","https://www.ziprecruiter.com/co/Career-Site/Jobs/-in-Washington,DC?uuid=&radius=25","Data Analytics & Engineering Opportunities","Washington, DC","https://www.ziprecruiter.com/jobs-search?location=Washington%2CDC&search=Data","· On-site +1","$65K - $105K/yr","",""
"MSX International","https://www.ziprecruiter.com/co/MSX-International/Jobs?uuid=rdYHJ17et3I8YmyGmvDzMmWl2%2F8%3D&radius=25","Data Analyst","","","","","https://www.ziprecruiter.com/svc/fotomat/public-nosensitive-ziprecruiter-logos/company/0ec132e6.png",""
"HealthEquity","https://www.ziprecruiter.com/co/HealthEquity/Jobs?uuid=I1AQ4TmmxGYPnskK0oLpCdIl3XE%3D&radius=25","Sr Fraud Data Analyst","","","","$72K - $91.50K/yr","https://www.ziprecruiter.com/svc/fotomat/public-nosensitive-ziprecruiter-logos/company/a2f8027f.png",""
"Origami Risk LLC","https://www.ziprecruiter.com/co/Origami-Risk-LLC/Jobs/-in-Chicago,IL?uuid=1ZpE9vhuofZ7ZnuwYvjgmIkykBo%3D&radius=25","(Senior) Corporate Data Analyst","Chicago, IL","https://www.ziprecruiter.com/jobs-search?location=Chicago%2CIL&search=Data","· On-site +1","$67.80K - $101.70K/yr","https://www.ziprecruiter.com/svc/fotomat/public-nosensitive-ziprecruiter-logos/company/61daf387.png",""
"ezCater, Inc","https://www.ziprecruiter.com/co/ezCater,-Inc/Jobs/-in-Boston,MA?uuid=iq4XH5OUf3lW05cRt5Yihrmo%2Buw%3D&radius=25","Data Engineer Intern (Remote)","Boston, MA","https://www.ziprecruiter.com/jobs-search?location=Boston%2CMA&search=Data","· On-site +1","$38 - $45/hr","https://www.ziprecruiter.com/svc/fotomat/public-nosensitive-ziprecruiter-logos/company/46679fdd.png",""
"Catasys Health","https://www.ziprecruiter.com/co/Catasys-Health/Jobs?uuid=&radius=25","REMOTE Data Analyst","Los Angeles, CA","https://www.ziprecruiter.com/jobs-search?location=Los+Angeles%2CCA&search=Data","· Remote","","",""
"Walter Bacon, LLC","https://www.ziprecruiter.com/co/Walter-Bacon,-LLC/Jobs?uuid=&radius=25","Data Analyst (Life Sciences Specialist) (Direct hire $125-210k)","San Diego, CA","https://www.ziprecruiter.com/jobs-search?location=San+Diego%2CCA&search=Data","· Remote","","",""
"AscellaHealth","https://www.ziprecruiter.com/co/AscellaHealth/Jobs/-in-Berwyn,PA?uuid=nhzENKTLJ5FqpHAufggmXmr4gPE%3D&radius=25","Data Pipeline Analyst","Berwyn, PA","https://www.ziprecruiter.com/jobs-search?location=Berwyn%2CPA&search=Data","· On-site +1","","https://www.ziprecruiter.com/svc/fotomat/public-nosensitive-ziprecruiter-logos/company/ba8fdd95.png",""
"ProSidian Consulting","https://www.ziprecruiter.com/co/ProSidian-Consulting/Jobs/-in-Charlotte,NC?uuid=atcz7%2FogbJY2dWvvmhSDrmNaSfs%3D&radius=25","Data and Policy Analyst","Charlotte, NC","https://www.ziprecruiter.com/jobs-search?location=Charlotte%2CNC&search=Data","· On-site +1","","https://www.ziprecruiter.com/svc/fotomat/public-nosensitive-ziprecruiter-logos/company/cbc1429a.png",""
"Surescripts","https://www.ziprecruiter.com/co/Surescripts/Jobs/-in-Beaverton,OR?uuid=uLpU9bRHJQ5WW%2Bk3dU%2BOqCt6mlE%3D&radius=25","Principal Analytics Analyst - Healthcare Data","Beaverton, OR","https://www.ziprecruiter.com/jobs-search?location=Beaverton%2COR&search=Data","· On-site +1","","https://www.ziprecruiter.com/svc/fotomat/public-nosensitive-ziprecruiter-logos/company/0e3c13bd.png",""
"Catasys Health","https://www.ziprecruiter.com/co/Catasys-Health/Jobs/-in-Los-Angeles,CA?uuid=&radius=25","REMOTE Data Analyst","Los Angeles, CA","https://www.ziprecruiter.com/jobs-search?location=Los+Angeles%2CCA&search=Data","· On-site +1","","",""
"SynaptiCure Inc.","https://www.ziprecruiter.com/co/SynaptiCure-Inc./Jobs?uuid=p0e3QLsnY8qfpNK26pK8ZuEasnc%3D&radius=25","Staff Data Analyst","Boston, MA","https://www.ziprecruiter.com/jobs-search?location=Boston%2CMA&search=Data","· Remote","","https://www.ziprecruiter.com/svc/fotomat/public-nosensitive-ziprecruiter-logos/company/570270b7.png",""
"Trinity Health","https://www.ziprecruiter.com/co/Trinity-Health/Jobs/-in-Boise,ID?uuid=h6QY2SscHR1sPnEjO0Hqkup4eJU%3D&radius=25","Certified Oncology Data Specialist Full-Time hybrid or remote","Boise, ID","https://www.ziprecruiter.com/jobs-search?location=Boise%2CID&search=Data","· On-site +1","$16.25 - $21.75/hr","https://www.ziprecruiter.com/svc/fotomat/public-nosensitive-ziprecruiter-logos/company/0ab2958f.png",""
"Accelint","https://www.ziprecruiter.com/co/Accelint/Jobs?uuid=&radius=25","Data Analyst IV","","","","$107K - $140K/yr","",""
"HG Insights","https://www.ziprecruiter.com/co/HG-Insights/Jobs?uuid=IRfOaXRgv3yD9rvsFhdFpUkKPgg%3D&radius=25","Sr. Data Acquisition Specialist","","","","$17.50 - $23.25/hr","https://www.ziprecruiter.com/svc/fotomat/public-nosensitive-ziprecruiter-logos/company/5e6c89d4.png",""
"Groendyke Transport, Inc.","https://www.ziprecruiter.com/co/Groendyke-Transport,-Inc./Jobs/-in-Enid,OK?uuid=Dow5Yyh%2F9tX5zOgTgZOmbzcSFVc%3D&radius=25","Data Platform Analyst","Enid, OK","https://www.ziprecruiter.com/jobs-search?location=Enid%2COK&search=Data","· On-site +1","","https://www.ziprecruiter.com/svc/fotomat/public-nosensitive-ziprecruiter-logos/company/2817e138.png",""
"Greenlight Financial Technology","https://www.ziprecruiter.com/co/Greenlight-Financial-Technology/Jobs?uuid=haJhP02wuhP2X6zGhUo26CYSuz0%3D&radius=25","Data Analyst","Fort Washington, MD","https://www.ziprecruiter.com/jobs-search?location=Fort+Washington%2CMD&search=Data","· Remote","","","Quick apply"
"ObjectiveHealth","https://www.ziprecruiter.com/co/ObjectiveHealth/Jobs/-in-Franklin,TN?uuid=K0JpIhmTAgJOO%2FIuoEEcb6yj3ls%3D&radius=25","Data Analyst (Databricks)","Franklin, TN","https://www.ziprecruiter.com/jobs-search?location=Franklin%2CTN&search=Data","· On-site +1","","",""
"Flux","https://www.ziprecruiter.com/co/Flux/Jobs/-in-Santa-Fe,NM?uuid=TzTKXlW938icn0V1MlG7wHQ0GoE%3D&radius=25","SME - Data Analyst","Santa Fe, NM","https://www.ziprecruiter.com/jobs-search?location=Santa+Fe%2CNM&search=Data","· On-site +1","","https://www.ziprecruiter.com/svc/fotomat/public-nosensitive-ziprecruiter-logos/company/32dbd8a8.png",""
"Anika Systems","https://www.ziprecruiter.com/co/Anika-Systems/Jobs?uuid=U2AEM3whHQ94XPFqId8sR%2BsaFqk%3D&radius=25","Data Analyst","Leesburg, VA","https://www.ziprecruiter.com/jobs-search?location=Leesburg%2CVA&search=Data","· Remote","","https://www.ziprecruiter.com/svc/fotomat/public-nosensitive-ziprecruiter-logos/company/356dccff.png","Quick apply"
"EquipmentShare","https://www.ziprecruiter.com/co/EquipmentShare/Jobs?uuid=Ly1ZNr2j3yFJT9Ot1gLwG9XEIxA%3D&radius=25","Data Analyst III","Columbia, MO","https://www.ziprecruiter.com/jobs-search?location=Columbia%2CMO&search=Data","· Remote","","https://www.ziprecruiter.com/svc/fotomat/public-nosensitive-ziprecruiter-logos/company/92918077.png",""
"ABC Legal Services","https://www.ziprecruiter.com/co/ABC-Legal-Services/Jobs?uuid=e%2F1JA6Sbsq5SJEOto6AT4tSa1Fc%3D&radius=25","Data Entry Specialist, Remote","Alabama, NY","https://www.ziprecruiter.com/jobs-search?location=Alabama%2CNY&search=Data","· Remote","$15/hr","https://www.ziprecruiter.com/svc/fotomat/public-nosensitive-ziprecruiter-logos/company/f6fdfbbf.png",""
"Momentum Life Sciences","https://www.ziprecruiter.com/co/Momentum-Life-Sciences/Jobs?uuid=&radius=25","Data & Analytics Analyst (Remote)","","","","","",""
"Middle Seat","https://www.ziprecruiter.com/co/Middle-Seat/Jobs?uuid=iD1VrnSizZRKPFHBFGPD1TgQGT8%3D&radius=25","Data Analyst","","","","","",""
"UWHealth","https://www.ziprecruiter.com/co/UWHealth/Jobs/-in-Middleton,WI?uuid=&radius=25","Registry Oncology Data Specialist","Middleton, WI","https://www.ziprecruiter.com/jobs-search?location=Middleton%2CWI&search=Data","· On-site +1","$17.50 - $23.25/hr","",""
"MM International","https://www.ziprecruiter.com/co/MM-International/Jobs?uuid=Z1bMk5p0Q%2BNeXR0kDB3y%2BLGushs%3D&radius=25","Data Analyst - Remote","New York, NY","https://www.ziprecruiter.com/jobs-search?location=New+York%2CNY&search=Data","· Remote","","https://www.ziprecruiter.com/svc/fotomat/public-nosensitive-ziprecruiter-logos/company/6113422f.png","Quick apply"
"Airship","https://www.ziprecruiter.com/co/Airship/Jobs?uuid=yo1BnXwzPlYZW67DINfe06cqF%2F8%3D&radius=25","Data Analyst","","","","","https://www.ziprecruiter.com/svc/fotomat/public-nosensitive-ziprecruiter-logos/company/e375b100.png",""
"Avicado","https://www.ziprecruiter.com/co/Avicado/Jobs?uuid=%2F8grzhwyHt2qAz%2FWlJQEPy0foCY%3D&radius=25","Data Solutions Analyst","","","","","https://www.ziprecruiter.com/svc/fotomat/public-nosensitive-ziprecruiter-logos/company/be4c9412.png",""
"Provider Partners Health Plan","https://www.ziprecruiter.com/co/Provider-Partners-Health-Plan/Jobs?uuid=&radius=25","PT Data Entry Specialist","","","","$15/hr","",""
"Oxbridge Health","https://www.ziprecruiter.com/co/Oxbridge-Health/Jobs?uuid=&radius=25","Data Analyst","","","","","",""
"Wiley","https://www.ziprecruiter.com/co/Wiley/Jobs?uuid=eWUtyWNcnvbipZThP7MVa5U79XU%3D&radius=25","Data Analyst","","","","","https://www.ziprecruiter.com/svc/fotomat/public-nosensitive-ziprecruiter-logos/company/15f3d4b1.png",""
"New American Funding","https://www.ziprecruiter.com/co/New-American-Funding/Jobs/-in-Santa-Ana,CA?uuid=TbEpSYnMNwCU2Kn5jP8HpwHoFjI%3D&radius=25","Data Analyst","Santa Ana, CA","https://www.ziprecruiter.com/jobs-search?location=Santa+Ana%2CCA&search=Data","· On-site +1","","https://www.ziprecruiter.com/svc/fotomat/public-nosensitive-ziprecruiter-logos/company/34ba4f1f.png",""
"Chess","https://www.ziprecruiter.com/co/Chess/Jobs?uuid=I9oDy9pNyslS8DyfWTtCcJly4KU%3D&radius=25","Data Analyst, Growth & Monetization - ChessKid","","","","","https://www.ziprecruiter.com/svc/fotomat/public-nosensitive-ziprecruiter-logos/company/8b77521a.png",""
"Lingraphica","https://www.ziprecruiter.com/co/Lingraphica/Jobs/-in-Princeton,NJ?uuid=v90XHljJ2scipTLvA8zx9hw39MM%3D&radius=25","Sr. Data Analyst","Princeton, NJ","https://www.ziprecruiter.com/jobs-search?location=Princeton%2CNJ&search=Data","· On-site +1","$91.60K - $107.20K/yr","https://www.ziprecruiter.com/svc/fotomat/public-nosensitive-ziprecruiter-logos/company/74a1c7ba.png",""
"Winaxis LLC","https://www.ziprecruiter.com/co/Winaxis-LLC/Jobs/-in-Lewes,DE?uuid=hZ%2F8p%2FwjVGEW76DJ5TB3ELcRVfk%3D&radius=25","Data Analyst","Lewes, DE","https://www.ziprecruiter.com/jobs-search?location=Lewes%2CDE&search=Data","· On-site +1","","","Quick apply"
"OpenLoop Health, Inc","https://www.ziprecruiter.com/co/OpenLoop-Health,-Inc/Jobs?uuid=D9cQ5HJZIPFDHSZr1kgrSZ5mce0%3D&radius=25","Staff Data Analyst","","","","","https://www.ziprecruiter.com/svc/fotomat/public-nosensitive-ziprecruiter-logos/company/0d92e4f0.png",""
"Fifth Third","https://www.ziprecruiter.com/co/Fifth-Third/Jobs/-in-Cincinnati,OH?uuid=&radius=25","Consumer Lending Data Analyst","Cincinnati, OH","https://www.ziprecruiter.com/jobs-search?location=Cincinnati%2COH&search=Data","· On-site +1","","",""
"DataCatalyst LLC","https://www.ziprecruiter.com/co/DataCatalyst-LLC/Jobs/-in-Manhattan,NY?uuid=pPI7y1UyW9Txa5aQhbldZe3VAjs%3D&radius=25","MDM Data Mapping Analyst (Sr Consultant Level)","Manhattan, NY","https://www.ziprecruiter.com/jobs-search?location=Manhattan%2CNY&search=Data","· On-site +1","","https://www.ziprecruiter.com/svc/fotomat/public-nosensitive-ziprecruiter-logos/company/f04936cf.png",""
"One, Inc.","https://www.ziprecruiter.com/co/One,-Inc./Jobs?uuid=r9UDgasdXIkQQUfA4iNz0VGrkJ4%3D&radius=25","Data Analyst III","","","","","https://www.ziprecruiter.com/svc/fotomat/public-nosensitive-ziprecruiter-logos/company/664edfe3.png",""
"Defense Holdings, Inc.","https://www.ziprecruiter.com/co/Defense-Holdings,-Inc./Jobs?uuid=&radius=25","Data Entry & Records Management","Madison, WI","https://www.ziprecruiter.com/jobs-search?location=Madison%2CWI&search=Data","· Remote","$17.25 - $23/hr","",""
"IMAGINEEER LLC","https://www.ziprecruiter.com/co/IMAGINEEER-LLC/Jobs/-in-Arlington,VA?uuid=&radius=25","Scientific Data Analyst","Arlington, VA","https://www.ziprecruiter.com/jobs-search?location=Arlington%2CVA&search=Data","· On-site +1","$110K - $115K/yr","","Quick apply"
"Eitacies Inc","https://www.ziprecruiter.com/co/Eitacies-Inc/Jobs?uuid=JF8%2FJzTxqfknP%2FebCKG1aOkUh1A%3D&radius=25","Data Analyst II","Santa Clara, CA","https://www.ziprecruiter.com/jobs-search?location=Santa+Clara%2CCA&search=Data","· Remote","$60/hr","https://www.ziprecruiter.com/svc/fotomat/public-nosensitive-ziprecruiter-logos/company/efc5dad4.png","Quick apply"
"Keystone RV Center","https://www.ziprecruiter.com/co/Keystone-RV-Center/Jobs?uuid=CAV74exOj6jljIHQCFGGNBqjylg%3D&radius=25","Data Input Clerk (Remote)","San Francisco, CA","https://www.ziprecruiter.com/jobs-search?location=San+Francisco%2CCA&search=Data","· Remote","$17.50 - $23.25/hr","","Quick apply"
"Kiewit Corporation","https://www.ziprecruiter.com/co/Kiewit-Corporation/Jobs?uuid=tkpJwfTkBpYnRhpkWSS%2BQIpzgo0%3D&radius=25","Data Engineer-Kiewit Nuclear Solutions","Dallas, TX","https://www.ziprecruiter.com/jobs-search?location=Dallas%2CTX&search=Data","· Remote","$136K - $142K/yr","https://www.ziprecruiter.com/svc/fotomat/public-nosensitive-ziprecruiter-logos/company/b2cc1cf0.png",""
"CRH","https://www.ziprecruiter.com/co/CRH/Jobs/-in-Atlanta,GA?uuid=oiDvIYg2LLKogWWhSXBeXrbn03k%3D&radius=25","Master Data Specialist - Remote","Atlanta, GA","https://www.ziprecruiter.com/jobs-search?location=Atlanta%2CGA&search=Data","· On-site +1","$90K - $105K/yr","https://www.ziprecruiter.com/svc/fotomat/public-nosensitive-ziprecruiter-logos/company/225cc024.png",""
"BizFirst","https://www.ziprecruiter.com/co/BizFirst/Jobs?uuid=&radius=25","Snowflake Data Engineer & Developer","Leesburg, FL","https://www.ziprecruiter.com/jobs-search?location=Leesburg%2CFL&search=Data","· Remote","$70K - $95K/yr","","Quick apply"
"Amat","https://www.ziprecruiter.com/co/Amat/Jobs/-in-Santa-Clara,CA?uuid=&radius=25","Data Analyst (New College Grad/ Early Career)","Santa Clara, CA","https://www.ziprecruiter.com/jobs-search?location=Santa+Clara%2CCA&search=Data","· On-site +1","$119.50K - $164.50K/yr","",""
"Intus, Inc","https://www.ziprecruiter.com/co/Intus,-Inc/Jobs?uuid=W9WYgD3uCWWR5YDDkeoV39kKHWo%3D&radius=25","Sr Data Analyst/Scientist","","","","$120/hr","",""
"Changeis","https://www.ziprecruiter.com/co/Changeis/Jobs?uuid=Ti4UpO3D6JV%2FQPDyL3%2FiMgjTLx4%3D&radius=25","Data Analyst","","","","","https://www.ziprecruiter.com/svc/fotomat/public-nosensitive-ziprecruiter-logos/company/a4e7f6a8.png",""
"DevTech Systems, Inc.","https://www.ziprecruiter.com/co/DevTech-Systems,-Inc./Jobs?uuid=nD%2B%2FiMcrElrkwOAf2Dp9KB5lqYs%3D&radius=25","Data Engineer and Analyst","Washington, DC","https://www.ziprecruiter.com/jobs-search?location=Washington%2CDC&search=Data","· Remote","","https://www.ziprecruiter.com/svc/fotomat/public-nosensitive-ziprecruiter-logos/company/038f4dd8.png","Quick apply"
"Catena Clearing","https://www.ziprecruiter.com/co/Catena-Clearing/Jobs?uuid=&radius=25","Data & Insights Analyst","","","","","",""
"Grid Dynamics Holdings","https://www.ziprecruiter.com/co/Grid-Dynamics-Holdings/Jobs?uuid=NKC8kU7Rh3443zH%2BD2jQavEsB88%3D&radius=25","Staff Data Analyst (Spanish)","","","","","https://www.ziprecruiter.com/svc/fotomat/public-nosensitive-ziprecruiter-logos/company/89a4c7b0.png",""
"OncoHealth","https://www.ziprecruiter.com/co/OncoHealth/Jobs?uuid=5%2BF91Wz%2FUTMw95M2yePq3uNQycM%3D&radius=25","Data Analyst","","","","","https://www.ziprecruiter.com/svc/fotomat/public-nosensitive-ziprecruiter-logos/company/bbc90ad5.png",""
"Microsoft Legal Department","https://www.ziprecruiter.com/co/Microsoft-Legal-Department/Jobs/-in-Charlotte,NC?uuid=&radius=25","Data Analytics","Charlotte, NC","https://www.ziprecruiter.com/jobs-search?location=Charlotte%2CNC&search=Data","· On-site +1","$141K - $171K/yr","",""
"Firstsource","https://www.ziprecruiter.com/co/Firstsource/Jobs?uuid=fQD6CKvrDce5tL7MBtoKSZYdA%2BA%3D&radius=25","Healthcare Data Entry Specialist","","","","$14/hr","",""
"Trading Economics","https://www.ziprecruiter.com/co/Trading-Economics/Jobs?uuid=vURyOEiyqwFqT8qktd6b5qlexho%3D&radius=25","DATA ANALYST","","","","","https://www.ziprecruiter.com/svc/fotomat/public-nosensitive-ziprecruiter-logos/company/2ef3bce2.png",""
"Elder Research","https://www.ziprecruiter.com/co/Elder-Research/Jobs?uuid=FOmpnTaf%2FOJawhNcefBaVsTTE0g%3D&radius=25","Data Analyst (Remote)","","","","","https://www.ziprecruiter.com/svc/fotomat/public-nosensitive-ziprecruiter-logos/company/771e94fa.png",""
"MELE Associates","https://www.ziprecruiter.com/co/MELE-Associates/Jobs/-in-Washington,DC?uuid=WzlmfIlCizMG1yFle4w1LxRQmVc%3D&radius=25","Data Evaluator/Analyst","Washington, DC","https://www.ziprecruiter.com/jobs-search?location=Washington%2CDC&search=Data","· On-site +1","","https://www.ziprecruiter.com/svc/fotomat/public-nosensitive-ziprecruiter-logos/company/346cf8ab.png",""
"Next Step Systems","https://www.ziprecruiter.com/co/Next-Step-Systems/Jobs/-in-Washington,DC?uuid=y5bbU9q9s1WQJfFJpER7VQFwrMY%3D&radius=25","Data Analyst, Python Programming - Work From Home","Washington, DC","https://www.ziprecruiter.com/jobs-search?location=Washington%2CDC&search=Data","· On-site +1","","https://www.ziprecruiter.com/svc/fotomat/public-nosensitive-ziprecruiter-logos/company/d3935be6.png",""
"Thunkable","https://www.ziprecruiter.com/co/Thunkable/Jobs?uuid=qsv6DqkSzBch%2Bvd9V%2BnJph%2FplsA%3D&radius=25","Sr. Data Analyst","San Francisco, CA","https://www.ziprecruiter.com/jobs-search?location=San+Francisco%2CCA&search=Data","· Remote","$90K - $130K/yr","https://www.ziprecruiter.com/svc/fotomat/public-nosensitive-ziprecruiter-logos/company/02c8f06f.png",""
"InTulsa Initiative LLC","https://www.ziprecruiter.com/co/InTulsa-Initiative-LLC/Jobs?uuid=&radius=25","Data Analyst","Tulsa, OK","https://www.ziprecruiter.com/jobs-search?location=Tulsa%2COK&search=Data","· Remote","","",""
"Bonterra","https://www.ziprecruiter.com/co/Bonterra/Jobs?uuid=Ajv1aOfljgk02uY80HwWxl2Tq%2FE%3D&radius=25","Senior Commercial Data Analyst","","","","$95K - $120K/yr","",""
"Consertus, Inc.","https://www.ziprecruiter.com/co/Consertus,-Inc./Jobs/-in-San-Juan,PR?uuid=&radius=25","Jr. Data Analyst - On-Site (Puerto Rico)","San Juan, PR","https://www.ziprecruiter.com/jobs-search?location=San+Juan%2CPR&search=Data","· On-site +1","","",""
"TELUS International","https://www.ziprecruiter.com/co/TELUS-International/Jobs?uuid=cbGmEWQn8%2BvJhZSGAbOXGVZsbu0%3D&radius=25","Online Data Analyst - United States of America","","","","","",""
"Erie Insurance","https://www.ziprecruiter.com/co/Erie-Insurance/Jobs/-in-Erie,PA?uuid=zhv8Mz8v2kh7Bv%2F0en0a0suBDJ4%3D&radius=25","IT Senior Data Management Analyst","Erie, PA","https://www.ziprecruiter.com/jobs-search?location=Erie%2CPA&search=Data","· On-site +1","$86.95K - $138.90K/yr","https://www.ziprecruiter.com/svc/fotomat/public-nosensitive-ziprecruiter-logos/company/522c0d62.png",""
"AHU Technologies, Inc.","https://www.ziprecruiter.com/co/AHU-Technologies,-Inc./Jobs?uuid=&radius=25","Data Analyst/ Curam","","","","$73 - $81/hr","",""
"Highmark Health","https://www.ziprecruiter.com/co/Highmark-Health/Jobs?uuid=H5s59MTfLLpvTl4n9Jq86bjO9Ys%3D&radius=25","Data Solutions Analyst","New York, NY","https://www.ziprecruiter.com/jobs-search?location=New+York%2CNY&search=Data","· Remote","","https://www.ziprecruiter.com/svc/fotomat/public-nosensitive-ziprecruiter-logos/company/cf1906b9.png",""
"WCC","https://www.ziprecruiter.com/co/WCC/Jobs?uuid=XHtR8EE4pARZvzyLV3%2F220RoDh4%3D&radius=25","Healthcare Statistics Data/SAS Analyst II","Oklahoma City, OK","https://www.ziprecruiter.com/jobs-search?location=Oklahoma+City%2COK&search=Data","· Remote","","","Quick apply"
"Inizio Engage","https://www.ziprecruiter.com/co/Inizio-Engage/Jobs?uuid=&radius=25","Data Analyst","","","","","",""
"Customs and Border Protection","https://www.ziprecruiter.com/co/Customs-and-Border-Protection/Jobs/-in-Washington,DC?uuid=JUqK%2BARiZwD2yayG7dmdpGq2a7s%3D&radius=25","Program Analyst ( Data Analyst)","Washington, DC","https://www.ziprecruiter.com/jobs-search?location=Washington%2CDC&search=Data","· On-site +1","$102.42K - $158.32K/yr","https://www.ziprecruiter.com/svc/fotomat/public-nosensitive-ziprecruiter-logos/company/47da8b54.png",""
"RVO Health","https://www.ziprecruiter.com/co/RVO-Health/Jobs/-in-Minneapolis,MN?uuid=&radius=25","Senior Data Analyst","Minneapolis, MN","https://www.ziprecruiter.com/jobs-search?location=Minneapolis%2CMN&search=Data","· On-site +1","$97K - $120K/yr","",""
"Chainlink Labs","https://www.ziprecruiter.com/co/Chainlink-Labs/Jobs?uuid=7auxw1Gi5k1besyKRnG3jg32Tzo%3D&radius=25","Data Risk Operations Analyst","","","","","https://www.ziprecruiter.com/svc/fotomat/public-nosensitive-ziprecruiter-logos/company/7fdb34b4.png",""
"Truveta","https://www.ziprecruiter.com/co/Truveta/Jobs/-in-Seattle,WA?uuid=t%2B95kbvFMgeCnwM21Dq7tsbTcw4%3D&radius=25","Real World Data Analyst","Seattle, WA","https://www.ziprecruiter.com/jobs-search?location=Seattle%2CWA&search=Data","· On-site +1","","https://www.ziprecruiter.com/svc/fotomat/public-nosensitive-ziprecruiter-logos/company/abdcef7b.png",""
"psudo","https://www.ziprecruiter.com/co/psudo/Jobs?uuid=LFPsGx6KC8pgYwDDJ%2Blyyv2PjIY%3D&radius=25","Data Analyst / Data Scientist","","","","","https://www.ziprecruiter.com/svc/fotomat/public-nosensitive-ziprecruiter-logos/company/39561544.png",""
"AssistRx","https://www.ziprecruiter.com/co/AssistRx/Jobs?uuid=%2FPlEQG9sVmfajT05Ro8L7I6LEWQ%3D&radius=25","Data Reporting Analyst (HealthTech)","Orlando, FL","https://www.ziprecruiter.com/jobs-search?location=Orlando%2CFL&search=Data","· Remote","","https://www.ziprecruiter.com/svc/fotomat/public-nosensitive-ziprecruiter-logos/company/73c8375a.png","Quick apply"
"PEOPLE TECHNOLOGY AND PROCESSES LLC","https://www.ziprecruiter.com/co/PEOPLE-TECHNOLOGY-AND-PROCESSES-LLC/Jobs?uuid=dCq%2B7NxrHiwgGzsAfrGZEu9mgG8%3D&radius=25","Data Analyst","Arlington, VA","https://www.ziprecruiter.com/jobs-search?location=Arlington%2CVA&search=Data","· Remote","","https://www.ziprecruiter.com/svc/fotomat/public-nosensitive-ziprecruiter-logos/company/e2015b6e.png",""
"Acumenian","https://www.ziprecruiter.com/co/Acumenian/Jobs/-in-San-Juan,PR?uuid=UcGnR9TNOGHFc4IAlIxAxQmZmwc%3D&radius=25","Jr. Data Analyst - On-Site (Puerto Rico)","San Juan, PR","https://www.ziprecruiter.com/jobs-search?location=San+Juan%2CPR&search=Data","· On-site +1","","",""
"Analytic Services Inc","https://www.ziprecruiter.com/co/Analytic-Services-Inc/Jobs/-in-Arlington,VA?uuid=&radius=25","Data Scientists and Data Analysts - Future Consideration","Arlington, VA","https://www.ziprecruiter.com/jobs-search?location=Arlington%2CVA&search=Data","· On-site +1","","",""
"Confie","https://www.ziprecruiter.com/co/Confie/Jobs/-in-Addison,TX?uuid=OzS9LparpPhLKMaWJV46ug%2FvL%2Fg%3D&radius=25","Data Transformation Engineer","Addison, TX","https://www.ziprecruiter.com/jobs-search?location=Addison%2CTX&search=Data","· On-site +1","$110K - $120K/yr","https://www.ziprecruiter.com/svc/fotomat/public-nosensitive-ziprecruiter-logos/company/871e100e.png",""